machine_key,machine_id,failure_risk_prediction,failure_probability,risk_level
2,1,0,0.0,Low
2,1,0,0.0,Low
2,1,0,0.005,Low
2,1,0,0.005,Low
2,1,0,0.0,Low
2,1,0,0.01,Low
2,1,0,0.01,Low
2,1,0,0.0,Low
2,1,0,0.0,Low
2,1,0,0.03,Low
2,1,0,0.0,Low
2,1,0,0.0,Low
2,1,0,0.015,Low
2,1,0,0.005,Low
2,1,0,0.0,Low
2,1,0,0.0,Low
2,1,0,0.0,Low
2,1,0,0.05,Low
2,1,0,0.0,Low
2,1,1,0.695,Medium
2,1,1,0.94,High
2,1,1,0.91,High
2,1,1,0.885,High
2,1,1,1.0,High
2,1,1,0.995,High
2,1,1,1.0,High
2,1,1,0.99,High
2,1,1,0.855,High
2,1,1,0.9,High
2,1,1,0.97,High
2,1,1,1.0,High
2,1,0,0.01,Low
2,1,0,0.0,Low
2,1,0,0.0,Low
2,1,0,0.0,Low
2,1,0,0.03,Low
2,1,0,0.0,Low
2,1,0,0.005,Low
2,1,0,0.0,Low
2,1,0,0.18,Low
2,1,0,0.005,Low
2,1,0,0.0,Low
2,1,0,0.01,Low
2,1,0,0.34,Low
2,1,0,0.0,Low
2,1,0,0.04,Low
2,1,1,0.505,Medium
2,1,0,0.23,Low
2,1,1,0.745,High
2,1,1,0.9,High
2,1,1,0.88,High
2,1,1,0.96,High
2,1,1,0.93,High
2,1,1,0.92,High
2,1,1,1.0,High
2,1,1,0.975,High
2,1,1,0.985,High
2,1,1,0.895,High
2,1,1,1.0,High
2,1,1,0.985,High
2,1,0,0.0,Low
2,1,0,0.245,Low
2,1,0,0.0,Low
2,1,0,0.195,Low
2,1,0,0.0,Low
2,1,0,0.0,Low
2,1,0,0.015,Low
2,1,0,0.04,Low
2,1,0,0.0,Low
2,1,0,0.0,Low
2,1,0,0.015,Low
2,1,0,0.0,Low
2,1,0,0.03,Low
2,1,0,0.005,Low
2,1,0,0.02,Low
2,1,1,0.86,High
2,1,1,0.975,High
2,1,1,0.93,High
2,1,1,1.0,High
2,1,1,0.995,High
2,1,1,1.0,High
2,1,1,0.99,High
2,1,0,0.025,Low
2,1,0,0.04,Low
2,1,0,0.0,Low
2,1,1,0.925,High
2,1,1,0.835,High
2,1,1,0.945,High
2,1,1,0.985,High
2,1,1,1.0,High
2,1,1,1.0,High
2,1,1,1.0,High
2,1,1,1.0,High
2,1,1,1.0,High
2,1,1,0.97,High
2,1,1,0.98,High
2,1,1,0.955,High
2,1,1,0.99,High
2,1,1,1.0,High
2,1,1,1.0,High
2,1,1,1.0,High
2,1,1,0.955,High
2,1,1,0.97,High
2,1,1,0.95,High
2,1,1,0.925,High
2,1,1,0.785,High
2,1,1,0.99,High
2,1,1,1.0,High
2,1,1,1.0,High
2,1,0,0.0,Low
2,1,0,0.01,Low
2,1,0,0.0,Low
2,1,0,0.0,Low
2,1,0,0.02,Low
2,1,1,0.73,High
2,1,1,0.88,High
2,1,1,0.89,High
2,1,1,0.9,High
2,1,1,1.0,High
2,1,1,0.715,High
2,1,1,1.0,High
2,1,0,0.005,Low
2,1,0,0.01,Low
2,1,0,0.02,Low
2,1,0,0.125,Low
2,1,0,0.405,Medium
2,1,0,0.37,Low
2,1,0,0.015,Low
2,1,0,0.0,Low
2,1,0,0.0,Low
2,1,0,0.0,Low
2,1,0,0.0,Low
2,1,0,0.015,Low
2,1,0,0.015,Low
2,1,1,0.71,High
2,1,1,0.965,High
2,1,1,0.785,High
2,1,1,0.995,High
2,1,1,0.985,High
2,1,1,1.0,High
2,1,1,0.995,High
2,1,1,0.985,High
2,1,1,0.83,High
2,1,1,1.0,High
2,1,0,0.18,Low
2,1,0,0.42,Medium
2,1,1,0.945,High
2,1,1,1.0,High
2,1,1,0.86,High
2,1,1,0.995,High
2,1,1,0.805,High
2,1,1,1.0,High
2,1,0,0.0,Low
2,1,0,0.0,Low
2,1,0,0.01,Low
2,1,0,0.28,Low
2,1,0,0.0,Low
2,1,0,0.22,Low
2,1,0,0.0,Low
2,1,0,0.36,Low
2,1,0,0.005,Low
2,1,0,0.0,Low
2,1,0,0.34,Low
2,1,0,0.0,Low
2,1,0,0.0,Low
2,1,0,0.005,Low
2,1,0,0.23,Low
2,1,0,0.0,Low
2,1,0,0.0,Low
2,1,0,0.005,Low
2,1,0,0.265,Low
2,1,1,0.925,High
2,1,1,0.965,High
2,1,1,0.94,High
2,1,1,0.785,High
2,1,1,0.935,High
2,1,1,1.0,High
2,1,1,1.0,High
2,1,0,0.0,Low
2,1,0,0.0,Low
2,1,0,0.15,Low
2,1,0,0.0,Low
2,1,0,0.035,Low
2,1,0,0.2,Low
2,1,0,0.02,Low
2,1,0,0.0,Low
2,1,0,0.195,Low
2,1,0,0.155,Low
2,1,1,0.73,High
2,1,1,0.805,High
2,1,1,0.89,High
2,1,1,0.975,High
2,1,1,1.0,High
2,1,1,1.0,High
2,1,1,1.0,High
2,1,0,0.02,Low
2,1,0,0.0,Low
2,1,0,0.01,Low
2,1,0,0.26,Low
2,1,0,0.0,Low
2,1,0,0.0,Low
2,1,0,0.0,Low
2,1,0,0.0,Low
2,1,0,0.0,Low
2,1,0,0.345,Low
2,1,1,0.79,High
2,1,1,0.92,High
2,1,1,0.92,High
2,1,1,1.0,High
2,1,1,0.86,High
2,1,1,1.0,High
2,1,1,0.965,High
2,1,0,0.025,Low
2,1,0,0.0,Low
2,1,0,0.425,Medium
2,1,0,0.005,Low
2,1,0,0.085,Low
2,1,0,0.0,Low
2,1,0,0.005,Low
2,1,0,0.0,Low
2,1,0,0.38,Low
2,1,0,0.005,Low
2,1,0,0.0,Low
2,1,0,0.12,Low
2,1,0,0.01,Low
2,1,0,0.0,Low
2,1,0,0.0,Low
2,1,0,0.01,Low
2,1,0,0.005,Low
2,1,0,0.0,Low
2,1,0,0.01,Low
2,1,0,0.25,Low
2,1,0,0.01,Low
2,1,0,0.13,Low
2,1,0,0.12,Low
2,1,0,0.0,Low
2,1,0,0.005,Low
2,1,0,0.305,Low
2,1,0,0.0,Low
2,1,0,0.0,Low
2,1,0,0.185,Low
2,1,0,0.0,Low
2,1,0,0.0,Low
2,1,0,0.44,Medium
2,1,0,0.0,Low
2,1,0,0.0,Low
2,1,0,0.0,Low
2,1,1,0.965,High
2,1,1,0.99,High
2,1,1,0.925,High
2,1,1,0.94,High
2,1,1,1.0,High
2,1,1,1.0,High
2,1,1,0.96,High
2,1,1,0.98,High
2,1,1,1.0,High
2,1,1,0.755,High
2,1,1,0.975,High
2,1,1,0.96,High
2,1,0,0.37,Low
2,1,1,0.965,High
2,1,1,1.0,High
2,1,0,0.025,Low
2,1,0,0.0,Low
2,1,0,0.0,Low
2,1,0,0.0,Low
2,1,0,0.18,Low
2,1,0,0.005,Low
2,1,0,0.03,Low
2,1,1,0.555,Medium
2,1,0,0.0,Low
2,1,0,0.005,Low
2,1,0,0.085,Low
2,1,0,0.2,Low
2,1,0,0.005,Low
2,1,0,0.005,Low
2,1,0,0.0,Low
2,1,0,0.0,Low
2,1,0,0.0,Low
2,1,0,0.23,Low
2,1,0,0.305,Low
2,1,0,0.005,Low
2,1,0,0.0,Low
2,1,0,0.025,Low
2,1,0,0.01,Low
2,1,0,0.02,Low
2,1,0,0.015,Low
2,1,0,0.0,Low
2,1,0,0.005,Low
2,1,0,0.0,Low
2,1,0,0.0,Low
2,1,0,0.12,Low
2,1,0,0.005,Low
2,1,0,0.0,Low
2,1,0,0.0,Low
2,1,0,0.02,Low
2,1,0,0.09,Low
2,1,0,0.005,Low
2,1,0,0.005,Low
2,1,0,0.025,Low
2,1,0,0.0,Low
2,1,0,0.005,Low
2,1,0,0.005,Low
2,1,0,0.0,Low
2,1,0,0.0,Low
2,1,1,0.59,Medium
2,1,0,0.0,Low
2,1,0,0.0,Low
2,1,0,0.0,Low
2,1,0,0.0,Low
2,1,0,0.0,Low
2,1,0,0.15,Low
2,1,0,0.005,Low
2,1,0,0.0,Low
2,1,1,0.665,Medium
2,1,1,0.97,High
2,1,1,0.975,High
2,1,1,0.965,High
2,1,1,1.0,High
2,1,1,0.955,High
2,1,1,1.0,High
2,1,0,0.0,Low
2,1,0,0.395,Low
2,1,0,0.345,Low
2,1,0,0.0,Low
2,1,0,0.005,Low
2,1,0,0.0,Low
2,1,0,0.28,Low
2,1,1,0.68,Medium
2,1,0,0.005,Low
2,1,0,0.0,Low
2,1,0,0.0,Low
2,1,0,0.02,Low
2,1,1,0.755,High
2,1,1,0.995,High
2,1,1,0.74,High
2,1,1,0.94,High
2,1,1,0.975,High
2,1,1,0.995,High
2,1,1,1.0,High
2,1,0,0.295,Low
2,1,0,0.13,Low
2,1,0,0.055,Low
2,1,0,0.0,Low
2,1,1,0.75,High
2,1,1,0.905,High
2,1,1,1.0,High
2,1,1,1.0,High
2,1,1,0.975,High
2,1,1,0.985,High
2,1,1,0.94,High
2,1,0,0.005,Low
2,1,1,0.695,Medium
2,1,1,1.0,High
2,1,1,0.965,High
2,1,1,0.895,High
2,1,1,0.835,High
2,1,1,1.0,High
2,1,1,1.0,High
2,1,1,0.96,High
2,1,0,0.015,Low
2,1,0,0.0,Low
2,1,0,0.0,Low
2,1,0,0.0,Low
2,1,0,0.0,Low
1,2,1,0.955,High
1,2,1,0.89,High
1,2,1,0.995,High
1,2,1,0.995,High
1,2,1,1.0,High
1,2,1,1.0,High
1,2,1,1.0,High
1,2,1,0.97,High
1,2,0,0.0,Low
1,2,0,0.375,Low
1,2,0,0.01,Low
1,2,0,0.085,Low
1,2,0,0.0,Low
1,2,0,0.405,Medium
1,2,0,0.0,Low
1,2,0,0.0,Low
1,2,0,0.325,Low
1,2,0,0.0,Low
1,2,0,0.425,Medium
1,2,1,0.76,High
1,2,0,0.495,Medium
1,2,1,0.815,High
1,2,1,0.995,High
1,2,1,1.0,High
1,2,1,0.995,High
1,2,1,0.99,High
1,2,0,0.01,Low
1,2,0,0.0,Low
1,2,1,0.925,High
1,2,1,0.98,High
1,2,1,0.88,High
1,2,1,0.975,High
1,2,1,0.965,High
1,2,1,1.0,High
1,2,1,1.0,High
1,2,0,0.015,Low
1,2,0,0.0,Low
1,2,0,0.0,Low
1,2,0,0.0,Low
1,2,0,0.02,Low
1,2,0,0.0,Low
1,2,0,0.01,Low
1,2,0,0.0,Low
1,2,0,0.04,Low
1,2,0,0.18,Low
1,2,0,0.0,Low
1,2,0,0.0,Low
1,2,0,0.005,Low
1,2,0,0.0,Low
1,2,0,0.255,Low
1,2,0,0.0,Low
1,2,0,0.08,Low
1,2,1,0.97,High
1,2,1,0.555,Medium
1,2,1,0.965,High
1,2,1,1.0,High
1,2,1,0.86,High
1,2,1,0.98,High
1,2,1,1.0,High
1,2,0,0.015,Low
1,2,0,0.09,Low
1,2,0,0.015,Low
1,2,0,0.02,Low
1,2,0,0.01,Low
1,2,0,0.0,Low
1,2,0,0.0,Low
1,2,0,0.195,Low
1,2,0,0.0,Low
1,2,0,0.03,Low
1,2,0,0.0,Low
1,2,0,0.03,Low
1,2,0,0.0,Low
1,2,1,0.795,High
1,2,1,0.92,High
1,2,1,0.995,High
1,2,1,0.98,High
1,2,1,1.0,High
1,2,1,0.965,High
1,2,1,1.0,High
1,2,0,0.0,Low
1,2,0,0.005,Low
1,2,0,0.01,Low
1,2,1,0.885,High
1,2,0,0.0,Low
1,2,0,0.36,Low
1,2,0,0.0,Low
1,2,0,0.125,Low
1,2,0,0.0,Low
1,2,0,0.0,Low
1,2,0,0.0,Low
1,2,0,0.005,Low
1,2,0,0.02,Low
1,2,0,0.0,Low
1,2,0,0.02,Low
1,2,0,0.02,Low
1,2,1,0.9,High
1,2,1,0.745,High
1,2,1,0.915,High
1,2,1,0.95,High
1,2,1,0.975,High
1,2,1,1.0,High
1,2,1,0.995,High
1,2,0,0.0,Low
1,2,0,0.0,Low
1,2,0,0.015,Low
1,2,0,0.005,Low
1,2,0,0.21,Low
1,2,0,0.0,Low
1,2,0,0.02,Low
1,2,0,0.01,Low
1,2,0,0.335,Low
1,2,0,0.01,Low
1,2,0,0.16,Low
1,2,0,0.01,Low
1,2,1,0.67,Medium
1,2,0,0.015,Low
1,2,0,0.3,Low
1,2,0,0.005,Low
1,2,0,0.0,Low
1,2,0,0.405,Medium
1,2,0,0.0,Low
1,2,0,0.0,Low
1,2,0,0.0,Low
1,2,0,0.1,Low
1,2,1,0.91,High
1,2,1,0.98,High
1,2,1,0.895,High
1,2,1,0.98,High
1,2,1,1.0,High
1,2,1,1.0,High
1,2,1,1.0,High
1,2,0,0.0,Low
1,2,0,0.01,Low
1,2,0,0.01,Low
1,2,0,0.015,Low
1,2,0,0.0,Low
1,2,0,0.12,Low
1,2,0,0.005,Low
1,2,0,0.0,Low
1,2,0,0.0,Low
1,2,0,0.01,Low
1,2,0,0.0,Low
1,2,1,0.76,High
1,2,1,0.74,High
1,2,1,0.725,High
1,2,1,0.945,High
1,2,1,0.995,High
1,2,1,0.98,High
1,2,1,1.0,High
1,2,1,1.0,High
1,2,1,1.0,High
1,2,0,0.0,Low
1,2,0,0.165,Low
1,2,0,0.055,Low
1,2,0,0.0,Low
1,2,0,0.025,Low
1,2,0,0.255,Low
1,2,0,0.255,Low
1,2,0,0.085,Low
1,2,0,0.39,Low
1,2,0,0.08,Low
1,2,0,0.105,Low
1,2,0,0.245,Low
1,2,0,0.01,Low
1,2,0,0.105,Low
1,2,0,0.0,Low
1,2,0,0.0,Low
1,2,1,0.94,High
1,2,0,0.0,Low
1,2,0,0.255,Low
1,2,0,0.0,Low
1,2,0,0.095,Low
1,2,1,0.67,Medium
1,2,0,0.005,Low
1,2,0,0.0,Low
1,2,0,0.125,Low
1,2,0,0.005,Low
1,2,1,0.945,High
1,2,1,0.945,High
1,2,1,0.67,Medium
1,2,1,0.755,High
1,2,1,0.98,High
1,2,1,0.96,High
1,2,1,0.925,High
1,2,0,0.05,Low
1,2,1,0.735,High
1,2,1,0.955,High
1,2,1,0.87,High
1,2,1,0.915,High
1,2,1,1.0,High
1,2,1,0.635,Medium
1,2,1,1.0,High
1,2,1,0.995,High
1,2,1,1.0,High
1,2,0,0.0,Low
1,2,0,0.01,Low
1,2,0,0.14,Low
1,2,0,0.215,Low
1,2,0,0.25,Low
1,2,0,0.0,Low
1,2,0,0.0,Low
1,2,1,0.59,Medium
1,2,1,0.905,High
1,2,1,0.72,High
1,2,1,0.78,High
1,2,1,0.835,High
1,2,1,0.97,High
1,2,1,1.0,High
1,2,1,0.995,High
1,2,1,1.0,High
1,2,0,0.0,Low
1,2,0,0.0,Low
1,2,0,0.005,Low
1,2,0,0.0,Low
1,2,0,0.005,Low
1,2,0,0.38,Low
1,2,1,0.72,High
1,2,1,0.965,High
1,2,1,0.985,High
1,2,1,0.9,High
1,2,1,0.99,High
1,2,1,0.97,High
1,2,1,1.0,High
1,2,0,0.005,Low
1,2,0,0.0,Low
1,2,1,0.855,High
1,2,1,0.96,High
1,2,1,0.9,High
1,2,1,0.915,High
1,2,1,0.93,High
1,2,1,0.95,High
1,2,1,1.0,High
1,2,1,0.995,High
1,2,1,1.0,High
1,2,1,1.0,High
1,2,1,1.0,High
1,2,0,0.005,Low
1,2,0,0.03,Low
1,2,0,0.0,Low
1,2,0,0.0,Low
1,2,0,0.0,Low
1,2,0,0.0,Low
1,2,0,0.0,Low
1,2,0,0.0,Low
1,2,0,0.19,Low
1,2,0,0.0,Low
1,2,0,0.0,Low
1,2,0,0.0,Low
1,2,0,0.015,Low
1,2,1,0.885,High
1,2,0,0.005,Low
1,2,0,0.0,Low
1,2,0,0.25,Low
1,2,0,0.03,Low
1,2,0,0.0,Low
1,2,0,0.245,Low
1,2,0,0.025,Low
1,2,1,0.965,High
1,2,1,0.98,High
1,2,1,0.89,High
1,2,1,1.0,High
1,2,1,1.0,High
1,2,1,1.0,High
1,2,1,1.0,High
1,2,0,0.0,Low
1,2,0,0.025,Low
1,2,0,0.005,Low
1,2,0,0.005,Low
1,2,0,0.005,Low
1,2,0,0.01,Low
1,2,0,0.005,Low
1,2,0,0.055,Low
1,2,0,0.0,Low
1,2,0,0.055,Low
1,2,0,0.0,Low
1,2,0,0.0,Low
1,2,0,0.015,Low
1,2,0,0.16,Low
1,2,0,0.0,Low
1,2,1,0.84,High
1,2,0,0.0,Low
1,2,0,0.0,Low
1,2,0,0.0,Low
1,2,0,0.075,Low
1,2,1,0.96,High
1,2,1,0.945,High
1,2,1,0.96,High
1,2,1,0.975,High
1,2,1,1.0,High
1,2,1,1.0,High
1,2,1,0.995,High
1,2,0,0.005,Low
1,2,0,0.005,Low
1,2,0,0.015,Low
1,2,1,0.84,High
1,2,1,0.85,High
1,2,1,0.82,High
1,2,1,0.945,High
1,2,1,0.865,High
1,2,1,0.995,High
1,2,1,0.92,High
1,2,1,0.93,High
1,2,1,1.0,High
1,2,1,0.945,High
1,2,0,0.0,Low
1,2,0,0.0,Low
1,2,0,0.005,Low
1,2,1,0.825,High
1,2,0,0.0,Low
1,2,0,0.0,Low
1,2,0,0.38,Low
1,2,0,0.015,Low
1,2,0,0.02,Low
1,2,0,0.005,Low
1,2,1,0.785,High
1,2,0,0.42,Medium
1,2,1,0.625,Medium
1,2,1,0.905,High
1,2,1,0.91,High
1,2,1,0.99,High
1,2,1,0.98,High
1,2,1,0.92,High
1,2,1,0.9,High
1,2,1,0.75,High
1,2,1,1.0,High
1,2,1,0.92,High
1,2,1,0.985,High
1,2,1,0.99,High
1,2,0,0.355,Low
1,2,1,0.975,High
1,2,1,0.985,High
1,2,1,0.965,High
1,2,1,0.84,High
1,2,1,0.955,High
1,2,1,0.995,High
1,2,1,0.945,High
1,2,0,0.0,Low
1,2,0,0.005,Low
1,2,0,0.0,Low
1,2,0,0.0,Low
1,2,0,0.0,Low
1,2,0,0.0,Low
1,2,0,0.005,Low
1,2,0,0.03,Low
1,2,1,0.94,High
1,2,1,0.79,High
1,2,1,0.945,High
1,2,1,0.795,High
1,2,1,0.995,High
1,2,1,1.0,High
1,2,1,1.0,High
1,2,1,0.955,High
1,2,1,0.995,High
1,2,1,1.0,High
1,2,0,0.16,Low
1,2,0,0.0,Low
1,2,0,0.275,Low
1,2,0,0.345,Low
1,2,0,0.015,Low
1,2,0,0.0,Low
1,2,0,0.05,Low
1,2,0,0.225,Low
1,2,0,0.0,Low
1,2,0,0.02,Low
1,2,0,0.015,Low
4,3,0,0.0,Low
4,3,0,0.01,Low
4,3,0,0.05,Low
4,3,0,0.0,Low
4,3,0,0.025,Low
4,3,1,0.965,High
4,3,1,0.93,High
4,3,1,0.99,High
4,3,1,0.87,High
4,3,1,0.87,High
4,3,1,0.99,High
4,3,1,1.0,High
4,3,0,0.295,Low
4,3,0,0.0,Low
4,3,0,0.005,Low
4,3,0,0.0,Low
4,3,0,0.045,Low
4,3,0,0.07,Low
4,3,0,0.0,Low
4,3,0,0.19,Low
4,3,0,0.0,Low
4,3,0,0.275,Low
4,3,0,0.005,Low
4,3,0,0.0,Low
4,3,0,0.005,Low
4,3,0,0.015,Low
4,3,0,0.0,Low
4,3,0,0.0,Low
4,3,1,0.865,High
4,3,1,0.83,High
4,3,1,0.965,High
4,3,1,0.835,High
4,3,1,1.0,High
4,3,1,0.81,High
4,3,1,1.0,High
4,3,0,0.005,Low
4,3,0,0.005,Low
4,3,0,0.175,Low
4,3,0,0.32,Low
4,3,1,0.965,High
4,3,1,0.985,High
4,3,1,0.965,High
4,3,1,0.935,High
4,3,1,1.0,High
4,3,1,0.915,High
4,3,1,1.0,High
4,3,0,0.01,Low
4,3,0,0.005,Low
4,3,1,0.89,High
4,3,1,0.855,High
4,3,1,0.81,High
4,3,1,0.935,High
4,3,1,1.0,High
4,3,1,1.0,High
4,3,1,1.0,High
4,3,0,0.0,Low
4,3,0,0.0,Low
4,3,0,0.0,Low
4,3,0,0.0,Low
4,3,0,0.0,Low
4,3,0,0.0,Low
4,3,0,0.005,Low
4,3,0,0.0,Low
4,3,0,0.215,Low
4,3,0,0.0,Low
4,3,0,0.0,Low
4,3,0,0.0,Low
4,3,0,0.0,Low
4,3,0,0.325,Low
4,3,0,0.01,Low
4,3,0,0.105,Low
4,3,0,0.0,Low
4,3,0,0.255,Low
4,3,1,0.95,High
4,3,0,0.01,Low
4,3,0,0.005,Low
4,3,0,0.0,Low
4,3,0,0.0,Low
4,3,0,0.34,Low
4,3,0,0.1,Low
4,3,1,0.91,High
4,3,1,0.84,High
4,3,1,0.985,High
4,3,1,0.985,High
4,3,1,0.97,High
4,3,1,0.995,High
4,3,1,0.995,High
4,3,1,1.0,High
4,3,1,0.745,High
4,3,1,1.0,High
4,3,1,0.78,High
4,3,1,0.93,High
4,3,1,0.625,Medium
4,3,1,1.0,High
4,3,1,0.99,High
4,3,1,0.995,High
4,3,1,0.86,High
4,3,0,0.005,Low
4,3,0,0.0,Low
4,3,0,0.005,Low
4,3,0,0.0,Low
4,3,0,0.0,Low
4,3,0,0.0,Low
4,3,0,0.01,Low
4,3,0,0.155,Low
4,3,0,0.01,Low
4,3,0,0.005,Low
4,3,0,0.0,Low
4,3,0,0.0,Low
4,3,0,0.0,Low
4,3,0,0.005,Low
4,3,0,0.315,Low
4,3,0,0.055,Low
4,3,0,0.0,Low
4,3,0,0.015,Low
4,3,1,0.95,High
4,3,1,0.93,High
4,3,1,0.88,High
4,3,1,0.975,High
4,3,1,0.975,High
4,3,1,1.0,High
4,3,1,1.0,High
4,3,0,0.105,Low
4,3,0,0.005,Low
4,3,1,0.945,High
4,3,1,0.95,High
4,3,1,0.975,High
4,3,1,0.935,High
4,3,1,0.985,High
4,3,1,0.95,High
4,3,1,0.96,High
4,3,1,0.81,High
4,3,1,0.96,High
4,3,1,1.0,High
4,3,1,1.0,High
4,3,1,1.0,High
4,3,1,1.0,High
4,3,1,0.855,High
4,3,1,0.96,High
4,3,0,0.01,Low
4,3,0,0.025,Low
4,3,0,0.045,Low
4,3,0,0.005,Low
4,3,0,0.0,Low
4,3,0,0.0,Low
4,3,0,0.0,Low
4,3,0,0.005,Low
4,3,0,0.0,Low
4,3,0,0.0,Low
4,3,0,0.055,Low
4,3,0,0.01,Low
4,3,0,0.065,Low
4,3,0,0.0,Low
4,3,0,0.0,Low
4,3,0,0.0,Low
4,3,0,0.0,Low
4,3,0,0.0,Low
4,3,0,0.41,Medium
4,3,0,0.01,Low
4,3,0,0.03,Low
4,3,0,0.305,Low
4,3,1,0.795,High
4,3,1,0.735,High
4,3,1,0.895,High
4,3,1,0.995,High
4,3,1,0.995,High
4,3,1,0.975,High
4,3,1,1.0,High
4,3,0,0.0,Low
4,3,0,0.0,Low
4,3,0,0.0,Low
4,3,0,0.015,Low
4,3,0,0.0,Low
4,3,0,0.245,Low
4,3,0,0.0,Low
4,3,0,0.045,Low
4,3,0,0.0,Low
4,3,0,0.0,Low
4,3,0,0.095,Low
4,3,0,0.0,Low
4,3,0,0.015,Low
4,3,0,0.13,Low
4,3,0,0.295,Low
4,3,0,0.0,Low
4,3,0,0.0,Low
4,3,0,0.0,Low
4,3,0,0.0,Low
4,3,0,0.145,Low
4,3,0,0.275,Low
4,3,0,0.005,Low
4,3,0,0.0,Low
4,3,0,0.0,Low
4,3,0,0.295,Low
4,3,0,0.01,Low
4,3,0,0.005,Low
4,3,0,0.0,Low
4,3,0,0.005,Low
4,3,0,0.365,Low
4,3,0,0.0,Low
4,3,0,0.27,Low
4,3,0,0.0,Low
4,3,0,0.345,Low
4,3,0,0.0,Low
4,3,0,0.07,Low
4,3,0,0.005,Low
4,3,0,0.195,Low
4,3,0,0.01,Low
4,3,1,0.79,High
4,3,1,0.965,High
4,3,1,0.95,High
4,3,1,0.925,High
4,3,1,0.985,High
4,3,1,0.995,High
4,3,1,1.0,High
4,3,0,0.0,Low
4,3,0,0.035,Low
4,3,0,0.005,Low
4,3,0,0.36,Low
4,3,0,0.0,Low
4,3,0,0.245,Low
4,3,0,0.03,Low
4,3,0,0.0,Low
4,3,1,0.765,High
4,3,0,0.475,Medium
4,3,1,0.935,High
4,3,1,1.0,High
4,3,1,0.99,High
4,3,1,1.0,High
4,3,1,1.0,High
4,3,1,1.0,High
4,3,0,0.0,Low
4,3,0,0.045,Low
4,3,0,0.005,Low
4,3,0,0.25,Low
4,3,0,0.48,Medium
4,3,0,0.0,Low
4,3,0,0.0,Low
4,3,0,0.415,Medium
4,3,0,0.0,Low
4,3,0,0.0,Low
4,3,0,0.01,Low
4,3,0,0.01,Low
4,3,0,0.0,Low
4,3,0,0.0,Low
4,3,0,0.04,Low
4,3,0,0.0,Low
4,3,1,0.92,High
4,3,0,0.0,Low
4,3,0,0.005,Low
4,3,0,0.0,Low
4,3,1,0.93,High
4,3,1,0.915,High
4,3,1,0.93,High
4,3,1,0.92,High
4,3,1,0.96,High
4,3,1,0.97,High
4,3,1,1.0,High
4,3,1,0.955,High
4,3,1,1.0,High
4,3,1,0.985,High
4,3,1,1.0,High
4,3,1,0.995,High
4,3,1,0.885,High
4,3,1,1.0,High
4,3,0,0.015,Low
4,3,0,0.0,Low
4,3,0,0.005,Low
4,3,0,0.105,Low
4,3,0,0.055,Low
4,3,0,0.0,Low
4,3,1,0.8,High
4,3,1,0.985,High
4,3,1,0.99,High
4,3,1,1.0,High
4,3,1,1.0,High
4,3,1,0.995,High
4,3,1,0.97,High
4,3,0,0.01,Low
4,3,0,0.005,Low
4,3,0,0.005,Low
4,3,0,0.225,Low
4,3,0,0.015,Low
4,3,1,0.97,High
4,3,1,0.715,High
4,3,1,1.0,High
4,3,1,0.925,High
4,3,1,1.0,High
4,3,1,0.99,High
4,3,1,1.0,High
4,3,0,0.0,Low
4,3,0,0.11,Low
4,3,0,0.0,Low
4,3,0,0.0,Low
4,3,0,0.01,Low
4,3,0,0.0,Low
4,3,0,0.005,Low
4,3,0,0.005,Low
4,3,0,0.0,Low
4,3,0,0.0,Low
4,3,0,0.0,Low
4,3,0,0.37,Low
4,3,0,0.015,Low
4,3,0,0.005,Low
4,3,0,0.0,Low
4,3,0,0.01,Low
4,3,0,0.015,Low
4,3,0,0.0,Low
4,3,0,0.325,Low
4,3,0,0.105,Low
4,3,0,0.0,Low
4,3,0,0.12,Low
4,3,0,0.0,Low
4,3,0,0.22,Low
4,3,0,0.025,Low
4,3,0,0.0,Low
4,3,1,0.965,High
4,3,1,0.525,Medium
4,3,1,0.98,High
4,3,1,0.93,High
4,3,1,1.0,High
4,3,1,0.995,High
4,3,1,0.815,High
4,3,0,0.0,Low
4,3,0,0.0,Low
4,3,0,0.075,Low
4,3,0,0.0,Low
4,3,0,0.23,Low
4,3,1,0.935,High
4,3,1,0.795,High
4,3,1,0.97,High
4,3,1,0.91,High
4,3,1,0.955,High
4,3,1,1.0,High
4,3,1,1.0,High
4,3,1,0.94,High
4,3,1,0.82,High
4,3,1,0.905,High
4,3,1,0.87,High
4,3,1,0.96,High
4,3,1,0.995,High
4,3,1,0.915,High
4,3,1,0.96,High
4,3,1,0.8,High
4,3,1,0.945,High
4,3,1,0.805,High
4,3,1,0.965,High
4,3,1,0.99,High
4,3,1,1.0,High
4,3,0,0.0,Low
4,3,0,0.0,Low
4,3,0,0.015,Low
4,3,0,0.055,Low
4,3,0,0.01,Low
4,3,0,0.015,Low
4,3,1,0.905,High
4,3,1,0.95,High
4,3,1,0.935,High
4,3,1,1.0,High
4,3,1,0.995,High
4,3,1,0.73,High
4,3,1,1.0,High
4,3,1,0.98,High
4,3,0,0.0,Low
4,3,1,0.865,High
4,3,1,0.7,High
3,4,1,0.995,High
3,4,1,1.0,High
3,4,0,0.03,Low
3,4,0,0.01,Low
3,4,0,0.0,Low
3,4,0,0.005,Low
3,4,0,0.045,Low
3,4,0,0.0,Low
3,4,0,0.005,Low
3,4,1,0.97,High
3,4,1,1.0,High
3,4,1,0.955,High
3,4,1,0.975,High
3,4,1,1.0,High
3,4,1,0.83,High
3,4,1,1.0,High
3,4,0,0.04,Low
3,4,0,0.03,Low
3,4,0,0.0,Low
3,4,1,0.845,High
3,4,1,0.985,High
3,4,1,0.875,High
3,4,1,0.985,High
3,4,1,0.92,High
3,4,1,1.0,High
3,4,1,1.0,High
3,4,1,0.7,High
3,4,1,0.955,High
3,4,1,0.915,High
3,4,1,1.0,High
3,4,1,0.64,Medium
3,4,1,1.0,High
3,4,1,1.0,High
3,4,0,0.03,Low
3,4,0,0.0,Low
3,4,0,0.0,Low
3,4,0,0.0,Low
3,4,0,0.005,Low
3,4,1,0.71,High
3,4,1,0.945,High
3,4,1,1.0,High
3,4,1,0.645,Medium
3,4,1,1.0,High
3,4,1,0.995,High
3,4,1,1.0,High
3,4,0,0.125,Low
3,4,0,0.0,Low
3,4,0,0.0,Low
3,4,0,0.07,Low
3,4,0,0.0,Low
3,4,0,0.0,Low
3,4,0,0.09,Low
3,4,0,0.01,Low
3,4,0,0.0,Low
3,4,0,0.0,Low
3,4,0,0.055,Low
3,4,0,0.0,Low
3,4,0,0.02,Low
3,4,0,0.0,Low
3,4,1,0.775,High
3,4,1,0.815,High
3,4,1,0.94,High
3,4,1,0.985,High
3,4,1,1.0,High
3,4,1,0.995,High
3,4,1,1.0,High
3,4,0,0.0,Low
3,4,0,0.0,Low
3,4,1,0.87,High
3,4,1,0.89,High
3,4,1,0.67,Medium
3,4,1,0.705,High
3,4,1,0.835,High
3,4,1,1.0,High
3,4,1,1.0,High
3,4,0,0.005,Low
3,4,0,0.005,Low
3,4,0,0.015,Low
3,4,0,0.06,Low
3,4,0,0.01,Low
3,4,0,0.355,Low
3,4,1,0.965,High
3,4,1,1.0,High
3,4,1,1.0,High
3,4,1,0.97,High
3,4,1,0.955,High
3,4,1,1.0,High
3,4,0,0.0,Low
3,4,0,0.035,Low
3,4,0,0.005,Low
3,4,0,0.4,Medium
3,4,0,0.0,Low
3,4,0,0.005,Low
3,4,0,0.01,Low
3,4,0,0.005,Low
3,4,0,0.0,Low
3,4,0,0.095,Low
3,4,1,0.99,High
3,4,1,0.92,High
3,4,1,0.985,High
3,4,1,0.99,High
3,4,1,1.0,High
3,4,1,0.995,High
3,4,1,1.0,High
3,4,1,0.91,High
3,4,1,0.99,High
3,4,1,0.91,High
3,4,1,0.975,High
3,4,1,0.94,High
3,4,1,1.0,High
3,4,0,0.065,Low
3,4,0,0.0,Low
3,4,0,0.0,Low
3,4,0,0.01,Low
3,4,0,0.34,Low
3,4,0,0.075,Low
3,4,0,0.105,Low
3,4,0,0.0,Low
3,4,0,0.12,Low
3,4,0,0.0,Low
3,4,0,0.395,Low
3,4,1,0.815,High
3,4,0,0.0,Low
3,4,0,0.005,Low
3,4,0,0.005,Low
3,4,0,0.0,Low
3,4,1,0.895,High
3,4,1,0.655,Medium
3,4,1,0.575,Medium
3,4,1,0.965,High
3,4,1,1.0,High
3,4,1,0.97,High
3,4,1,0.995,High
3,4,0,0.03,Low
3,4,0,0.0,Low
3,4,1,0.96,High
3,4,1,0.87,High
3,4,1,0.99,High
3,4,1,1.0,High
3,4,1,0.98,High
3,4,1,0.995,High
3,4,1,1.0,High
3,4,0,0.0,Low
3,4,0,0.01,Low
3,4,0,0.005,Low
3,4,0,0.015,Low
3,4,0,0.015,Low
3,4,0,0.04,Low
3,4,0,0.0,Low
3,4,0,0.01,Low
3,4,1,0.795,High
3,4,1,0.95,High
3,4,1,0.885,High
3,4,1,0.975,High
3,4,1,0.97,High
3,4,1,0.84,High
3,4,1,1.0,High
3,4,0,0.0,Low
3,4,0,0.015,Low
3,4,1,0.77,High
3,4,1,0.885,High
3,4,1,0.795,High
3,4,1,0.915,High
3,4,1,1.0,High
3,4,1,1.0,High
3,4,1,1.0,High
3,4,0,0.0,Low
3,4,1,0.965,High
3,4,1,0.805,High
3,4,1,0.89,High
3,4,1,0.995,High
3,4,1,0.905,High
3,4,1,1.0,High
3,4,1,0.97,High
3,4,0,0.115,Low
3,4,0,0.0,Low
3,4,0,0.0,Low
3,4,0,0.005,Low
3,4,0,0.325,Low
3,4,0,0.005,Low
3,4,0,0.05,Low
3,4,0,0.025,Low
3,4,0,0.01,Low
3,4,0,0.095,Low
3,4,0,0.0,Low
3,4,0,0.0,Low
3,4,1,0.775,High
3,4,1,0.975,High
3,4,1,0.81,High
3,4,1,1.0,High
3,4,1,0.99,High
3,4,1,1.0,High
3,4,1,1.0,High
3,4,1,0.795,High
3,4,1,0.895,High
3,4,1,1.0,High
3,4,1,0.965,High
3,4,1,1.0,High
3,4,1,0.995,High
3,4,0,0.005,Low
3,4,0,0.34,Low
3,4,1,0.61,Medium
3,4,1,0.51,Medium
3,4,1,0.955,High
3,4,1,1.0,High
3,4,1,1.0,High
3,4,1,1.0,High
3,4,0,0.0,Low
3,4,0,0.0,Low
3,4,0,0.36,Low
3,4,0,0.08,Low
3,4,0,0.4,Medium
3,4,0,0.0,Low
3,4,0,0.005,Low
3,4,1,0.98,High
3,4,1,0.955,High
3,4,1,0.91,High
3,4,1,0.995,High
3,4,1,1.0,High
3,4,1,1.0,High
3,4,1,1.0,High
3,4,0,0.015,Low
3,4,0,0.0,Low
3,4,0,0.01,Low
3,4,0,0.275,Low
3,4,0,0.09,Low
3,4,0,0.0,Low
3,4,0,0.0,Low
3,4,0,0.1,Low
3,4,0,0.0,Low
3,4,0,0.0,Low
3,4,0,0.0,Low
3,4,0,0.05,Low
3,4,0,0.34,Low
3,4,1,0.7,High
3,4,1,0.945,High
3,4,1,0.985,High
3,4,1,0.935,High
3,4,1,1.0,High
3,4,1,1.0,High
3,4,0,0.005,Low
3,4,0,0.0,Low
3,4,1,0.52,Medium
3,4,0,0.0,Low
3,4,0,0.0,Low
3,4,0,0.16,Low
3,4,0,0.035,Low
3,4,0,0.005,Low
3,4,0,0.225,Low
3,4,0,0.0,Low
3,4,0,0.23,Low
3,4,0,0.0,Low
3,4,0,0.02,Low
3,4,0,0.0,Low
3,4,0,0.0,Low
3,4,0,0.0,Low
3,4,0,0.035,Low
3,4,0,0.17,Low
3,4,0,0.02,Low
3,4,0,0.31,Low
3,4,0,0.24,Low
3,4,0,0.0,Low
3,4,0,0.0,Low
3,4,0,0.0,Low
3,4,0,0.005,Low
3,4,0,0.04,Low
3,4,0,0.0,Low
3,4,0,0.055,Low
3,4,0,0.01,Low
3,4,0,0.1,Low
3,4,0,0.005,Low
3,4,1,0.955,High
3,4,1,0.91,High
3,4,1,0.985,High
3,4,1,0.975,High
3,4,1,0.965,High
3,4,1,1.0,High
3,4,1,1.0,High
3,4,1,1.0,High
3,4,1,0.88,High
3,4,1,0.95,High
3,4,1,1.0,High
3,4,1,1.0,High
3,4,0,0.04,Low
3,4,0,0.0,Low
3,4,0,0.0,Low
3,4,0,0.315,Low
3,4,0,0.01,Low
3,4,0,0.21,Low
3,4,0,0.005,Low
3,4,0,0.0,Low
3,4,0,0.0,Low
3,4,0,0.0,Low
3,4,0,0.0,Low
3,4,0,0.02,Low
3,4,0,0.085,Low
3,4,0,0.0,Low
3,4,0,0.0,Low
3,4,0,0.005,Low
3,4,0,0.0,Low
3,4,0,0.0,Low
3,4,0,0.015,Low
3,4,0,0.005,Low
3,4,1,0.92,High
3,4,1,0.515,Medium
3,4,1,1.0,High
3,4,1,0.975,High
3,4,1,0.93,High
3,4,1,1.0,High
3,4,1,1.0,High
3,4,0,0.0,Low
3,4,0,0.365,Low
3,4,0,0.24,Low
3,4,0,0.36,Low
3,4,0,0.13,Low
3,4,0,0.0,Low
3,4,0,0.0,Low
3,4,0,0.0,Low
3,4,0,0.015,Low
3,4,0,0.0,Low
3,4,0,0.11,Low
3,4,0,0.0,Low
3,4,0,0.0,Low
3,4,0,0.0,Low
3,4,0,0.015,Low
3,4,0,0.025,Low
3,4,1,0.695,Medium
3,4,0,0.0,Low
3,4,0,0.01,Low
3,4,0,0.0,Low
3,4,1,0.84,High
3,4,1,0.72,High
3,4,1,0.925,High
3,4,1,0.545,Medium
3,4,1,1.0,High
3,4,1,1.0,High
3,4,1,0.975,High
3,4,0,0.0,Low
3,4,0,0.32,Low
3,4,0,0.0,Low
3,4,0,0.0,Low
3,4,0,0.36,Low
3,4,0,0.18,Low
3,4,1,0.74,High
3,4,1,0.83,High
3,4,1,0.635,Medium
3,4,1,1.0,High
3,4,1,0.975,High
3,4,1,0.87,High
3,4,1,1.0,High
3,4,1,1.0,High
3,4,1,0.935,High
3,4,1,0.735,High
3,4,1,0.995,High
3,4,1,1.0,High
3,4,1,0.985,High
3,4,1,0.995,High
3,4,1,0.955,High
3,4,1,0.97,High
3,4,1,0.99,High
3,4,0,0.155,Low
3,4,0,0.325,Low
3,4,0,0.005,Low
3,4,0,0.0,Low
3,4,0,0.02,Low
6,5,0,0.0,Low
6,5,0,0.0,Low
6,5,1,0.855,High
6,5,0,0.13,Low
6,5,0,0.005,Low
6,5,0,0.295,Low
6,5,0,0.0,Low
6,5,0,0.005,Low
6,5,0,0.005,Low
6,5,0,0.005,Low
6,5,0,0.005,Low
6,5,0,0.0,Low
6,5,0,0.005,Low
6,5,1,0.81,High
6,5,1,0.9,High
6,5,1,0.845,High
6,5,1,0.975,High
6,5,1,0.595,Medium
6,5,1,0.975,High
6,5,1,0.995,High
6,5,1,0.995,High
6,5,1,0.935,High
6,5,1,1.0,High
6,5,1,1.0,High
6,5,0,0.0,Low
6,5,0,0.33,Low
6,5,0,0.02,Low
6,5,0,0.03,Low
6,5,0,0.12,Low
6,5,0,0.39,Low
6,5,0,0.035,Low
6,5,1,0.885,High
6,5,1,0.955,High
6,5,1,0.97,High
6,5,1,0.96,High
6,5,1,0.95,High
6,5,1,1.0,High
6,5,1,0.995,High
6,5,0,0.005,Low
6,5,1,0.895,High
6,5,1,0.935,High
6,5,1,0.885,High
6,5,1,1.0,High
6,5,1,0.975,High
6,5,1,0.985,High
6,5,1,1.0,High
6,5,1,0.87,High
6,5,1,1.0,High
6,5,1,1.0,High
6,5,1,0.885,High
6,5,1,0.98,High
6,5,0,0.0,Low
6,5,0,0.0,Low
6,5,1,0.53,Medium
6,5,0,0.015,Low
6,5,0,0.255,Low
6,5,0,0.005,Low
6,5,0,0.0,Low
6,5,0,0.37,Low
6,5,0,0.0,Low
6,5,1,0.815,High
6,5,0,0.48,Medium
6,5,1,0.995,High
6,5,1,0.985,High
6,5,1,0.955,High
6,5,1,1.0,High
6,5,1,0.99,High
6,5,0,0.0,Low
6,5,0,0.015,Low
6,5,1,0.87,High
6,5,1,0.945,High
6,5,1,0.78,High
6,5,1,0.84,High
6,5,1,0.995,High
6,5,1,1.0,High
6,5,1,1.0,High
6,5,0,0.005,Low
6,5,0,0.0,Low
6,5,0,0.005,Low
6,5,1,0.835,High
6,5,1,0.905,High
6,5,1,0.99,High
6,5,1,0.905,High
6,5,1,1.0,High
6,5,1,1.0,High
6,5,1,1.0,High
6,5,1,0.805,High
6,5,1,0.95,High
6,5,1,0.995,High
6,5,1,1.0,High
6,5,1,0.995,High
6,5,1,1.0,High
6,5,0,0.045,Low
6,5,0,0.205,Low
6,5,0,0.0,Low
6,5,0,0.06,Low
6,5,1,0.825,High
6,5,0,0.005,Low
6,5,0,0.01,Low
6,5,0,0.0,Low
6,5,0,0.0,Low
6,5,0,0.005,Low
6,5,0,0.0,Low
6,5,0,0.0,Low
6,5,1,0.74,High
6,5,0,0.03,Low
6,5,0,0.0,Low
6,5,0,0.0,Low
6,5,1,0.775,High
6,5,1,0.95,High
6,5,1,0.915,High
6,5,1,0.79,High
6,5,1,0.96,High
6,5,1,1.0,High
6,5,1,1.0,High
6,5,1,0.945,High
6,5,1,0.925,High
6,5,1,1.0,High
6,5,1,1.0,High
6,5,1,1.0,High
6,5,1,0.965,High
6,5,1,0.995,High
6,5,1,0.84,High
6,5,1,0.985,High
6,5,1,0.99,High
6,5,1,0.98,High
6,5,1,1.0,High
6,5,0,0.005,Low
6,5,0,0.0,Low
6,5,0,0.0,Low
6,5,1,1.0,High
6,5,1,0.87,High
6,5,1,0.965,High
6,5,1,0.96,High
6,5,1,1.0,High
6,5,1,1.0,High
6,5,1,0.97,High
6,5,0,0.005,Low
6,5,0,0.005,Low
6,5,0,0.215,Low
6,5,0,0.0,Low
6,5,0,0.0,Low
6,5,0,0.01,Low
6,5,0,0.045,Low
6,5,0,0.0,Low
6,5,0,0.4,Medium
6,5,0,0.0,Low
6,5,1,0.985,High
6,5,1,0.805,High
6,5,1,0.89,High
6,5,1,0.925,High
6,5,1,0.975,High
6,5,1,0.975,High
6,5,1,1.0,High
6,5,0,0.0,Low
6,5,0,0.06,Low
6,5,0,0.0,Low
6,5,0,0.385,Low
6,5,0,0.01,Low
6,5,0,0.07,Low
6,5,0,0.0,Low
6,5,0,0.185,Low
6,5,0,0.275,Low
6,5,0,0.0,Low
6,5,0,0.185,Low
6,5,0,0.0,Low
6,5,0,0.0,Low
6,5,0,0.03,Low
6,5,1,0.81,High
6,5,1,0.845,High
6,5,1,1.0,High
6,5,1,1.0,High
6,5,1,1.0,High
6,5,1,1.0,High
6,5,1,1.0,High
6,5,1,0.92,High
6,5,1,1.0,High
6,5,1,0.805,High
6,5,1,0.915,High
6,5,1,0.985,High
6,5,1,1.0,High
6,5,1,0.985,High
6,5,1,0.97,High
6,5,1,1.0,High
6,5,1,1.0,High
6,5,1,0.955,High
6,5,1,0.935,High
6,5,1,0.97,High
6,5,1,0.955,High
6,5,1,0.945,High
6,5,1,0.875,High
6,5,1,1.0,High
6,5,1,1.0,High
6,5,1,0.99,High
6,5,1,0.905,High
6,5,1,0.925,High
6,5,1,1.0,High
6,5,1,1.0,High
6,5,1,0.97,High
6,5,1,1.0,High
6,5,1,1.0,High
6,5,1,1.0,High
6,5,1,0.955,High
6,5,1,0.96,High
6,5,1,1.0,High
6,5,1,1.0,High
6,5,0,0.0,Low
6,5,0,0.065,Low
6,5,0,0.39,Low
6,5,1,0.825,High
6,5,1,0.675,Medium
6,5,1,0.97,High
6,5,1,1.0,High
6,5,1,0.955,High
6,5,1,1.0,High
6,5,1,0.97,High
6,5,0,0.065,Low
6,5,0,0.305,Low
6,5,0,0.0,Low
6,5,0,0.0,Low
6,5,1,0.93,High
6,5,1,0.94,High
6,5,1,0.94,High
6,5,1,0.92,High
6,5,1,0.875,High
6,5,1,1.0,High
6,5,1,1.0,High
6,5,0,0.0,Low
6,5,0,0.01,Low
6,5,0,0.0,Low
6,5,0,0.015,Low
6,5,0,0.0,Low
6,5,0,0.04,Low
6,5,0,0.32,Low
6,5,0,0.09,Low
6,5,0,0.005,Low
6,5,0,0.0,Low
6,5,0,0.155,Low
6,5,0,0.005,Low
6,5,0,0.005,Low
6,5,0,0.0,Low
6,5,0,0.095,Low
6,5,0,0.0,Low
6,5,0,0.0,Low
6,5,0,0.005,Low
6,5,0,0.0,Low
6,5,0,0.03,Low
6,5,0,0.3,Low
6,5,1,0.76,High
6,5,1,0.935,High
6,5,1,0.91,High
6,5,1,1.0,High
6,5,1,1.0,High
6,5,1,1.0,High
6,5,1,1.0,High
6,5,1,0.96,High
6,5,1,1.0,High
6,5,1,0.98,High
6,5,1,1.0,High
6,5,1,0.96,High
6,5,1,1.0,High
6,5,1,0.955,High
6,5,1,1.0,High
6,5,1,0.865,High
6,5,1,0.95,High
6,5,1,0.95,High
6,5,1,1.0,High
6,5,1,0.99,High
6,5,0,0.0,Low
6,5,0,0.01,Low
6,5,0,0.005,Low
6,5,0,0.0,Low
6,5,0,0.0,Low
6,5,0,0.015,Low
6,5,0,0.035,Low
6,5,0,0.0,Low
6,5,0,0.0,Low
6,5,0,0.0,Low
6,5,0,0.02,Low
6,5,0,0.005,Low
6,5,0,0.0,Low
6,5,0,0.0,Low
6,5,0,0.375,Low
6,5,0,0.325,Low
6,5,0,0.23,Low
6,5,0,0.085,Low
6,5,0,0.005,Low
6,5,0,0.03,Low
6,5,1,0.94,High
6,5,0,0.0,Low
6,5,0,0.025,Low
6,5,0,0.065,Low
6,5,0,0.0,Low
6,5,0,0.0,Low
6,5,0,0.0,Low
6,5,0,0.04,Low
6,5,0,0.0,Low
6,5,0,0.01,Low
6,5,0,0.26,Low
6,5,0,0.015,Low
6,5,0,0.005,Low
6,5,0,0.0,Low
6,5,0,0.015,Low
6,5,1,0.805,High
6,5,1,0.895,High
6,5,1,0.985,High
6,5,1,0.95,High
6,5,1,0.99,High
6,5,1,0.995,High
6,5,1,1.0,High
6,5,1,0.96,High
6,5,1,1.0,High
6,5,1,1.0,High
6,5,1,1.0,High
6,5,1,0.985,High
6,5,1,1.0,High
6,5,1,0.785,High
6,5,1,0.99,High
6,5,1,0.995,High
6,5,1,1.0,High
6,5,1,0.99,High
6,5,0,0.01,Low
6,5,0,0.045,Low
6,5,0,0.195,Low
6,5,0,0.0,Low
6,5,0,0.01,Low
6,5,0,0.005,Low
6,5,0,0.0,Low
6,5,0,0.425,Medium
6,5,0,0.0,Low
6,5,1,0.895,High
6,5,1,0.925,High
6,5,1,0.97,High
6,5,1,0.98,High
6,5,1,1.0,High
6,5,1,1.0,High
6,5,1,1.0,High
6,5,1,1.0,High
6,5,1,1.0,High
6,5,0,0.01,Low
6,5,0,0.0,Low
6,5,0,0.135,Low
6,5,0,0.0,Low
6,5,0,0.01,Low
6,5,0,0.0,Low
6,5,0,0.0,Low
6,5,0,0.0,Low
6,5,0,0.01,Low
6,5,0,0.0,Low
6,5,0,0.0,Low
6,5,1,0.685,Medium
6,5,1,0.9,High
6,5,0,0.015,Low
6,5,0,0.0,Low
6,5,0,0.0,Low
6,5,0,0.0,Low
6,5,1,0.74,High
6,5,1,0.96,High
6,5,1,0.555,Medium
6,5,1,0.94,High
6,5,1,0.96,High
6,5,1,1.0,High
6,5,1,1.0,High
6,5,0,0.0,Low
6,5,0,0.0,Low
5,6,0,0.15,Low
5,6,0,0.005,Low
5,6,0,0.23,Low
5,6,0,0.025,Low
5,6,0,0.0,Low
5,6,0,0.0,Low
5,6,0,0.0,Low
5,6,0,0.005,Low
5,6,0,0.005,Low
5,6,1,0.845,High
5,6,0,0.015,Low
5,6,0,0.0,Low
5,6,0,0.01,Low
5,6,0,0.01,Low
5,6,0,0.0,Low
5,6,0,0.0,Low
5,6,0,0.035,Low
5,6,0,0.025,Low
5,6,0,0.0,Low
5,6,0,0.0,Low
5,6,0,0.005,Low
5,6,0,0.0,Low
5,6,0,0.085,Low
5,6,0,0.195,Low
5,6,0,0.145,Low
5,6,0,0.005,Low
5,6,0,0.045,Low
5,6,0,0.01,Low
5,6,0,0.03,Low
5,6,0,0.0,Low
5,6,0,0.0,Low
5,6,0,0.0,Low
5,6,0,0.0,Low
5,6,0,0.26,Low
5,6,0,0.0,Low
5,6,0,0.06,Low
5,6,0,0.28,Low
5,6,0,0.005,Low
5,6,0,0.0,Low
5,6,0,0.175,Low
5,6,0,0.005,Low
5,6,0,0.0,Low
5,6,0,0.315,Low
5,6,0,0.005,Low
5,6,0,0.01,Low
5,6,0,0.005,Low
5,6,0,0.03,Low
5,6,0,0.175,Low
5,6,1,0.895,High
5,6,1,0.73,High
5,6,1,0.98,High
5,6,1,0.965,High
5,6,1,0.96,High
5,6,1,0.815,High
5,6,1,1.0,High
5,6,0,0.005,Low
5,6,0,0.0,Low
5,6,1,0.875,High
5,6,1,0.965,High
5,6,1,0.915,High
5,6,1,0.98,High
5,6,1,0.995,High
5,6,1,0.995,High
5,6,1,0.98,High
5,6,0,0.03,Low
5,6,0,0.0,Low
5,6,0,0.0,Low
5,6,0,0.0,Low
5,6,0,0.0,Low
5,6,0,0.0,Low
5,6,0,0.0,Low
5,6,0,0.075,Low
5,6,0,0.01,Low
5,6,0,0.015,Low
5,6,0,0.025,Low
5,6,0,0.0,Low
5,6,0,0.0,Low
5,6,0,0.01,Low
5,6,0,0.415,Medium
5,6,0,0.0,Low
5,6,0,0.03,Low
5,6,0,0.005,Low
5,6,0,0.01,Low
5,6,0,0.205,Low
5,6,0,0.035,Low
5,6,0,0.0,Low
5,6,0,0.205,Low
5,6,0,0.015,Low
5,6,0,0.0,Low
5,6,0,0.0,Low
5,6,0,0.0,Low
5,6,0,0.0,Low
5,6,0,0.0,Low
5,6,0,0.0,Low
5,6,0,0.35,Low
5,6,0,0.015,Low
5,6,0,0.0,Low
5,6,0,0.005,Low
5,6,0,0.0,Low
5,6,0,0.005,Low
5,6,0,0.0,Low
5,6,0,0.275,Low
5,6,0,0.0,Low
5,6,0,0.3,Low
5,6,0,0.065,Low
5,6,0,0.13,Low
5,6,0,0.0,Low
5,6,0,0.0,Low
5,6,0,0.0,Low
5,6,0,0.15,Low
5,6,0,0.06,Low
5,6,0,0.1,Low
5,6,0,0.0,Low
5,6,0,0.0,Low
5,6,0,0.0,Low
5,6,0,0.0,Low
5,6,0,0.025,Low
5,6,0,0.125,Low
5,6,0,0.205,Low
5,6,0,0.175,Low
5,6,0,0.055,Low
5,6,0,0.0,Low
5,6,0,0.135,Low
5,6,0,0.005,Low
5,6,0,0.0,Low
5,6,0,0.01,Low
5,6,0,0.0,Low
5,6,0,0.005,Low
5,6,0,0.03,Low
5,6,0,0.0,Low
5,6,0,0.03,Low
5,6,0,0.0,Low
5,6,0,0.135,Low
5,6,0,0.01,Low
5,6,0,0.0,Low
5,6,0,0.005,Low
5,6,0,0.015,Low
5,6,0,0.0,Low
5,6,0,0.015,Low
5,6,0,0.01,Low
5,6,0,0.275,Low
5,6,1,0.875,High
5,6,1,0.585,Medium
5,6,1,0.895,High
5,6,1,0.74,High
5,6,1,0.95,High
5,6,1,0.995,High
5,6,1,0.995,High
5,6,1,0.505,Medium
5,6,0,0.0,Low
5,6,0,0.395,Low
5,6,0,0.005,Low
5,6,1,0.935,High
5,6,0,0.015,Low
5,6,0,0.0,Low
5,6,0,0.02,Low
5,6,0,0.235,Low
5,6,0,0.0,Low
5,6,0,0.0,Low
5,6,0,0.005,Low
5,6,0,0.005,Low
5,6,1,0.77,High
5,6,1,0.89,High
5,6,1,0.955,High
5,6,0,0.445,Medium
5,6,1,0.925,High
5,6,1,1.0,High
5,6,1,0.98,High
5,6,0,0.01,Low
5,6,0,0.0,Low
5,6,0,0.025,Low
5,6,0,0.02,Low
5,6,1,0.94,High
5,6,1,0.775,High
5,6,1,0.945,High
5,6,1,0.96,High
5,6,1,0.96,High
5,6,1,0.945,High
5,6,1,0.985,High
5,6,1,0.99,High
5,6,1,1.0,High
5,6,1,0.945,High
5,6,1,1.0,High
5,6,1,0.995,High
5,6,0,0.005,Low
5,6,0,0.0,Low
5,6,0,0.025,Low
5,6,0,0.0,Low
5,6,0,0.005,Low
5,6,0,0.01,Low
5,6,0,0.0,Low
5,6,1,0.505,Medium
5,6,0,0.01,Low
5,6,0,0.025,Low
5,6,0,0.015,Low
5,6,0,0.055,Low
5,6,0,0.0,Low
5,6,0,0.03,Low
5,6,0,0.3,Low
5,6,1,0.76,High
5,6,0,0.0,Low
5,6,0,0.055,Low
5,6,0,0.01,Low
5,6,0,0.0,Low
5,6,0,0.0,Low
5,6,0,0.025,Low
5,6,0,0.0,Low
5,6,0,0.03,Low
5,6,0,0.015,Low
5,6,0,0.0,Low
5,6,0,0.04,Low
5,6,0,0.0,Low
5,6,0,0.155,Low
5,6,0,0.02,Low
5,6,0,0.0,Low
5,6,0,0.005,Low
5,6,0,0.01,Low
5,6,0,0.0,Low
5,6,0,0.0,Low
5,6,0,0.0,Low
5,6,0,0.195,Low
5,6,1,0.855,High
5,6,1,0.735,High
5,6,1,0.54,Medium
5,6,1,0.875,High
5,6,1,0.99,High
5,6,1,0.96,High
5,6,1,0.87,High
5,6,0,0.09,Low
5,6,0,0.16,Low
5,6,0,0.155,Low
5,6,1,0.77,High
5,6,1,0.915,High
5,6,1,1.0,High
5,6,1,0.93,High
5,6,1,0.94,High
5,6,1,0.995,High
5,6,0,0.045,Low
5,6,0,0.025,Low
5,6,0,0.055,Low
5,6,0,0.025,Low
5,6,0,0.0,Low
5,6,0,0.0,Low
5,6,0,0.0,Low
5,6,0,0.0,Low
5,6,0,0.34,Low
5,6,0,0.03,Low
5,6,0,0.0,Low
5,6,0,0.015,Low
5,6,0,0.025,Low
5,6,1,0.745,High
5,6,1,0.9,High
5,6,1,0.855,High
5,6,1,0.86,High
5,6,1,0.91,High
5,6,1,1.0,High
5,6,1,0.92,High
5,6,0,0.005,Low
5,6,0,0.01,Low
5,6,0,0.005,Low
5,6,0,0.105,Low
5,6,0,0.035,Low
5,6,0,0.04,Low
5,6,0,0.025,Low
5,6,0,0.0,Low
5,6,0,0.0,Low
5,6,0,0.14,Low
5,6,0,0.0,Low
5,6,0,0.01,Low
5,6,0,0.0,Low
5,6,0,0.01,Low
5,6,0,0.03,Low
5,6,0,0.0,Low
5,6,0,0.265,Low
5,6,1,0.58,Medium
5,6,0,0.13,Low
5,6,0,0.0,Low
5,6,0,0.005,Low
5,6,0,0.205,Low
5,6,1,0.765,High
5,6,0,0.335,Low
5,6,0,0.015,Low
5,6,0,0.0,Low
5,6,0,0.005,Low
5,6,0,0.0,Low
5,6,0,0.01,Low
5,6,1,0.72,High
5,6,1,0.825,High
5,6,1,0.905,High
5,6,1,0.57,Medium
5,6,1,0.945,High
5,6,1,0.995,High
5,6,1,1.0,High
5,6,0,0.0,Low
5,6,0,0.005,Low
5,6,0,0.385,Low
5,6,0,0.015,Low
5,6,0,0.255,Low
5,6,0,0.0,Low
5,6,0,0.02,Low
5,6,0,0.03,Low
5,6,0,0.0,Low
5,6,0,0.05,Low
5,6,0,0.0,Low
5,6,0,0.0,Low
5,6,1,0.805,High
5,6,1,0.925,High
5,6,1,0.95,High
5,6,1,0.97,High
5,6,1,1.0,High
5,6,1,0.94,High
5,6,1,0.97,High
5,6,0,0.075,Low
5,6,0,0.0,Low
5,6,1,0.83,High
5,6,0,0.01,Low
5,6,0,0.005,Low
5,6,0,0.0,Low
5,6,0,0.0,Low
5,6,0,0.05,Low
5,6,0,0.0,Low
5,6,0,0.205,Low
5,6,0,0.3,Low
5,6,0,0.0,Low
5,6,0,0.08,Low
5,6,0,0.045,Low
5,6,0,0.01,Low
5,6,0,0.0,Low
5,6,0,0.165,Low
5,6,0,0.0,Low
5,6,0,0.025,Low
5,6,1,0.52,Medium
5,6,1,0.895,High
5,6,1,0.865,High
5,6,1,0.915,High
5,6,1,0.995,High
5,6,1,0.98,High
5,6,1,0.935,High
5,6,1,0.84,High
5,6,1,0.925,High
5,6,1,0.86,High
5,6,1,0.86,High
5,6,1,0.96,High
5,6,1,0.99,High
5,6,1,1.0,High
5,6,0,0.0,Low
5,6,0,0.0,Low
5,6,0,0.0,Low
5,6,1,0.905,High
5,6,1,0.925,High
5,6,1,0.995,High
5,6,1,0.9,High
5,6,1,0.855,High
5,6,1,0.99,High
5,6,1,0.99,High
5,6,1,0.98,High
5,6,1,0.955,High
5,6,1,0.93,High
5,6,1,0.99,High
5,6,1,0.865,High
5,6,1,0.94,High
5,6,1,0.87,High
5,6,1,0.88,High
5,6,1,0.97,High
5,6,0,0.035,Low
8,7,0,0.02,Low
8,7,0,0.025,Low
8,7,0,0.0,Low
8,7,1,0.92,High
8,7,1,0.93,High
8,7,1,0.945,High
8,7,1,0.985,High
8,7,1,1.0,High
8,7,1,0.945,High
8,7,1,0.99,High
8,7,1,0.995,High
8,7,1,0.835,High
8,7,1,0.975,High
8,7,1,0.995,High
8,7,1,1.0,High
8,7,1,0.96,High
8,7,1,0.955,High
8,7,0,0.45,Medium
8,7,1,0.99,High
8,7,1,0.96,High
8,7,1,1.0,High
8,7,0,0.0,Low
8,7,0,0.0,Low
8,7,0,0.0,Low
8,7,0,0.02,Low
8,7,0,0.0,Low
8,7,0,0.13,Low
8,7,1,0.93,High
8,7,1,0.97,High
8,7,1,0.94,High
8,7,1,0.98,High
8,7,1,1.0,High
8,7,1,0.98,High
8,7,1,0.98,High
8,7,1,0.955,High
8,7,1,0.995,High
8,7,1,1.0,High
8,7,0,0.0,Low
8,7,0,0.19,Low
8,7,0,0.39,Low
8,7,0,0.0,Low
8,7,0,0.01,Low
8,7,0,0.0,Low
8,7,0,0.01,Low
8,7,0,0.0,Low
8,7,0,0.0,Low
8,7,0,0.0,Low
8,7,0,0.0,Low
8,7,0,0.0,Low
8,7,0,0.005,Low
8,7,0,0.0,Low
8,7,0,0.015,Low
8,7,0,0.005,Low
8,7,0,0.0,Low
8,7,0,0.0,Low
8,7,0,0.015,Low
8,7,0,0.0,Low
8,7,0,0.08,Low
8,7,0,0.0,Low
8,7,0,0.005,Low
8,7,0,0.005,Low
8,7,0,0.05,Low
8,7,0,0.0,Low
8,7,0,0.0,Low
8,7,0,0.5,Medium
8,7,0,0.005,Low
8,7,1,0.815,High
8,7,0,0.005,Low
8,7,0,0.315,Low
8,7,0,0.025,Low
8,7,1,0.76,High
8,7,0,0.0,Low
8,7,0,0.0,Low
8,7,0,0.0,Low
8,7,0,0.0,Low
8,7,0,0.33,Low
8,7,0,0.34,Low
8,7,0,0.0,Low
8,7,0,0.0,Low
8,7,0,0.175,Low
8,7,0,0.0,Low
8,7,0,0.36,Low
8,7,0,0.0,Low
8,7,0,0.0,Low
8,7,0,0.0,Low
8,7,0,0.0,Low
8,7,0,0.01,Low
8,7,0,0.0,Low
8,7,0,0.205,Low
8,7,0,0.005,Low
8,7,0,0.01,Low
8,7,0,0.35,Low
8,7,0,0.085,Low
8,7,0,0.03,Low
8,7,0,0.045,Low
8,7,0,0.0,Low
8,7,0,0.025,Low
8,7,0,0.01,Low
8,7,1,1.0,High
8,7,1,0.865,High
8,7,1,0.96,High
8,7,0,0.5,Medium
8,7,1,0.995,High
8,7,1,0.98,High
8,7,1,1.0,High
8,7,1,1.0,High
8,7,1,0.97,High
8,7,1,0.98,High
8,7,1,1.0,High
8,7,1,1.0,High
8,7,0,0.0,Low
8,7,0,0.005,Low
8,7,0,0.0,Low
8,7,0,0.235,Low
8,7,0,0.2,Low
8,7,0,0.04,Low
8,7,0,0.0,Low
8,7,0,0.0,Low
8,7,0,0.005,Low
8,7,0,0.0,Low
8,7,0,0.0,Low
8,7,0,0.005,Low
8,7,1,0.855,High
8,7,1,0.695,Medium
8,7,1,0.98,High
8,7,1,1.0,High
8,7,1,0.845,High
8,7,1,0.995,High
8,7,1,0.98,High
8,7,0,0.0,Low
8,7,0,0.0,Low
8,7,0,0.0,Low
8,7,0,0.02,Low
8,7,0,0.0,Low
8,7,0,0.0,Low
8,7,0,0.045,Low
8,7,0,0.0,Low
8,7,0,0.02,Low
8,7,0,0.0,Low
8,7,0,0.025,Low
8,7,0,0.05,Low
8,7,0,0.03,Low
8,7,0,0.0,Low
8,7,0,0.01,Low
8,7,0,0.015,Low
8,7,0,0.035,Low
8,7,0,0.005,Low
8,7,0,0.015,Low
8,7,0,0.0,Low
8,7,1,0.625,Medium
8,7,1,0.97,High
8,7,1,0.97,High
8,7,1,0.94,High
8,7,1,1.0,High
8,7,1,0.995,High
8,7,1,0.995,High
8,7,0,0.0,Low
8,7,1,0.965,High
8,7,1,0.75,High
8,7,1,0.92,High
8,7,1,0.96,High
8,7,1,0.995,High
8,7,1,1.0,High
8,7,1,1.0,High
8,7,1,0.88,High
8,7,1,1.0,High
8,7,1,1.0,High
8,7,1,1.0,High
8,7,1,0.865,High
8,7,1,1.0,High
8,7,1,0.98,High
8,7,1,0.955,High
8,7,1,0.88,High
8,7,1,1.0,High
8,7,1,0.97,High
8,7,0,0.015,Low
8,7,0,0.0,Low
8,7,1,0.65,Medium
8,7,0,0.0,Low
8,7,0,0.015,Low
8,7,0,0.01,Low
8,7,0,0.03,Low
8,7,0,0.005,Low
8,7,0,0.025,Low
8,7,0,0.39,Low
8,7,0,0.0,Low
8,7,0,0.01,Low
8,7,0,0.0,Low
8,7,0,0.0,Low
8,7,0,0.0,Low
8,7,0,0.0,Low
8,7,0,0.0,Low
8,7,0,0.0,Low
8,7,0,0.1,Low
8,7,0,0.005,Low
8,7,0,0.0,Low
8,7,0,0.375,Low
8,7,0,0.17,Low
8,7,0,0.0,Low
8,7,1,0.935,High
8,7,1,0.93,High
8,7,1,0.965,High
8,7,1,1.0,High
8,7,1,0.95,High
8,7,1,1.0,High
8,7,1,0.955,High
8,7,0,0.02,Low
8,7,0,0.0,Low
8,7,0,0.0,Low
8,7,1,0.565,Medium
8,7,0,0.0,Low
8,7,0,0.015,Low
8,7,0,0.005,Low
8,7,0,0.135,Low
8,7,0,0.18,Low
8,7,0,0.0,Low
8,7,0,0.01,Low
8,7,1,0.82,High
8,7,1,0.965,High
8,7,1,0.92,High
8,7,1,0.935,High
8,7,1,0.995,High
8,7,1,1.0,High
8,7,1,1.0,High
8,7,1,0.955,High
8,7,1,0.985,High
8,7,1,0.97,High
8,7,1,0.995,High
8,7,1,0.995,High
8,7,1,0.885,High
8,7,1,1.0,High
8,7,1,0.98,High
8,7,1,0.995,High
8,7,1,1.0,High
8,7,1,1.0,High
8,7,1,0.925,High
8,7,1,1.0,High
8,7,0,0.0,Low
8,7,0,0.055,Low
8,7,0,0.0,Low
8,7,1,0.93,High
8,7,1,0.915,High
8,7,1,0.945,High
8,7,1,0.865,High
8,7,1,1.0,High
8,7,1,0.965,High
8,7,1,0.995,High
8,7,0,0.025,Low
8,7,1,0.915,High
8,7,1,0.815,High
8,7,1,0.895,High
8,7,1,0.995,High
8,7,1,0.98,High
8,7,1,1.0,High
8,7,1,1.0,High
8,7,0,0.06,Low
8,7,0,0.03,Low
8,7,0,0.0,Low
8,7,0,0.0,Low
8,7,0,0.32,Low
8,7,0,0.01,Low
8,7,0,0.005,Low
8,7,0,0.015,Low
8,7,0,0.035,Low
8,7,0,0.035,Low
8,7,0,0.09,Low
8,7,0,0.385,Low
8,7,0,0.0,Low
8,7,0,0.02,Low
8,7,0,0.0,Low
8,7,0,0.0,Low
8,7,1,0.61,Medium
8,7,0,0.01,Low
8,7,0,0.42,Medium
8,7,1,0.995,High
8,7,1,0.98,High
8,7,1,0.94,High
8,7,1,1.0,High
8,7,1,0.99,High
8,7,1,1.0,High
8,7,1,0.975,High
8,7,1,0.94,High
8,7,1,0.98,High
8,7,1,0.975,High
8,7,1,0.995,High
8,7,1,1.0,High
8,7,1,0.995,High
8,7,1,0.93,High
8,7,1,0.96,High
8,7,1,1.0,High
8,7,1,0.99,High
8,7,1,0.955,High
8,7,1,1.0,High
8,7,1,1.0,High
8,7,1,0.88,High
8,7,1,1.0,High
8,7,1,0.845,High
8,7,1,0.975,High
8,7,1,1.0,High
8,7,1,0.98,High
8,7,0,0.03,Low
8,7,1,0.76,High
8,7,1,0.83,High
8,7,1,0.92,High
8,7,1,0.925,High
8,7,1,0.995,High
8,7,1,1.0,High
8,7,1,1.0,High
8,7,1,1.0,High
8,7,0,0.0,Low
8,7,0,0.005,Low
8,7,1,0.94,High
8,7,1,0.965,High
8,7,1,0.84,High
8,7,1,0.95,High
8,7,1,1.0,High
8,7,1,0.985,High
8,7,1,1.0,High
8,7,0,0.015,Low
8,7,1,0.925,High
8,7,1,0.63,Medium
8,7,1,0.89,High
8,7,1,0.955,High
8,7,1,1.0,High
8,7,1,0.98,High
8,7,1,1.0,High
8,7,0,0.015,Low
8,7,0,0.025,Low
8,7,0,0.01,Low
8,7,0,0.0,Low
8,7,0,0.0,Low
8,7,0,0.0,Low
8,7,0,0.0,Low
8,7,0,0.0,Low
8,7,0,0.015,Low
8,7,0,0.03,Low
8,7,0,0.0,Low
8,7,1,0.745,High
8,7,1,0.945,High
8,7,1,0.945,High
8,7,1,0.98,High
8,7,1,0.95,High
8,7,1,1.0,High
8,7,1,1.0,High
8,7,1,0.835,High
8,7,1,0.935,High
8,7,1,0.94,High
8,7,1,0.995,High
8,7,1,0.99,High
8,7,1,0.935,High
8,7,1,1.0,High
8,7,0,0.02,Low
8,7,0,0.005,Low
8,7,0,0.0,Low
8,7,0,0.0,Low
8,7,1,0.95,High
8,7,1,0.86,High
8,7,1,0.955,High
8,7,1,0.965,High
8,7,1,0.975,High
8,7,1,1.0,High
8,7,1,1.0,High
8,7,0,0.005,Low
8,7,1,0.745,High
8,7,0,0.18,Low
7,8,1,1.0,High
7,8,1,0.555,Medium
7,8,0,0.055,Low
7,8,0,0.0,Low
7,8,0,0.0,Low
7,8,0,0.0,Low
7,8,0,0.0,Low
7,8,0,0.01,Low
7,8,0,0.005,Low
7,8,0,0.015,Low
7,8,0,0.0,Low
7,8,0,0.0,Low
7,8,0,0.145,Low
7,8,0,0.0,Low
7,8,0,0.0,Low
7,8,0,0.0,Low
7,8,0,0.0,Low
7,8,0,0.015,Low
7,8,0,0.335,Low
7,8,0,0.0,Low
7,8,0,0.0,Low
7,8,0,0.0,Low
7,8,0,0.005,Low
7,8,0,0.0,Low
7,8,1,0.86,High
7,8,1,0.965,High
7,8,1,0.895,High
7,8,1,0.9,High
7,8,1,0.895,High
7,8,1,1.0,High
7,8,1,0.995,High
7,8,0,0.0,Low
7,8,0,0.135,Low
7,8,1,0.99,High
7,8,1,0.985,High
7,8,1,0.845,High
7,8,1,1.0,High
7,8,1,0.965,High
7,8,1,1.0,High
7,8,1,1.0,High
7,8,1,0.7,High
7,8,1,0.99,High
7,8,1,0.605,Medium
7,8,1,0.99,High
7,8,1,0.98,High
7,8,1,0.975,High
7,8,1,0.985,High
7,8,1,0.94,High
7,8,1,1.0,High
7,8,1,1.0,High
7,8,1,0.96,High
7,8,0,0.005,Low
7,8,0,0.0,Low
7,8,0,0.015,Low
7,8,0,0.0,Low
7,8,0,0.325,Low
7,8,0,0.015,Low
7,8,0,0.0,Low
7,8,0,0.24,Low
7,8,0,0.0,Low
7,8,0,0.4,Medium
7,8,0,0.005,Low
7,8,0,0.0,Low
7,8,0,0.305,Low
7,8,0,0.055,Low
7,8,0,0.0,Low
7,8,0,0.0,Low
7,8,0,0.005,Low
7,8,0,0.405,Medium
7,8,0,0.0,Low
7,8,0,0.0,Low
7,8,0,0.005,Low
7,8,0,0.0,Low
7,8,0,0.0,Low
7,8,1,0.86,High
7,8,1,0.9,High
7,8,1,0.9,High
7,8,1,0.995,High
7,8,1,0.965,High
7,8,1,1.0,High
7,8,1,0.995,High
7,8,1,0.92,High
7,8,0,0.315,Low
7,8,0,0.01,Low
7,8,0,0.0,Low
7,8,0,0.0,Low
7,8,0,0.02,Low
7,8,0,0.285,Low
7,8,0,0.0,Low
7,8,0,0.05,Low
7,8,0,0.0,Low
7,8,0,0.0,Low
7,8,0,0.11,Low
7,8,0,0.0,Low
7,8,0,0.0,Low
7,8,0,0.04,Low
7,8,0,0.18,Low
7,8,0,0.01,Low
7,8,1,0.83,High
7,8,1,0.975,High
7,8,1,0.85,High
7,8,1,0.95,High
7,8,1,0.99,High
7,8,1,0.915,High
7,8,1,1.0,High
7,8,0,0.34,Low
7,8,0,0.0,Low
7,8,0,0.185,Low
7,8,1,0.74,High
7,8,1,0.725,High
7,8,1,0.94,High
7,8,1,0.89,High
7,8,1,0.95,High
7,8,1,1.0,High
7,8,1,0.995,High
7,8,1,0.99,High
7,8,1,0.93,High
7,8,1,1.0,High
7,8,0,0.0,Low
7,8,0,0.0,Low
7,8,0,0.005,Low
7,8,0,0.01,Low
7,8,0,0.015,Low
7,8,0,0.0,Low
7,8,0,0.0,Low
7,8,1,0.695,Medium
7,8,1,0.99,High
7,8,1,0.97,High
7,8,1,0.945,High
7,8,1,0.995,High
7,8,1,0.97,High
7,8,1,1.0,High
7,8,1,1.0,High
7,8,1,0.985,High
7,8,0,0.0,Low
7,8,1,0.57,Medium
7,8,1,0.69,Medium
7,8,1,0.82,High
7,8,1,0.77,High
7,8,1,0.95,High
7,8,1,0.96,High
7,8,1,0.875,High
7,8,1,1.0,High
7,8,1,1.0,High
7,8,0,0.0,Low
7,8,0,0.015,Low
7,8,0,0.035,Low
7,8,0,0.03,Low
7,8,0,0.0,Low
7,8,0,0.365,Low
7,8,0,0.085,Low
7,8,0,0.0,Low
7,8,0,0.0,Low
7,8,0,0.285,Low
7,8,0,0.0,Low
7,8,0,0.01,Low
7,8,0,0.0,Low
7,8,1,0.785,High
7,8,0,0.0,Low
7,8,0,0.26,Low
7,8,0,0.015,Low
7,8,0,0.025,Low
7,8,0,0.065,Low
7,8,0,0.0,Low
7,8,0,0.01,Low
7,8,0,0.0,Low
7,8,1,0.93,High
7,8,0,0.39,Low
7,8,1,0.955,High
7,8,1,0.98,High
7,8,1,1.0,High
7,8,1,1.0,High
7,8,1,0.995,High
7,8,1,0.995,High
7,8,1,0.935,High
7,8,1,0.855,High
7,8,1,1.0,High
7,8,1,1.0,High
7,8,1,0.995,High
7,8,1,0.915,High
7,8,1,1.0,High
7,8,1,0.995,High
7,8,1,1.0,High
7,8,0,0.0,Low
7,8,0,0.0,Low
7,8,1,0.82,High
7,8,0,0.005,Low
7,8,0,0.48,Medium
7,8,0,0.01,Low
7,8,0,0.0,Low
7,8,0,0.085,Low
7,8,0,0.0,Low
7,8,0,0.0,Low
7,8,0,0.0,Low
7,8,0,0.005,Low
7,8,0,0.0,Low
7,8,0,0.015,Low
7,8,0,0.235,Low
7,8,0,0.0,Low
7,8,0,0.0,Low
7,8,0,0.0,Low
7,8,0,0.26,Low
7,8,0,0.29,Low
7,8,0,0.0,Low
7,8,0,0.04,Low
7,8,0,0.01,Low
7,8,0,0.0,Low
7,8,0,0.145,Low
7,8,0,0.175,Low
7,8,0,0.005,Low
7,8,0,0.0,Low
7,8,0,0.03,Low
7,8,0,0.0,Low
7,8,0,0.29,Low
7,8,0,0.01,Low
7,8,1,0.76,High
7,8,0,0.0,Low
7,8,0,0.04,Low
7,8,0,0.0,Low
7,8,0,0.0,Low
7,8,0,0.01,Low
7,8,0,0.0,Low
7,8,0,0.045,Low
7,8,0,0.02,Low
7,8,0,0.0,Low
7,8,0,0.3,Low
7,8,0,0.015,Low
7,8,1,0.595,Medium
7,8,1,0.86,High
7,8,1,0.955,High
7,8,1,0.83,High
7,8,1,0.97,High
7,8,1,0.995,High
7,8,1,1.0,High
7,8,0,0.0,Low
7,8,0,0.0,Low
7,8,0,0.02,Low
7,8,0,0.0,Low
7,8,0,0.015,Low
7,8,0,0.0,Low
7,8,0,0.325,Low
7,8,0,0.005,Low
7,8,1,0.99,High
7,8,1,0.98,High
7,8,1,0.97,High
7,8,1,0.96,High
7,8,1,0.815,High
7,8,1,1.0,High
7,8,1,1.0,High
7,8,0,0.01,Low
7,8,0,0.0,Low
7,8,1,0.61,Medium
7,8,1,0.96,High
7,8,1,0.71,High
7,8,1,0.915,High
7,8,1,1.0,High
7,8,1,0.92,High
7,8,1,0.995,High
7,8,1,0.97,High
7,8,1,1.0,High
7,8,1,1.0,High
7,8,1,0.99,High
7,8,1,0.97,High
7,8,1,0.925,High
7,8,1,1.0,High
7,8,1,1.0,High
7,8,1,1.0,High
7,8,1,0.995,High
7,8,1,1.0,High
7,8,1,0.995,High
7,8,1,0.99,High
7,8,0,0.015,Low
7,8,0,0.13,Low
7,8,0,0.03,Low
7,8,1,0.54,Medium
7,8,0,0.025,Low
7,8,1,0.775,High
7,8,0,0.09,Low
7,8,0,0.005,Low
7,8,0,0.03,Low
7,8,0,0.0,Low
7,8,0,0.0,Low
7,8,0,0.04,Low
7,8,0,0.0,Low
7,8,0,0.005,Low
7,8,0,0.39,Low
7,8,0,0.0,Low
7,8,0,0.0,Low
7,8,0,0.0,Low
7,8,0,0.0,Low
7,8,0,0.325,Low
7,8,0,0.0,Low
7,8,0,0.025,Low
7,8,0,0.205,Low
7,8,0,0.06,Low
7,8,0,0.0,Low
7,8,0,0.255,Low
7,8,0,0.0,Low
7,8,0,0.23,Low
7,8,0,0.0,Low
7,8,0,0.015,Low
7,8,0,0.05,Low
7,8,0,0.0,Low
7,8,0,0.0,Low
7,8,0,0.0,Low
7,8,0,0.025,Low
7,8,1,0.805,High
7,8,1,0.895,High
7,8,1,0.515,Medium
7,8,1,0.82,High
7,8,1,0.935,High
7,8,1,1.0,High
7,8,1,0.955,High
7,8,0,0.0,Low
7,8,0,0.0,Low
7,8,0,0.0,Low
7,8,1,0.87,High
7,8,1,0.835,High
7,8,1,0.975,High
7,8,1,0.98,High
7,8,1,0.995,High
7,8,1,1.0,High
7,8,1,0.99,High
7,8,0,0.0,Low
7,8,1,0.97,High
7,8,1,0.825,High
7,8,1,0.925,High
7,8,1,0.965,High
7,8,1,0.995,High
7,8,1,1.0,High
7,8,1,1.0,High
7,8,0,0.0,Low
7,8,0,0.15,Low
7,8,0,0.0,Low
7,8,1,0.875,High
7,8,0,0.03,Low
7,8,0,0.0,Low
7,8,0,0.0,Low
7,8,0,0.005,Low
7,8,0,0.0,Low
7,8,0,0.0,Low
7,8,0,0.0,Low
7,8,0,0.11,Low
7,8,0,0.0,Low
7,8,0,0.22,Low
7,8,0,0.0,Low
7,8,0,0.0,Low
7,8,0,0.105,Low
7,8,0,0.0,Low
7,8,0,0.015,Low
7,8,1,0.98,High
7,8,1,0.985,High
7,8,1,0.78,High
7,8,1,0.885,High
7,8,1,0.995,High
7,8,1,0.995,High
7,8,1,1.0,High
7,8,1,0.78,High
7,8,1,0.975,High
7,8,1,0.945,High
7,8,1,0.995,High
7,8,1,1.0,High
7,8,1,1.0,High
7,8,1,1.0,High
7,8,0,0.0,Low
10,9,0,0.0,Low
10,9,0,0.005,Low
10,9,1,0.78,High
10,9,1,0.86,High
10,9,1,0.76,High
10,9,1,0.97,High
10,9,1,0.95,High
10,9,1,0.925,High
10,9,1,1.0,High
10,9,0,0.01,Low
10,9,0,0.0,Low
10,9,0,0.025,Low
10,9,1,0.87,High
10,9,1,0.945,High
10,9,1,0.97,High
10,9,1,0.975,High
10,9,1,1.0,High
10,9,1,0.975,High
10,9,1,1.0,High
10,9,0,0.0,Low
10,9,0,0.27,Low
10,9,1,0.925,High
10,9,1,0.885,High
10,9,1,0.97,High
10,9,1,0.94,High
10,9,1,0.99,High
10,9,1,1.0,High
10,9,1,0.945,High
10,9,0,0.095,Low
10,9,0,0.0,Low
10,9,0,0.015,Low
10,9,1,0.745,High
10,9,1,0.845,High
10,9,1,0.705,High
10,9,1,0.935,High
10,9,1,0.985,High
10,9,1,1.0,High
10,9,1,1.0,High
10,9,0,0.005,Low
10,9,0,0.005,Low
10,9,0,0.005,Low
10,9,0,0.005,Low
10,9,0,0.03,Low
10,9,0,0.04,Low
10,9,0,0.0,Low
10,9,0,0.0,Low
10,9,0,0.065,Low
10,9,0,0.0,Low
10,9,0,0.01,Low
10,9,0,0.255,Low
10,9,0,0.0,Low
10,9,0,0.295,Low
10,9,0,0.025,Low
10,9,0,0.02,Low
10,9,1,0.9,High
10,9,1,0.905,High
10,9,1,0.88,High
10,9,1,0.995,High
10,9,1,1.0,High
10,9,1,0.98,High
10,9,1,1.0,High
10,9,1,0.92,High
10,9,1,0.915,High
10,9,1,0.84,High
10,9,1,0.995,High
10,9,1,1.0,High
10,9,1,0.98,High
10,9,0,0.015,Low
10,9,0,0.03,Low
10,9,1,0.78,High
10,9,1,0.925,High
10,9,1,0.96,High
10,9,1,0.955,High
10,9,1,1.0,High
10,9,1,1.0,High
10,9,1,0.975,High
10,9,1,1.0,High
10,9,0,0.015,Low
10,9,0,0.35,Low
10,9,0,0.015,Low
10,9,0,0.06,Low
10,9,0,0.0,Low
10,9,0,0.0,Low
10,9,1,0.775,High
10,9,1,0.825,High
10,9,1,0.815,High
10,9,1,0.935,High
10,9,1,0.995,High
10,9,1,1.0,High
10,9,1,1.0,High
10,9,0,0.0,Low
10,9,0,0.005,Low
10,9,0,0.0,Low
10,9,0,0.02,Low
10,9,0,0.0,Low
10,9,0,0.01,Low
10,9,0,0.005,Low
10,9,0,0.01,Low
10,9,0,0.155,Low
10,9,1,0.965,High
10,9,1,0.895,High
10,9,1,1.0,High
10,9,1,0.98,High
10,9,1,0.99,High
10,9,1,1.0,High
10,9,1,1.0,High
10,9,1,0.97,High
10,9,0,0.005,Low
10,9,0,0.005,Low
10,9,0,0.32,Low
10,9,0,0.005,Low
10,9,0,0.01,Low
10,9,0,0.01,Low
10,9,0,0.0,Low
10,9,0,0.32,Low
10,9,0,0.0,Low
10,9,0,0.005,Low
10,9,0,0.47,Medium
10,9,0,0.0,Low
10,9,1,0.53,Medium
10,9,0,0.0,Low
10,9,0,0.0,Low
10,9,0,0.01,Low
10,9,0,0.01,Low
10,9,0,0.005,Low
10,9,0,0.0,Low
10,9,0,0.0,Low
10,9,0,0.0,Low
10,9,0,0.0,Low
10,9,0,0.0,Low
10,9,0,0.05,Low
10,9,0,0.03,Low
10,9,0,0.005,Low
10,9,0,0.0,Low
10,9,0,0.035,Low
10,9,0,0.0,Low
10,9,0,0.0,Low
10,9,0,0.03,Low
10,9,0,0.0,Low
10,9,0,0.005,Low
10,9,0,0.0,Low
10,9,0,0.295,Low
10,9,0,0.0,Low
10,9,0,0.025,Low
10,9,0,0.18,Low
10,9,0,0.0,Low
10,9,0,0.015,Low
10,9,0,0.3,Low
10,9,0,0.0,Low
10,9,0,0.0,Low
10,9,0,0.325,Low
10,9,0,0.015,Low
10,9,0,0.185,Low
10,9,1,0.98,High
10,9,1,0.995,High
10,9,1,0.93,High
10,9,1,0.95,High
10,9,1,0.985,High
10,9,1,0.955,High
10,9,1,1.0,High
10,9,0,0.0,Low
10,9,0,0.0,Low
10,9,0,0.185,Low
10,9,0,0.01,Low
10,9,0,0.0,Low
10,9,0,0.195,Low
10,9,0,0.0,Low
10,9,0,0.0,Low
10,9,0,0.0,Low
10,9,0,0.0,Low
10,9,0,0.0,Low
10,9,0,0.0,Low
10,9,0,0.0,Low
10,9,0,0.0,Low
10,9,1,0.93,High
10,9,1,0.965,High
10,9,0,0.405,Medium
10,9,1,0.865,High
10,9,1,0.975,High
10,9,1,1.0,High
10,9,1,1.0,High
10,9,1,0.98,High
10,9,1,1.0,High
10,9,1,1.0,High
10,9,1,1.0,High
10,9,1,0.99,High
10,9,1,0.98,High
10,9,1,1.0,High
10,9,1,0.91,High
10,9,1,0.83,High
10,9,1,0.97,High
10,9,1,0.85,High
10,9,1,0.93,High
10,9,1,0.73,High
10,9,1,0.905,High
10,9,1,0.96,High
10,9,1,0.995,High
10,9,1,0.995,High
10,9,1,1.0,High
10,9,1,0.995,High
10,9,1,1.0,High
10,9,0,0.005,Low
10,9,0,0.0,Low
10,9,0,0.0,Low
10,9,0,0.0,Low
10,9,0,0.0,Low
10,9,0,0.395,Low
10,9,0,0.0,Low
10,9,0,0.005,Low
10,9,0,0.005,Low
10,9,0,0.005,Low
10,9,0,0.005,Low
10,9,0,0.005,Low
10,9,0,0.005,Low
10,9,0,0.005,Low
10,9,0,0.28,Low
10,9,1,0.885,High
10,9,1,1.0,High
10,9,1,0.985,High
10,9,1,0.94,High
10,9,1,0.97,High
10,9,1,0.99,High
10,9,1,1.0,High
10,9,1,0.885,High
10,9,1,0.995,High
10,9,1,1.0,High
10,9,1,1.0,High
10,9,0,0.005,Low
10,9,0,0.0,Low
10,9,0,0.02,Low
10,9,1,0.725,High
10,9,0,0.235,Low
10,9,0,0.0,Low
10,9,0,0.08,Low
10,9,0,0.0,Low
10,9,0,0.0,Low
10,9,0,0.0,Low
10,9,0,0.02,Low
10,9,0,0.0,Low
10,9,0,0.005,Low
10,9,0,0.005,Low
10,9,0,0.0,Low
10,9,0,0.0,Low
10,9,0,0.0,Low
10,9,0,0.055,Low
10,9,0,0.02,Low
10,9,0,0.0,Low
10,9,0,0.01,Low
10,9,0,0.0,Low
10,9,0,0.025,Low
10,9,0,0.325,Low
10,9,0,0.0,Low
10,9,0,0.0,Low
10,9,0,0.0,Low
10,9,0,0.0,Low
10,9,0,0.0,Low
10,9,0,0.42,Medium
10,9,0,0.0,Low
10,9,0,0.0,Low
10,9,0,0.0,Low
10,9,0,0.0,Low
10,9,0,0.285,Low
10,9,0,0.0,Low
10,9,0,0.015,Low
10,9,0,0.04,Low
10,9,0,0.195,Low
10,9,0,0.145,Low
10,9,1,0.965,High
10,9,1,0.94,High
10,9,1,0.99,High
10,9,1,0.93,High
10,9,1,0.99,High
10,9,1,1.0,High
10,9,1,0.81,High
10,9,1,0.995,High
10,9,1,0.985,High
10,9,1,0.965,High
10,9,1,0.99,High
10,9,1,0.99,High
10,9,0,0.005,Low
10,9,0,0.02,Low
10,9,0,0.0,Low
10,9,0,0.295,Low
10,9,0,0.03,Low
10,9,0,0.005,Low
10,9,0,0.0,Low
10,9,0,0.0,Low
10,9,0,0.0,Low
10,9,0,0.005,Low
10,9,0,0.0,Low
10,9,0,0.0,Low
10,9,1,0.525,Medium
10,9,1,0.8,High
10,9,1,0.94,High
10,9,1,0.915,High
10,9,1,1.0,High
10,9,1,0.94,High
10,9,1,1.0,High
10,9,0,0.0,Low
10,9,0,0.0,Low
10,9,0,0.005,Low
10,9,0,0.005,Low
10,9,0,0.0,Low
10,9,0,0.0,Low
10,9,0,0.0,Low
10,9,0,0.055,Low
10,9,0,0.0,Low
10,9,0,0.045,Low
10,9,1,0.93,High
10,9,1,0.87,High
10,9,1,0.965,High
10,9,1,1.0,High
10,9,1,0.965,High
10,9,1,1.0,High
10,9,1,1.0,High
10,9,1,0.995,High
10,9,1,0.97,High
10,9,1,0.98,High
10,9,1,0.97,High
10,9,1,0.97,High
10,9,1,0.985,High
10,9,1,0.925,High
10,9,1,1.0,High
10,9,0,0.005,Low
10,9,0,0.005,Low
10,9,0,0.15,Low
10,9,0,0.005,Low
10,9,0,0.0,Low
10,9,1,0.805,High
10,9,1,0.805,High
10,9,1,0.96,High
10,9,1,0.94,High
10,9,1,1.0,High
10,9,1,0.965,High
10,9,1,1.0,High
10,9,1,1.0,High
10,9,1,1.0,High
10,9,1,0.98,High
10,9,1,0.905,High
10,9,1,1.0,High
10,9,1,0.985,High
10,9,1,0.97,High
10,9,1,0.98,High
10,9,1,0.995,High
10,9,1,1.0,High
10,9,1,1.0,High
10,9,0,0.0,Low
10,9,0,0.0,Low
10,9,1,0.685,Medium
10,9,1,0.96,High
10,9,1,0.945,High
10,9,1,0.95,High
10,9,1,1.0,High
10,9,1,1.0,High
10,9,1,0.895,High
10,9,1,0.685,Medium
10,9,1,0.99,High
10,9,1,1.0,High
10,9,1,0.99,High
10,9,1,0.985,High
10,9,1,1.0,High
10,9,0,0.35,Low
10,9,0,0.005,Low
10,9,0,0.01,Low
10,9,1,0.785,High
9,10,0,0.03,Low
9,10,0,0.0,Low
9,10,0,0.0,Low
9,10,0,0.27,Low
9,10,0,0.0,Low
9,10,0,0.0,Low
9,10,0,0.0,Low
9,10,0,0.0,Low
9,10,0,0.115,Low
9,10,0,0.09,Low
9,10,0,0.0,Low
9,10,0,0.0,Low
9,10,0,0.0,Low
9,10,0,0.0,Low
9,10,0,0.0,Low
9,10,0,0.0,Low
9,10,0,0.0,Low
9,10,0,0.0,Low
9,10,0,0.0,Low
9,10,0,0.245,Low
9,10,0,0.0,Low
9,10,0,0.0,Low
9,10,0,0.005,Low
9,10,0,0.02,Low
9,10,0,0.015,Low
9,10,0,0.0,Low
9,10,0,0.0,Low
9,10,0,0.085,Low
9,10,0,0.0,Low
9,10,0,0.0,Low
9,10,1,0.94,High
9,10,1,0.93,High
9,10,1,0.88,High
9,10,1,0.88,High
9,10,1,1.0,High
9,10,1,0.895,High
9,10,1,0.97,High
9,10,0,0.0,Low
9,10,0,0.075,Low
9,10,0,0.35,Low
9,10,0,0.005,Low
9,10,0,0.0,Low
9,10,0,0.0,Low
9,10,0,0.085,Low
9,10,1,0.835,High
9,10,1,0.86,High
9,10,1,0.95,High
9,10,1,0.995,High
9,10,1,0.965,High
9,10,1,1.0,High
9,10,1,1.0,High
9,10,0,0.01,Low
9,10,0,0.0,Low
9,10,1,0.84,High
9,10,1,0.865,High
9,10,1,0.88,High
9,10,1,0.89,High
9,10,1,0.79,High
9,10,1,0.91,High
9,10,1,1.0,High
9,10,1,0.8,High
9,10,1,0.715,High
9,10,1,0.92,High
9,10,1,0.745,High
9,10,1,0.97,High
9,10,1,1.0,High
9,10,1,1.0,High
9,10,1,1.0,High
9,10,0,0.01,Low
9,10,0,0.28,Low
9,10,0,0.02,Low
9,10,0,0.0,Low
9,10,0,0.025,Low
9,10,0,0.0,Low
9,10,1,0.67,Medium
9,10,1,0.525,Medium
9,10,1,1.0,High
9,10,1,0.975,High
9,10,1,0.98,High
9,10,1,1.0,High
9,10,1,1.0,High
9,10,0,0.0,Low
9,10,1,0.955,High
9,10,1,0.925,High
9,10,1,0.96,High
9,10,1,0.975,High
9,10,1,0.91,High
9,10,1,1.0,High
9,10,1,1.0,High
9,10,0,0.245,Low
9,10,0,0.005,Low
9,10,0,0.0,Low
9,10,0,0.085,Low
9,10,0,0.225,Low
9,10,0,0.04,Low
9,10,0,0.02,Low
9,10,1,0.91,High
9,10,1,0.935,High
9,10,1,0.85,High
9,10,1,0.9,High
9,10,1,0.945,High
9,10,1,1.0,High
9,10,1,1.0,High
9,10,1,0.995,High
9,10,1,0.98,High
9,10,0,0.295,Low
9,10,0,0.005,Low
9,10,0,0.005,Low
9,10,0,0.045,Low
9,10,0,0.005,Low
9,10,0,0.0,Low
9,10,0,0.0,Low
9,10,1,0.885,High
9,10,1,0.965,High
9,10,1,0.97,High
9,10,1,0.975,High
9,10,1,1.0,High
9,10,1,0.985,High
9,10,1,0.99,High
9,10,0,0.0,Low
9,10,0,0.0,Low
9,10,1,0.755,High
9,10,1,0.96,High
9,10,1,0.89,High
9,10,1,0.975,High
9,10,1,0.965,High
9,10,1,0.85,High
9,10,1,1.0,High
9,10,0,0.23,Low
9,10,0,0.005,Low
9,10,0,0.03,Low
9,10,0,0.0,Low
9,10,0,0.0,Low
9,10,0,0.145,Low
9,10,0,0.015,Low
9,10,0,0.0,Low
9,10,0,0.0,Low
9,10,0,0.01,Low
9,10,0,0.0,Low
9,10,0,0.01,Low
9,10,1,0.83,High
9,10,1,0.985,High
9,10,1,0.85,High
9,10,1,0.93,High
9,10,1,0.915,High
9,10,1,1.0,High
9,10,1,1.0,High
9,10,0,0.01,Low
9,10,1,0.81,High
9,10,0,0.395,Low
9,10,1,0.965,High
9,10,1,0.89,High
9,10,1,0.98,High
9,10,1,0.985,High
9,10,1,1.0,High
9,10,0,0.0,Low
9,10,0,0.03,Low
9,10,0,0.0,Low
9,10,0,0.335,Low
9,10,0,0.0,Low
9,10,0,0.005,Low
9,10,0,0.0,Low
9,10,0,0.0,Low
9,10,0,0.0,Low
9,10,0,0.0,Low
9,10,0,0.01,Low
9,10,0,0.0,Low
9,10,1,0.88,High
9,10,1,1.0,High
9,10,1,0.93,High
9,10,1,0.935,High
9,10,1,0.735,High
9,10,1,0.86,High
9,10,1,1.0,High
9,10,0,0.0,Low
9,10,1,0.925,High
9,10,1,0.93,High
9,10,1,0.92,High
9,10,1,0.72,High
9,10,1,1.0,High
9,10,1,0.79,High
9,10,1,0.995,High
9,10,1,1.0,High
9,10,1,0.9,High
9,10,1,1.0,High
9,10,0,0.0,Low
9,10,1,0.89,High
9,10,1,0.985,High
9,10,1,0.925,High
9,10,1,1.0,High
9,10,1,0.995,High
9,10,1,0.995,High
9,10,1,1.0,High
9,10,1,0.905,High
9,10,1,0.94,High
9,10,1,0.995,High
9,10,1,0.785,High
9,10,1,0.935,High
9,10,1,0.98,High
9,10,1,0.94,High
9,10,1,0.96,High
9,10,1,0.965,High
9,10,1,0.99,High
9,10,1,1.0,High
9,10,1,0.935,High
9,10,0,0.01,Low
9,10,0,0.0,Low
9,10,0,0.0,Low
9,10,0,0.005,Low
9,10,0,0.0,Low
9,10,0,0.0,Low
9,10,0,0.125,Low
9,10,0,0.35,Low
9,10,0,0.37,Low
9,10,0,0.3,Low
9,10,0,0.29,Low
9,10,0,0.02,Low
9,10,0,0.0,Low
9,10,0,0.055,Low
9,10,0,0.0,Low
9,10,0,0.0,Low
9,10,0,0.01,Low
9,10,0,0.0,Low
9,10,0,0.16,Low
9,10,0,0.235,Low
9,10,0,0.0,Low
9,10,0,0.005,Low
9,10,1,0.92,High
9,10,1,0.93,High
9,10,1,0.985,High
9,10,1,0.955,High
9,10,1,0.935,High
9,10,1,1.0,High
9,10,1,0.985,High
9,10,0,0.24,Low
9,10,1,0.785,High
9,10,1,0.94,High
9,10,1,0.695,Medium
9,10,1,0.985,High
9,10,1,0.995,High
9,10,1,1.0,High
9,10,1,1.0,High
9,10,0,0.34,Low
9,10,0,0.0,Low
9,10,0,0.015,Low
9,10,0,0.005,Low
9,10,0,0.005,Low
9,10,0,0.3,Low
9,10,0,0.0,Low
9,10,0,0.24,Low
9,10,0,0.0,Low
9,10,0,0.0,Low
9,10,0,0.015,Low
9,10,0,0.03,Low
9,10,0,0.0,Low
9,10,0,0.0,Low
9,10,0,0.0,Low
9,10,0,0.015,Low
9,10,0,0.0,Low
9,10,1,0.725,High
9,10,1,0.835,High
9,10,1,0.965,High
9,10,1,0.88,High
9,10,1,0.93,High
9,10,1,0.96,High
9,10,1,1.0,High
9,10,0,0.03,Low
9,10,0,0.395,Low
9,10,0,0.02,Low
9,10,0,0.025,Low
9,10,1,0.89,High
9,10,1,0.96,High
9,10,1,0.93,High
9,10,1,0.85,High
9,10,1,0.72,High
9,10,1,0.995,High
9,10,1,0.995,High
9,10,0,0.0,Low
9,10,0,0.025,Low
9,10,0,0.0,Low
9,10,0,0.015,Low
9,10,0,0.0,Low
9,10,0,0.005,Low
9,10,0,0.115,Low
9,10,0,0.0,Low
9,10,0,0.345,Low
9,10,1,0.805,High
9,10,1,0.96,High
9,10,1,0.885,High
9,10,1,0.995,High
9,10,1,0.995,High
9,10,1,0.895,High
9,10,1,1.0,High
9,10,1,0.99,High
9,10,1,0.885,High
9,10,1,0.96,High
9,10,1,0.955,High
9,10,0,0.42,Medium
9,10,1,0.995,High
9,10,1,1.0,High
9,10,1,0.835,High
9,10,1,0.97,High
9,10,1,0.97,High
9,10,1,0.97,High
9,10,1,1.0,High
9,10,0,0.24,Low
9,10,0,0.12,Low
9,10,0,0.0,Low
9,10,0,0.045,Low
9,10,0,0.0,Low
9,10,0,0.0,Low
9,10,1,0.765,High
9,10,1,0.845,High
9,10,1,0.98,High
9,10,1,0.99,High
9,10,1,1.0,High
9,10,1,0.935,High
9,10,1,1.0,High
9,10,0,0.0,Low
9,10,0,0.0,Low
9,10,0,0.28,Low
9,10,0,0.035,Low
9,10,0,0.0,Low
9,10,0,0.0,Low
9,10,0,0.0,Low
9,10,0,0.04,Low
9,10,1,0.78,High
9,10,1,0.915,High
9,10,1,0.925,High
9,10,1,0.98,High
9,10,1,0.915,High
9,10,1,0.95,High
9,10,1,0.91,High
9,10,0,0.005,Low
9,10,0,0.005,Low
9,10,1,0.985,High
9,10,1,0.96,High
9,10,1,0.935,High
9,10,1,0.965,High
9,10,1,0.995,High
9,10,1,0.995,High
9,10,1,1.0,High
9,10,1,0.765,High
9,10,1,0.92,High
9,10,1,1.0,High
9,10,1,1.0,High
9,10,0,0.085,Low
9,10,0,0.0,Low
9,10,0,0.0,Low
9,10,1,0.955,High
9,10,1,0.965,High
9,10,1,0.91,High
9,10,1,0.97,High
9,10,1,1.0,High
9,10,1,0.95,High
9,10,1,0.54,Medium
9,10,1,1.0,High
9,10,1,0.995,High
9,10,0,0.03,Low
9,10,0,0.415,Medium
9,10,0,0.06,Low
9,10,0,0.0,Low
9,10,0,0.17,Low
9,10,0,0.0,Low
9,10,0,0.15,Low
12,11,0,0.05,Low
12,11,0,0.0,Low
12,11,0,0.01,Low
12,11,0,0.02,Low
12,11,0,0.005,Low
12,11,0,0.0,Low
12,11,0,0.01,Low
12,11,0,0.02,Low
12,11,0,0.0,Low
12,11,0,0.005,Low
12,11,0,0.0,Low
12,11,0,0.0,Low
12,11,0,0.015,Low
12,11,0,0.0,Low
12,11,0,0.0,Low
12,11,0,0.0,Low
12,11,0,0.015,Low
12,11,0,0.01,Low
12,11,0,0.0,Low
12,11,1,0.835,High
12,11,1,0.855,High
12,11,1,0.93,High
12,11,1,0.98,High
12,11,1,0.855,High
12,11,1,0.995,High
12,11,1,1.0,High
12,11,0,0.005,Low
12,11,0,0.02,Low
12,11,0,0.325,Low
12,11,0,0.0,Low
12,11,0,0.05,Low
12,11,0,0.0,Low
12,11,0,0.0,Low
12,11,0,0.0,Low
12,11,0,0.0,Low
12,11,0,0.315,Low
12,11,0,0.0,Low
12,11,0,0.27,Low
12,11,0,0.025,Low
12,11,0,0.0,Low
12,11,0,0.0,Low
12,11,1,0.97,High
12,11,1,0.625,Medium
12,11,1,1.0,High
12,11,1,0.905,High
12,11,1,0.99,High
12,11,1,1.0,High
12,11,1,1.0,High
12,11,0,0.005,Low
12,11,1,0.765,High
12,11,1,0.94,High
12,11,1,0.965,High
12,11,1,0.975,High
12,11,1,0.995,High
12,11,1,0.97,High
12,11,1,1.0,High
12,11,1,0.835,High
12,11,1,0.98,High
12,11,0,0.03,Low
12,11,0,0.005,Low
12,11,0,0.29,Low
12,11,0,0.005,Low
12,11,0,0.36,Low
12,11,0,0.18,Low
12,11,0,0.12,Low
12,11,0,0.0,Low
12,11,0,0.005,Low
12,11,0,0.2,Low
12,11,0,0.0,Low
12,11,0,0.305,Low
12,11,0,0.005,Low
12,11,0,0.005,Low
12,11,0,0.01,Low
12,11,0,0.125,Low
12,11,0,0.01,Low
12,11,0,0.0,Low
12,11,0,0.01,Low
12,11,0,0.025,Low
12,11,0,0.0,Low
12,11,0,0.055,Low
12,11,0,0.0,Low
12,11,0,0.04,Low
12,11,0,0.04,Low
12,11,0,0.02,Low
12,11,0,0.02,Low
12,11,0,0.02,Low
12,11,0,0.01,Low
12,11,0,0.275,Low
12,11,0,0.0,Low
12,11,0,0.02,Low
12,11,0,0.025,Low
12,11,0,0.1,Low
12,11,0,0.005,Low
12,11,0,0.005,Low
12,11,0,0.01,Low
12,11,0,0.025,Low
12,11,0,0.01,Low
12,11,0,0.03,Low
12,11,0,0.0,Low
12,11,0,0.0,Low
12,11,0,0.055,Low
12,11,0,0.02,Low
12,11,0,0.32,Low
12,11,0,0.0,Low
12,11,0,0.0,Low
12,11,0,0.0,Low
12,11,0,0.04,Low
12,11,0,0.01,Low
12,11,0,0.045,Low
12,11,0,0.0,Low
12,11,0,0.215,Low
12,11,1,0.96,High
12,11,1,0.88,High
12,11,1,0.92,High
12,11,1,0.92,High
12,11,1,0.995,High
12,11,1,0.995,High
12,11,1,0.955,High
12,11,0,0.0,Low
12,11,0,0.275,Low
12,11,0,0.09,Low
12,11,0,0.0,Low
12,11,0,0.28,Low
12,11,0,0.01,Low
12,11,0,0.0,Low
12,11,0,0.15,Low
12,11,0,0.0,Low
12,11,0,0.005,Low
12,11,0,0.02,Low
12,11,0,0.16,Low
12,11,0,0.0,Low
12,11,0,0.005,Low
12,11,1,0.96,High
12,11,1,0.93,High
12,11,1,0.985,High
12,11,1,0.81,High
12,11,1,0.975,High
12,11,1,1.0,High
12,11,1,1.0,High
12,11,0,0.015,Low
12,11,0,0.295,Low
12,11,0,0.0,Low
12,11,0,0.0,Low
12,11,0,0.0,Low
12,11,0,0.0,Low
12,11,0,0.005,Low
12,11,0,0.29,Low
12,11,0,0.0,Low
12,11,0,0.0,Low
12,11,0,0.0,Low
12,11,0,0.31,Low
12,11,0,0.0,Low
12,11,0,0.0,Low
12,11,0,0.285,Low
12,11,0,0.01,Low
12,11,1,0.535,Medium
12,11,1,0.88,High
12,11,1,0.955,High
12,11,1,0.935,High
12,11,1,1.0,High
12,11,1,1.0,High
12,11,1,1.0,High
12,11,0,0.205,Low
12,11,0,0.345,Low
12,11,0,0.005,Low
12,11,0,0.01,Low
12,11,0,0.005,Low
12,11,0,0.005,Low
12,11,0,0.0,Low
12,11,0,0.025,Low
12,11,0,0.145,Low
12,11,0,0.43,Medium
12,11,0,0.21,Low
12,11,0,0.13,Low
12,11,1,0.835,High
12,11,1,0.955,High
12,11,1,0.895,High
12,11,1,0.94,High
12,11,1,0.93,High
12,11,1,0.7,High
12,11,1,0.925,High
12,11,1,0.88,High
12,11,1,0.985,High
12,11,1,0.92,High
12,11,1,0.955,High
12,11,1,0.995,High
12,11,0,0.04,Low
12,11,0,0.27,Low
12,11,1,0.8,High
12,11,1,0.885,High
12,11,1,0.83,High
12,11,1,0.845,High
12,11,1,1.0,High
12,11,1,0.975,High
12,11,1,0.995,High
12,11,1,0.76,High
12,11,1,0.96,High
12,11,1,0.91,High
12,11,1,0.895,High
12,11,1,0.97,High
12,11,1,0.955,High
12,11,1,0.92,High
12,11,1,0.58,Medium
12,11,0,0.0,Low
12,11,0,0.01,Low
12,11,0,0.01,Low
12,11,0,0.02,Low
12,11,0,0.0,Low
12,11,0,0.005,Low
12,11,0,0.01,Low
12,11,1,0.91,High
12,11,1,0.885,High
12,11,1,0.925,High
12,11,1,0.97,High
12,11,1,0.98,High
12,11,1,1.0,High
12,11,1,1.0,High
12,11,1,0.975,High
12,11,1,0.94,High
12,11,1,0.95,High
12,11,1,1.0,High
12,11,1,1.0,High
12,11,0,0.005,Low
12,11,1,0.745,High
12,11,1,0.925,High
12,11,1,0.915,High
12,11,1,0.975,High
12,11,1,0.905,High
12,11,1,0.995,High
12,11,1,0.915,High
12,11,0,0.245,Low
12,11,0,0.0,Low
12,11,0,0.0,Low
12,11,0,0.0,Low
12,11,1,0.72,High
12,11,0,0.005,Low
12,11,1,0.75,High
12,11,1,0.925,High
12,11,1,0.98,High
12,11,1,0.92,High
12,11,1,0.875,High
12,11,1,0.995,High
12,11,1,1.0,High
12,11,0,0.005,Low
12,11,0,0.0,Low
12,11,0,0.0,Low
12,11,0,0.005,Low
12,11,0,0.025,Low
12,11,0,0.0,Low
12,11,0,0.015,Low
12,11,1,0.885,High
12,11,1,0.88,High
12,11,1,0.925,High
12,11,1,0.955,High
12,11,1,1.0,High
12,11,1,1.0,High
12,11,1,0.995,High
12,11,0,0.0,Low
12,11,0,0.025,Low
12,11,0,0.025,Low
12,11,0,0.04,Low
12,11,0,0.0,Low
12,11,0,0.005,Low
12,11,0,0.02,Low
12,11,0,0.005,Low
12,11,0,0.35,Low
12,11,1,0.885,High
12,11,1,0.96,High
12,11,1,0.885,High
12,11,1,0.97,High
12,11,1,0.955,High
12,11,1,1.0,High
12,11,1,0.99,High
12,11,1,0.995,High
12,11,1,0.735,High
12,11,0,0.005,Low
12,11,0,0.03,Low
12,11,0,0.015,Low
12,11,0,0.0,Low
12,11,0,0.01,Low
12,11,0,0.0,Low
12,11,0,0.08,Low
12,11,0,0.0,Low
12,11,0,0.0,Low
12,11,1,0.67,Medium
12,11,0,0.005,Low
12,11,0,0.0,Low
12,11,0,0.145,Low
12,11,0,0.265,Low
12,11,0,0.025,Low
12,11,0,0.185,Low
12,11,0,0.0,Low
12,11,0,0.245,Low
12,11,0,0.0,Low
12,11,0,0.02,Low
12,11,0,0.0,Low
12,11,0,0.2,Low
12,11,0,0.14,Low
12,11,0,0.025,Low
12,11,0,0.0,Low
12,11,0,0.0,Low
12,11,0,0.02,Low
12,11,0,0.0,Low
12,11,0,0.14,Low
12,11,0,0.0,Low
12,11,0,0.005,Low
12,11,0,0.0,Low
12,11,0,0.005,Low
12,11,0,0.0,Low
12,11,1,0.56,Medium
12,11,0,0.0,Low
12,11,0,0.0,Low
12,11,0,0.155,Low
12,11,0,0.0,Low
12,11,0,0.0,Low
12,11,0,0.275,Low
12,11,0,0.005,Low
12,11,0,0.015,Low
12,11,0,0.0,Low
12,11,1,0.715,High
12,11,0,0.0,Low
12,11,0,0.02,Low
12,11,0,0.0,Low
12,11,0,0.0,Low
12,11,0,0.14,Low
12,11,0,0.325,Low
12,11,0,0.015,Low
12,11,0,0.0,Low
12,11,0,0.0,Low
12,11,0,0.005,Low
12,11,0,0.0,Low
12,11,0,0.0,Low
12,11,0,0.005,Low
12,11,0,0.01,Low
12,11,0,0.0,Low
12,11,0,0.0,Low
12,11,0,0.0,Low
12,11,0,0.355,Low
12,11,0,0.015,Low
12,11,0,0.02,Low
12,11,0,0.235,Low
12,11,0,0.035,Low
12,11,0,0.0,Low
12,11,1,0.79,High
12,11,1,0.825,High
12,11,1,0.98,High
12,11,1,0.845,High
12,11,1,0.915,High
12,11,1,0.96,High
12,11,1,1.0,High
12,11,0,0.22,Low
12,11,0,0.0,Low
12,11,0,0.005,Low
12,11,1,0.815,High
12,11,1,0.95,High
12,11,1,0.99,High
12,11,1,1.0,High
12,11,1,0.985,High
12,11,1,0.93,High
12,11,1,0.995,High
12,11,1,1.0,High
12,11,0,0.0,Low
12,11,0,0.0,Low
12,11,0,0.0,Low
12,11,0,0.005,Low
11,12,1,0.67,Medium
11,12,1,0.765,High
11,12,1,0.955,High
11,12,1,0.91,High
11,12,1,0.89,High
11,12,1,0.845,High
11,12,1,1.0,High
11,12,1,0.87,High
11,12,1,0.94,High
11,12,1,1.0,High
11,12,1,0.98,High
11,12,1,1.0,High
11,12,0,0.005,Low
11,12,0,0.035,Low
11,12,0,0.04,Low
11,12,0,0.0,Low
11,12,0,0.0,Low
11,12,0,0.015,Low
11,12,0,0.005,Low
11,12,1,0.645,Medium
11,12,0,0.01,Low
11,12,0,0.0,Low
11,12,0,0.01,Low
11,12,0,0.0,Low
11,12,0,0.005,Low
11,12,0,0.005,Low
11,12,0,0.15,Low
11,12,0,0.005,Low
11,12,0,0.005,Low
11,12,0,0.0,Low
11,12,0,0.005,Low
11,12,0,0.325,Low
11,12,0,0.035,Low
11,12,0,0.005,Low
11,12,0,0.005,Low
11,12,1,0.855,High
11,12,1,0.975,High
11,12,1,0.93,High
11,12,1,0.985,High
11,12,1,0.98,High
11,12,1,1.0,High
11,12,1,0.95,High
11,12,0,0.195,Low
11,12,0,0.055,Low
11,12,0,0.01,Low
11,12,0,0.125,Low
11,12,0,0.0,Low
11,12,0,0.0,Low
11,12,0,0.0,Low
11,12,0,0.025,Low
11,12,0,0.0,Low
11,12,0,0.0,Low
11,12,0,0.0,Low
11,12,1,0.865,High
11,12,1,0.815,High
11,12,1,0.89,High
11,12,1,1.0,High
11,12,1,0.97,High
11,12,1,0.99,High
11,12,1,0.99,High
11,12,0,0.01,Low
11,12,0,0.435,Medium
11,12,0,0.0,Low
11,12,0,0.005,Low
11,12,0,0.01,Low
11,12,0,0.005,Low
11,12,0,0.19,Low
11,12,0,0.005,Low
11,12,0,0.025,Low
11,12,0,0.005,Low
11,12,0,0.32,Low
11,12,0,0.0,Low
11,12,0,0.07,Low
11,12,0,0.025,Low
11,12,0,0.005,Low
11,12,1,0.84,High
11,12,1,0.985,High
11,12,1,0.995,High
11,12,1,0.96,High
11,12,1,0.885,High
11,12,1,0.885,High
11,12,1,1.0,High
11,12,0,0.0,Low
11,12,0,0.0,Low
11,12,0,0.005,Low
11,12,0,0.0,Low
11,12,0,0.005,Low
11,12,1,0.93,High
11,12,1,0.86,High
11,12,1,0.93,High
11,12,1,0.965,High
11,12,1,1.0,High
11,12,1,0.995,High
11,12,1,1.0,High
11,12,0,0.385,Low
11,12,0,0.065,Low
11,12,0,0.155,Low
11,12,0,0.225,Low
11,12,0,0.005,Low
11,12,0,0.0,Low
11,12,0,0.01,Low
11,12,0,0.035,Low
11,12,0,0.09,Low
11,12,0,0.0,Low
11,12,0,0.225,Low
11,12,0,0.045,Low
11,12,0,0.005,Low
11,12,0,0.285,Low
11,12,0,0.1,Low
11,12,0,0.0,Low
11,12,0,0.02,Low
11,12,0,0.0,Low
11,12,0,0.275,Low
11,12,0,0.01,Low
11,12,0,0.0,Low
11,12,0,0.005,Low
11,12,0,0.01,Low
11,12,0,0.29,Low
11,12,0,0.0,Low
11,12,0,0.06,Low
11,12,1,0.83,High
11,12,1,0.975,High
11,12,1,0.995,High
11,12,1,0.995,High
11,12,1,1.0,High
11,12,1,1.0,High
11,12,1,0.99,High
11,12,0,0.0,Low
11,12,0,0.0,Low
11,12,0,0.0,Low
11,12,0,0.01,Low
11,12,0,0.275,Low
11,12,0,0.11,Low
11,12,0,0.0,Low
11,12,0,0.0,Low
11,12,0,0.005,Low
11,12,0,0.01,Low
11,12,0,0.005,Low
11,12,0,0.345,Low
11,12,0,0.15,Low
11,12,0,0.0,Low
11,12,0,0.01,Low
11,12,1,0.605,Medium
11,12,0,0.06,Low
11,12,0,0.04,Low
11,12,0,0.0,Low
11,12,0,0.0,Low
11,12,0,0.005,Low
11,12,0,0.0,Low
11,12,0,0.0,Low
11,12,0,0.02,Low
11,12,0,0.0,Low
11,12,0,0.0,Low
11,12,0,0.13,Low
11,12,0,0.005,Low
11,12,0,0.0,Low
11,12,0,0.005,Low
11,12,0,0.0,Low
11,12,1,0.945,High
11,12,1,0.515,Medium
11,12,1,0.845,High
11,12,1,0.92,High
11,12,1,1.0,High
11,12,1,0.98,High
11,12,1,0.945,High
11,12,1,0.905,High
11,12,1,1.0,High
11,12,0,0.0,Low
11,12,0,0.355,Low
11,12,0,0.065,Low
11,12,0,0.0,Low
11,12,0,0.035,Low
11,12,0,0.005,Low
11,12,0,0.0,Low
11,12,0,0.0,Low
11,12,0,0.025,Low
11,12,0,0.07,Low
11,12,0,0.0,Low
11,12,0,0.055,Low
11,12,0,0.0,Low
11,12,0,0.115,Low
11,12,1,0.765,High
11,12,1,0.93,High
11,12,1,0.98,High
11,12,1,0.77,High
11,12,1,0.87,High
11,12,1,0.925,High
11,12,1,0.995,High
11,12,0,0.0,Low
11,12,0,0.0,Low
11,12,0,0.015,Low
11,12,0,0.0,Low
11,12,0,0.435,Medium
11,12,1,0.795,High
11,12,1,0.94,High
11,12,1,0.995,High
11,12,1,0.93,High
11,12,1,0.945,High
11,12,1,0.95,High
11,12,1,1.0,High
11,12,0,0.005,Low
11,12,0,0.09,Low
11,12,0,0.01,Low
11,12,0,0.0,Low
11,12,0,0.29,Low
11,12,0,0.4,Medium
11,12,1,0.82,High
11,12,1,1.0,High
11,12,1,0.86,High
11,12,1,0.945,High
11,12,1,1.0,High
11,12,1,0.995,High
11,12,0,0.015,Low
11,12,0,0.065,Low
11,12,0,0.43,Medium
11,12,0,0.0,Low
11,12,0,0.0,Low
11,12,1,0.89,High
11,12,1,0.91,High
11,12,1,0.96,High
11,12,1,0.865,High
11,12,1,1.0,High
11,12,1,0.95,High
11,12,1,0.82,High
11,12,1,1.0,High
11,12,1,1.0,High
11,12,1,1.0,High
11,12,1,0.92,High
11,12,1,0.915,High
11,12,0,0.12,Low
11,12,0,0.0,Low
11,12,0,0.0,Low
11,12,0,0.005,Low
11,12,1,0.88,High
11,12,1,0.915,High
11,12,1,0.825,High
11,12,1,0.995,High
11,12,1,0.99,High
11,12,1,0.965,High
11,12,1,1.0,High
11,12,0,0.0,Low
11,12,0,0.005,Low
11,12,0,0.175,Low
11,12,0,0.0,Low
11,12,0,0.0,Low
11,12,0,0.0,Low
11,12,0,0.01,Low
11,12,0,0.005,Low
11,12,0,0.0,Low
11,12,0,0.265,Low
11,12,0,0.005,Low
11,12,0,0.0,Low
11,12,0,0.0,Low
11,12,0,0.0,Low
11,12,0,0.0,Low
11,12,0,0.175,Low
11,12,0,0.24,Low
11,12,0,0.02,Low
11,12,0,0.02,Low
11,12,0,0.01,Low
11,12,0,0.0,Low
11,12,0,0.0,Low
11,12,0,0.005,Low
11,12,0,0.14,Low
11,12,0,0.005,Low
11,12,0,0.0,Low
11,12,0,0.0,Low
11,12,0,0.005,Low
11,12,0,0.0,Low
11,12,0,0.0,Low
11,12,0,0.005,Low
11,12,0,0.0,Low
11,12,0,0.0,Low
11,12,0,0.015,Low
11,12,0,0.0,Low
11,12,0,0.03,Low
11,12,0,0.265,Low
11,12,0,0.005,Low
11,12,0,0.0,Low
11,12,0,0.0,Low
11,12,1,0.545,Medium
11,12,1,0.97,High
11,12,0,0.0,Low
11,12,0,0.005,Low
11,12,1,0.95,High
11,12,1,0.875,High
11,12,1,0.995,High
11,12,1,0.935,High
11,12,1,1.0,High
11,12,1,0.99,High
11,12,1,0.985,High
11,12,1,0.98,High
11,12,1,1.0,High
11,12,0,0.005,Low
11,12,0,0.005,Low
11,12,0,0.0,Low
11,12,0,0.0,Low
11,12,0,0.0,Low
11,12,0,0.015,Low
11,12,0,0.0,Low
11,12,0,0.0,Low
11,12,0,0.01,Low
11,12,0,0.01,Low
11,12,0,0.075,Low
11,12,0,0.005,Low
11,12,0,0.0,Low
11,12,0,0.01,Low
11,12,0,0.095,Low
11,12,0,0.035,Low
11,12,0,0.0,Low
11,12,0,0.0,Low
11,12,1,0.63,Medium
11,12,0,0.075,Low
11,12,0,0.005,Low
11,12,0,0.005,Low
11,12,1,0.955,High
11,12,1,0.775,High
11,12,1,0.925,High
11,12,1,0.98,High
11,12,1,0.965,High
11,12,1,0.975,High
11,12,1,0.995,High
11,12,1,0.885,High
11,12,1,0.885,High
11,12,1,0.995,High
11,12,1,0.995,High
11,12,1,0.985,High
11,12,0,0.01,Low
11,12,0,0.045,Low
11,12,0,0.0,Low
11,12,0,0.0,Low
11,12,0,0.0,Low
11,12,0,0.2,Low
11,12,0,0.315,Low
11,12,0,0.0,Low
11,12,0,0.0,Low
11,12,0,0.005,Low
11,12,0,0.0,Low
11,12,0,0.0,Low
11,12,0,0.0,Low
11,12,0,0.01,Low
11,12,0,0.0,Low
11,12,1,0.805,High
11,12,1,0.845,High
11,12,1,0.91,High
11,12,1,0.81,High
11,12,1,0.99,High
11,12,1,0.995,High
11,12,1,0.985,High
11,12,0,0.0,Low
11,12,0,0.0,Low
11,12,0,0.03,Low
11,12,0,0.02,Low
11,12,0,0.0,Low
11,12,0,0.0,Low
11,12,0,0.155,Low
11,12,0,0.0,Low
11,12,0,0.025,Low
11,12,0,0.04,Low
11,12,0,0.0,Low
11,12,0,0.085,Low
11,12,0,0.005,Low
11,12,0,0.015,Low
11,12,0,0.285,Low
11,12,0,0.015,Low
14,13,1,0.795,High
14,13,1,0.95,High
14,13,1,0.925,High
14,13,1,0.92,High
14,13,1,0.935,High
14,13,1,0.995,High
14,13,1,1.0,High
14,13,1,0.885,High
14,13,1,0.95,High
14,13,1,0.625,Medium
14,13,1,1.0,High
14,13,1,1.0,High
14,13,1,1.0,High
14,13,1,0.9,High
14,13,1,0.995,High
14,13,1,1.0,High
14,13,1,1.0,High
14,13,1,1.0,High
14,13,0,0.0,Low
14,13,0,0.0,Low
14,13,0,0.405,Medium
14,13,0,0.0,Low
14,13,0,0.02,Low
14,13,0,0.03,Low
14,13,0,0.11,Low
14,13,1,0.88,High
14,13,1,0.79,High
14,13,1,1.0,High
14,13,1,0.78,High
14,13,1,0.975,High
14,13,1,1.0,High
14,13,0,0.18,Low
14,13,1,0.855,High
14,13,1,0.985,High
14,13,1,0.985,High
14,13,1,0.975,High
14,13,1,0.97,High
14,13,1,0.995,High
14,13,1,1.0,High
14,13,0,0.0,Low
14,13,1,0.555,Medium
14,13,1,0.81,High
14,13,1,0.94,High
14,13,1,1.0,High
14,13,1,0.99,High
14,13,1,1.0,High
14,13,1,0.96,High
14,13,1,0.975,High
14,13,1,1.0,High
14,13,1,0.895,High
14,13,1,1.0,High
14,13,1,1.0,High
14,13,1,0.98,High
14,13,1,0.915,High
14,13,1,0.765,High
14,13,1,0.97,High
14,13,1,0.915,High
14,13,1,0.985,High
14,13,1,1.0,High
14,13,1,0.745,High
14,13,1,0.99,High
14,13,1,1.0,High
14,13,1,0.995,High
14,13,1,0.95,High
14,13,1,0.71,High
14,13,1,1.0,High
14,13,1,0.995,High
14,13,1,1.0,High
14,13,1,1.0,High
14,13,1,0.94,High
14,13,1,0.93,High
14,13,1,0.945,High
14,13,1,0.915,High
14,13,1,0.97,High
14,13,1,0.995,High
14,13,1,1.0,High
14,13,1,0.55,Medium
14,13,1,0.885,High
14,13,1,0.97,High
14,13,1,0.96,High
14,13,1,0.94,High
14,13,1,1.0,High
14,13,0,0.285,Low
14,13,0,0.0,Low
14,13,0,0.37,Low
14,13,0,0.0,Low
14,13,0,0.0,Low
14,13,0,0.47,Medium
14,13,0,0.005,Low
14,13,0,0.0,Low
14,13,0,0.0,Low
14,13,0,0.0,Low
14,13,0,0.035,Low
14,13,0,0.0,Low
14,13,0,0.03,Low
14,13,0,0.28,Low
14,13,1,0.935,High
14,13,1,0.9,High
14,13,1,0.99,High
14,13,1,1.0,High
14,13,1,0.98,High
14,13,1,1.0,High
14,13,1,1.0,High
14,13,0,0.02,Low
14,13,0,0.24,Low
14,13,0,0.0,Low
14,13,0,0.0,Low
14,13,0,0.0,Low
14,13,0,0.005,Low
14,13,0,0.06,Low
14,13,1,0.885,High
14,13,0,0.0,Low
14,13,0,0.0,Low
14,13,0,0.0,Low
14,13,0,0.025,Low
14,13,0,0.185,Low
14,13,0,0.0,Low
14,13,0,0.015,Low
14,13,0,0.02,Low
14,13,0,0.0,Low
14,13,0,0.0,Low
14,13,0,0.17,Low
14,13,0,0.005,Low
14,13,0,0.005,Low
14,13,0,0.2,Low
14,13,0,0.0,Low
14,13,1,0.97,High
14,13,1,0.995,High
14,13,1,0.945,High
14,13,1,1.0,High
14,13,1,1.0,High
14,13,1,1.0,High
14,13,1,1.0,High
14,13,1,0.935,High
14,13,1,0.945,High
14,13,1,1.0,High
14,13,1,0.925,High
14,13,0,0.0,Low
14,13,0,0.19,Low
14,13,0,0.03,Low
14,13,0,0.005,Low
14,13,0,0.01,Low
14,13,0,0.005,Low
14,13,1,0.92,High
14,13,1,0.885,High
14,13,1,0.935,High
14,13,1,0.94,High
14,13,1,0.865,High
14,13,1,0.97,High
14,13,1,0.99,High
14,13,1,0.975,High
14,13,1,1.0,High
14,13,1,1.0,High
14,13,1,1.0,High
14,13,1,1.0,High
14,13,1,0.995,High
14,13,1,1.0,High
14,13,1,1.0,High
14,13,0,0.0,Low
14,13,0,0.0,Low
14,13,0,0.0,Low
14,13,0,0.005,Low
14,13,0,0.03,Low
14,13,0,0.0,Low
14,13,0,0.0,Low
14,13,1,0.86,High
14,13,1,0.945,High
14,13,1,1.0,High
14,13,1,0.895,High
14,13,1,1.0,High
14,13,1,1.0,High
14,13,1,0.995,High
14,13,1,0.925,High
14,13,1,0.99,High
14,13,1,1.0,High
14,13,0,0.0,Low
14,13,0,0.48,Medium
14,13,0,0.005,Low
14,13,0,0.005,Low
14,13,0,0.0,Low
14,13,0,0.22,Low
14,13,0,0.0,Low
14,13,0,0.0,Low
14,13,0,0.0,Low
14,13,0,0.005,Low
14,13,0,0.0,Low
14,13,0,0.0,Low
14,13,0,0.44,Medium
14,13,1,0.77,High
14,13,1,0.84,High
14,13,1,0.895,High
14,13,1,0.8,High
14,13,1,1.0,High
14,13,1,1.0,High
14,13,1,1.0,High
14,13,1,1.0,High
14,13,0,0.44,Medium
14,13,0,0.005,Low
14,13,0,0.0,Low
14,13,0,0.225,Low
14,13,0,0.005,Low
14,13,0,0.015,Low
14,13,0,0.0,Low
14,13,0,0.005,Low
14,13,0,0.0,Low
14,13,0,0.145,Low
14,13,0,0.0,Low
14,13,0,0.005,Low
14,13,0,0.275,Low
14,13,0,0.01,Low
14,13,0,0.28,Low
14,13,0,0.005,Low
14,13,0,0.005,Low
14,13,0,0.0,Low
14,13,1,0.955,High
14,13,1,0.91,High
14,13,1,0.945,High
14,13,1,0.95,High
14,13,1,1.0,High
14,13,1,1.0,High
14,13,1,1.0,High
14,13,0,0.01,Low
14,13,0,0.0,Low
14,13,0,0.2,Low
14,13,0,0.0,Low
14,13,0,0.005,Low
14,13,0,0.0,Low
14,13,0,0.0,Low
14,13,0,0.0,Low
14,13,0,0.01,Low
14,13,0,0.0,Low
14,13,0,0.005,Low
14,13,1,0.82,High
14,13,1,0.85,High
14,13,1,0.945,High
14,13,1,0.935,High
14,13,1,0.99,High
14,13,1,0.87,High
14,13,1,0.94,High
14,13,0,0.31,Low
14,13,0,0.0,Low
14,13,0,0.025,Low
14,13,0,0.28,Low
14,13,0,0.0,Low
14,13,0,0.0,Low
14,13,0,0.0,Low
14,13,0,0.0,Low
14,13,0,0.325,Low
14,13,0,0.0,Low
14,13,0,0.0,Low
14,13,0,0.0,Low
14,13,0,0.005,Low
14,13,0,0.0,Low
14,13,0,0.245,Low
14,13,1,0.645,Medium
14,13,1,0.95,High
14,13,1,0.89,High
14,13,1,1.0,High
14,13,1,0.995,High
14,13,1,0.935,High
14,13,1,1.0,High
14,13,0,0.0,Low
14,13,1,0.83,High
14,13,0,0.49,Medium
14,13,1,0.835,High
14,13,1,1.0,High
14,13,1,1.0,High
14,13,1,0.955,High
14,13,1,0.995,High
14,13,0,0.0,Low
14,13,0,0.005,Low
14,13,0,0.075,Low
14,13,0,0.005,Low
14,13,0,0.005,Low
14,13,0,0.01,Low
14,13,0,0.01,Low
14,13,1,0.78,High
14,13,0,0.0,Low
14,13,0,0.0,Low
14,13,0,0.0,Low
14,13,1,0.71,High
14,13,1,0.975,High
14,13,1,0.895,High
14,13,1,1.0,High
14,13,1,0.995,High
14,13,1,1.0,High
14,13,1,1.0,High
14,13,0,0.0,Low
14,13,0,0.07,Low
14,13,0,0.01,Low
14,13,0,0.0,Low
14,13,0,0.005,Low
14,13,0,0.05,Low
14,13,0,0.0,Low
14,13,1,0.75,High
14,13,1,0.935,High
14,13,1,0.99,High
14,13,1,1.0,High
14,13,1,0.92,High
14,13,1,0.945,High
14,13,1,0.995,High
14,13,1,0.975,High
14,13,1,0.945,High
14,13,1,1.0,High
14,13,0,0.005,Low
14,13,1,0.98,High
14,13,1,0.9,High
14,13,1,0.94,High
14,13,1,0.965,High
14,13,1,1.0,High
14,13,1,1.0,High
14,13,1,0.94,High
14,13,0,0.1,Low
14,13,0,0.0,Low
14,13,0,0.0,Low
14,13,0,0.0,Low
14,13,0,0.305,Low
14,13,0,0.0,Low
14,13,0,0.28,Low
14,13,0,0.005,Low
14,13,1,0.97,High
14,13,1,0.975,High
14,13,1,0.93,High
14,13,1,1.0,High
14,13,1,1.0,High
14,13,1,1.0,High
14,13,1,1.0,High
14,13,1,1.0,High
14,13,0,0.085,Low
14,13,0,0.0,Low
14,13,1,0.96,High
14,13,1,0.785,High
14,13,1,0.99,High
14,13,1,0.57,Medium
14,13,1,1.0,High
14,13,1,0.995,High
14,13,1,0.99,High
14,13,1,0.93,High
14,13,1,1.0,High
14,13,1,0.985,High
14,13,0,0.0,Low
14,13,0,0.0,Low
14,13,0,0.0,Low
14,13,0,0.0,Low
14,13,0,0.0,Low
14,13,0,0.0,Low
14,13,1,0.79,High
14,13,0,0.0,Low
14,13,0,0.05,Low
14,13,0,0.005,Low
14,13,0,0.04,Low
14,13,0,0.005,Low
14,13,0,0.01,Low
14,13,0,0.385,Low
14,13,1,0.955,High
14,13,1,0.89,High
14,13,1,0.825,High
14,13,1,0.925,High
14,13,1,1.0,High
14,13,1,1.0,High
14,13,1,1.0,High
14,13,0,0.01,Low
14,13,0,0.005,Low
14,13,0,0.0,Low
14,13,0,0.0,Low
13,14,0,0.0,Low
13,14,0,0.0,Low
13,14,0,0.0,Low
13,14,0,0.0,Low
13,14,0,0.0,Low
13,14,0,0.015,Low
13,14,0,0.0,Low
13,14,0,0.0,Low
13,14,0,0.0,Low
13,14,0,0.0,Low
13,14,0,0.005,Low
13,14,0,0.0,Low
13,14,0,0.03,Low
13,14,0,0.295,Low
13,14,0,0.015,Low
13,14,1,0.875,High
13,14,1,0.9,High
13,14,1,0.965,High
13,14,1,0.965,High
13,14,1,1.0,High
13,14,1,0.915,High
13,14,1,0.975,High
13,14,0,0.01,Low
13,14,0,0.005,Low
13,14,0,0.0,Low
13,14,0,0.0,Low
13,14,0,0.0,Low
13,14,1,0.92,High
13,14,1,0.95,High
13,14,1,0.935,High
13,14,1,1.0,High
13,14,1,0.955,High
13,14,1,0.965,High
13,14,1,0.98,High
13,14,0,0.015,Low
13,14,0,0.005,Low
13,14,0,0.02,Low
13,14,0,0.36,Low
13,14,0,0.0,Low
13,14,0,0.0,Low
13,14,0,0.005,Low
13,14,0,0.02,Low
13,14,0,0.175,Low
13,14,0,0.0,Low
13,14,1,0.91,High
13,14,0,0.005,Low
13,14,0,0.0,Low
13,14,0,0.12,Low
13,14,0,0.3,Low
13,14,0,0.02,Low
13,14,0,0.0,Low
13,14,0,0.0,Low
13,14,0,0.02,Low
13,14,0,0.075,Low
13,14,0,0.0,Low
13,14,0,0.005,Low
13,14,0,0.005,Low
13,14,0,0.0,Low
13,14,1,0.78,High
13,14,0,0.0,Low
13,14,0,0.01,Low
13,14,0,0.0,Low
13,14,0,0.0,Low
13,14,0,0.295,Low
13,14,0,0.005,Low
13,14,0,0.005,Low
13,14,0,0.045,Low
13,14,0,0.0,Low
13,14,1,0.785,High
13,14,0,0.13,Low
13,14,0,0.005,Low
13,14,0,0.375,Low
13,14,0,0.0,Low
13,14,0,0.075,Low
13,14,0,0.0,Low
13,14,0,0.0,Low
13,14,0,0.02,Low
13,14,0,0.225,Low
13,14,0,0.205,Low
13,14,0,0.0,Low
13,14,0,0.015,Low
13,14,0,0.0,Low
13,14,0,0.0,Low
13,14,1,0.86,High
13,14,1,0.845,High
13,14,1,0.9,High
13,14,1,0.905,High
13,14,1,0.94,High
13,14,1,0.995,High
13,14,1,1.0,High
13,14,1,0.995,High
13,14,1,1.0,High
13,14,1,0.9,High
13,14,1,1.0,High
13,14,1,0.95,High
13,14,1,0.88,High
13,14,1,1.0,High
13,14,1,0.86,High
13,14,1,0.99,High
13,14,1,1.0,High
13,14,0,0.015,Low
13,14,0,0.0,Low
13,14,0,0.0,Low
13,14,0,0.01,Low
13,14,0,0.015,Low
13,14,0,0.0,Low
13,14,0,0.0,Low
13,14,0,0.03,Low
13,14,0,0.0,Low
13,14,0,0.0,Low
13,14,0,0.06,Low
13,14,0,0.04,Low
13,14,0,0.01,Low
13,14,0,0.0,Low
13,14,0,0.0,Low
13,14,0,0.0,Low
13,14,0,0.0,Low
13,14,1,0.78,High
13,14,0,0.01,Low
13,14,0,0.2,Low
13,14,0,0.345,Low
13,14,0,0.025,Low
13,14,0,0.0,Low
13,14,0,0.005,Low
13,14,1,0.52,Medium
13,14,0,0.135,Low
13,14,1,0.78,High
13,14,1,0.965,High
13,14,1,0.96,High
13,14,1,0.935,High
13,14,1,1.0,High
13,14,1,1.0,High
13,14,1,0.995,High
13,14,1,0.98,High
13,14,1,0.915,High
13,14,1,0.91,High
13,14,1,0.985,High
13,14,1,0.9,High
13,14,1,1.0,High
13,14,1,0.94,High
13,14,1,0.9,High
13,14,1,0.925,High
13,14,1,0.975,High
13,14,1,0.995,High
13,14,1,1.0,High
13,14,0,0.0,Low
13,14,1,0.965,High
13,14,0,0.415,Medium
13,14,1,0.865,High
13,14,1,0.825,High
13,14,1,0.94,High
13,14,1,0.985,High
13,14,1,0.995,High
13,14,1,1.0,High
13,14,0,0.24,Low
13,14,0,0.015,Low
13,14,0,0.005,Low
13,14,0,0.01,Low
13,14,0,0.015,Low
13,14,0,0.0,Low
13,14,0,0.01,Low
13,14,0,0.01,Low
13,14,0,0.085,Low
13,14,0,0.055,Low
13,14,0,0.075,Low
13,14,0,0.3,Low
13,14,0,0.0,Low
13,14,0,0.005,Low
13,14,1,0.82,High
13,14,1,0.795,High
13,14,1,0.925,High
13,14,1,0.895,High
13,14,1,0.845,High
13,14,1,0.995,High
13,14,1,1.0,High
13,14,0,0.02,Low
13,14,0,0.01,Low
13,14,0,0.0,Low
13,14,0,0.01,Low
13,14,0,0.0,Low
13,14,0,0.03,Low
13,14,0,0.005,Low
13,14,0,0.0,Low
13,14,0,0.005,Low
13,14,0,0.0,Low
13,14,0,0.0,Low
13,14,0,0.07,Low
13,14,0,0.0,Low
13,14,0,0.0,Low
13,14,0,0.0,Low
13,14,0,0.065,Low
13,14,0,0.34,Low
13,14,0,0.1,Low
13,14,0,0.01,Low
13,14,0,0.0,Low
13,14,0,0.0,Low
13,14,0,0.0,Low
13,14,0,0.0,Low
13,14,1,0.95,High
13,14,1,0.83,High
13,14,1,1.0,High
13,14,1,0.98,High
13,14,1,1.0,High
13,14,1,0.99,High
13,14,1,1.0,High
13,14,0,0.025,Low
13,14,0,0.07,Low
13,14,0,0.005,Low
13,14,0,0.0,Low
13,14,0,0.02,Low
13,14,0,0.03,Low
13,14,0,0.005,Low
13,14,0,0.01,Low
13,14,0,0.0,Low
13,14,0,0.0,Low
13,14,0,0.0,Low
13,14,0,0.0,Low
13,14,0,0.025,Low
13,14,0,0.0,Low
13,14,0,0.36,Low
13,14,0,0.0,Low
13,14,0,0.0,Low
13,14,0,0.0,Low
13,14,0,0.0,Low
13,14,0,0.03,Low
13,14,0,0.0,Low
13,14,0,0.02,Low
13,14,0,0.02,Low
13,14,0,0.01,Low
13,14,0,0.045,Low
13,14,0,0.035,Low
13,14,1,0.645,Medium
13,14,0,0.0,Low
13,14,0,0.0,Low
13,14,1,0.805,High
13,14,1,0.775,High
13,14,1,0.97,High
13,14,1,0.825,High
13,14,1,0.87,High
13,14,1,0.96,High
13,14,1,0.945,High
13,14,1,0.99,High
13,14,1,0.995,High
13,14,1,1.0,High
13,14,0,0.0,Low
13,14,0,0.015,Low
13,14,1,0.925,High
13,14,1,0.9,High
13,14,1,0.645,Medium
13,14,1,0.95,High
13,14,1,0.985,High
13,14,1,1.0,High
13,14,1,0.985,High
13,14,1,0.945,High
13,14,1,0.975,High
13,14,1,0.995,High
13,14,1,0.94,High
13,14,1,1.0,High
13,14,1,0.945,High
13,14,1,0.91,High
13,14,1,0.89,High
13,14,1,0.97,High
13,14,1,0.98,High
13,14,1,1.0,High
13,14,0,0.235,Low
13,14,0,0.005,Low
13,14,0,0.015,Low
13,14,0,0.005,Low
13,14,0,0.0,Low
13,14,0,0.015,Low
13,14,0,0.27,Low
13,14,0,0.005,Low
13,14,0,0.075,Low
13,14,1,0.905,High
13,14,1,0.885,High
13,14,1,0.91,High
13,14,1,0.85,High
13,14,1,1.0,High
13,14,1,1.0,High
13,14,1,0.99,High
13,14,1,0.815,High
13,14,1,0.67,Medium
13,14,1,0.915,High
13,14,1,0.91,High
13,14,1,0.85,High
13,14,1,0.965,High
13,14,1,1.0,High
13,14,0,0.005,Low
13,14,0,0.19,Low
13,14,0,0.0,Low
13,14,0,0.01,Low
13,14,0,0.015,Low
13,14,1,0.705,High
13,14,1,0.99,High
13,14,1,0.97,High
13,14,1,0.805,High
13,14,1,1.0,High
13,14,1,0.995,High
13,14,1,0.975,High
13,14,1,0.99,High
13,14,1,0.985,High
13,14,1,0.99,High
13,14,1,0.95,High
13,14,1,0.99,High
13,14,1,0.58,Medium
13,14,1,1.0,High
13,14,1,1.0,High
13,14,0,0.005,Low
13,14,0,0.255,Low
13,14,0,0.0,Low
13,14,0,0.005,Low
13,14,1,0.945,High
13,14,1,0.625,Medium
13,14,1,0.91,High
13,14,1,0.985,High
13,14,1,0.97,High
13,14,1,0.995,High
13,14,1,0.99,High
13,14,0,0.0,Low
13,14,0,0.225,Low
13,14,1,0.895,High
13,14,1,0.935,High
13,14,1,0.845,High
13,14,1,1.0,High
13,14,1,0.96,High
13,14,1,1.0,High
13,14,1,0.965,High
13,14,0,0.37,Low
13,14,1,0.89,High
13,14,1,0.76,High
13,14,1,0.99,High
13,14,1,0.965,High
13,14,1,1.0,High
13,14,1,1.0,High
13,14,1,1.0,High
13,14,0,0.025,Low
13,14,0,0.0,Low
13,14,0,0.0,Low
13,14,0,0.24,Low
13,14,1,0.71,High
13,14,1,0.95,High
13,14,1,0.975,High
13,14,1,0.995,High
13,14,1,0.995,High
13,14,1,0.995,High
13,14,1,1.0,High
13,14,1,0.925,High
13,14,1,0.835,High
13,14,1,1.0,High
13,14,1,0.945,High
13,14,1,0.985,High
13,14,1,0.95,High
13,14,1,0.99,High
13,14,1,1.0,High
13,14,0,0.01,Low
13,14,0,0.0,Low
13,14,0,0.02,Low
13,14,0,0.0,Low
13,14,0,0.0,Low
13,14,0,0.0,Low
13,14,0,0.0,Low
13,14,0,0.09,Low
13,14,0,0.005,Low
13,14,0,0.0,Low
13,14,0,0.215,Low
16,15,0,0.01,Low
16,15,0,0.005,Low
16,15,0,0.225,Low
16,15,0,0.14,Low
16,15,0,0.005,Low
16,15,0,0.345,Low
16,15,1,0.96,High
16,15,1,0.89,High
16,15,1,0.7,High
16,15,1,0.94,High
16,15,1,0.99,High
16,15,1,0.865,High
16,15,1,1.0,High
16,15,0,0.0,Low
16,15,0,0.0,Low
16,15,0,0.0,Low
16,15,0,0.0,Low
16,15,1,0.92,High
16,15,1,0.985,High
16,15,0,0.495,Medium
16,15,1,0.89,High
16,15,1,0.995,High
16,15,1,0.98,High
16,15,1,0.98,High
16,15,1,1.0,High
16,15,0,0.255,Low
16,15,1,0.84,High
16,15,1,0.93,High
16,15,1,0.895,High
16,15,1,0.94,High
16,15,1,1.0,High
16,15,1,1.0,High
16,15,1,0.94,High
16,15,0,0.0,Low
16,15,0,0.01,Low
16,15,0,0.005,Low
16,15,0,0.0,Low
16,15,0,0.035,Low
16,15,0,0.0,Low
16,15,0,0.0,Low
16,15,1,0.91,High
16,15,1,0.985,High
16,15,1,0.93,High
16,15,1,0.975,High
16,15,1,0.995,High
16,15,1,0.96,High
16,15,1,0.995,High
16,15,0,0.125,Low
16,15,0,0.04,Low
16,15,0,0.0,Low
16,15,0,0.0,Low
16,15,0,0.025,Low
16,15,0,0.015,Low
16,15,0,0.01,Low
16,15,0,0.04,Low
16,15,0,0.005,Low
16,15,0,0.335,Low
16,15,0,0.19,Low
16,15,0,0.15,Low
16,15,0,0.005,Low
16,15,0,0.015,Low
16,15,0,0.03,Low
16,15,1,0.94,High
16,15,1,0.895,High
16,15,1,0.98,High
16,15,1,0.97,High
16,15,1,0.955,High
16,15,1,0.99,High
16,15,1,1.0,High
16,15,0,0.01,Low
16,15,1,0.81,High
16,15,0,0.03,Low
16,15,0,0.0,Low
16,15,0,0.34,Low
16,15,0,0.245,Low
16,15,0,0.0,Low
16,15,0,0.075,Low
16,15,0,0.145,Low
16,15,0,0.025,Low
16,15,0,0.0,Low
16,15,0,0.0,Low
16,15,0,0.005,Low
16,15,0,0.0,Low
16,15,0,0.005,Low
16,15,0,0.26,Low
16,15,0,0.0,Low
16,15,0,0.005,Low
16,15,1,0.95,High
16,15,1,0.805,High
16,15,1,0.945,High
16,15,1,0.975,High
16,15,1,1.0,High
16,15,1,1.0,High
16,15,1,1.0,High
16,15,0,0.275,Low
16,15,0,0.01,Low
16,15,0,0.0,Low
16,15,1,0.935,High
16,15,1,0.93,High
16,15,1,0.93,High
16,15,1,0.89,High
16,15,1,1.0,High
16,15,1,0.995,High
16,15,1,0.985,High
16,15,1,0.97,High
16,15,1,1.0,High
16,15,1,0.9,High
16,15,1,0.965,High
16,15,1,0.98,High
16,15,1,0.85,High
16,15,1,0.995,High
16,15,1,0.97,High
16,15,1,1.0,High
16,15,1,1.0,High
16,15,1,0.955,High
16,15,1,1.0,High
16,15,1,1.0,High
16,15,1,0.995,High
16,15,1,1.0,High
16,15,1,0.97,High
16,15,0,0.42,Medium
16,15,1,0.965,High
16,15,1,0.975,High
16,15,1,0.935,High
16,15,1,0.98,High
16,15,1,0.995,High
16,15,1,1.0,High
16,15,1,1.0,High
16,15,0,0.03,Low
16,15,0,0.0,Low
16,15,0,0.0,Low
16,15,0,0.0,Low
16,15,0,0.0,Low
16,15,0,0.01,Low
16,15,0,0.155,Low
16,15,0,0.35,Low
16,15,0,0.01,Low
16,15,0,0.01,Low
16,15,0,0.0,Low
16,15,0,0.0,Low
16,15,0,0.0,Low
16,15,0,0.17,Low
16,15,0,0.0,Low
16,15,0,0.0,Low
16,15,0,0.335,Low
16,15,0,0.01,Low
16,15,0,0.27,Low
16,15,0,0.345,Low
16,15,0,0.0,Low
16,15,0,0.0,Low
16,15,0,0.325,Low
16,15,0,0.02,Low
16,15,0,0.0,Low
16,15,0,0.065,Low
16,15,0,0.0,Low
16,15,0,0.0,Low
16,15,0,0.015,Low
16,15,0,0.015,Low
16,15,1,0.7,High
16,15,1,0.69,Medium
16,15,1,0.875,High
16,15,1,0.975,High
16,15,1,0.91,High
16,15,1,1.0,High
16,15,1,1.0,High
16,15,0,0.0,Low
16,15,0,0.0,Low
16,15,0,0.165,Low
16,15,0,0.01,Low
16,15,0,0.0,Low
16,15,1,0.625,Medium
16,15,0,0.035,Low
16,15,0,0.01,Low
16,15,0,0.0,Low
16,15,0,0.0,Low
16,15,0,0.0,Low
16,15,0,0.005,Low
16,15,0,0.0,Low
16,15,0,0.005,Low
16,15,0,0.215,Low
16,15,0,0.0,Low
16,15,0,0.02,Low
16,15,0,0.005,Low
16,15,1,0.805,High
16,15,1,0.955,High
16,15,1,0.89,High
16,15,1,1.0,High
16,15,1,0.965,High
16,15,1,1.0,High
16,15,1,1.0,High
16,15,1,0.97,High
16,15,1,0.995,High
16,15,1,1.0,High
16,15,0,0.005,Low
16,15,0,0.025,Low
16,15,1,0.945,High
16,15,1,0.615,Medium
16,15,0,0.005,Low
16,15,0,0.01,Low
16,15,0,0.01,Low
16,15,0,0.0,Low
16,15,0,0.0,Low
16,15,0,0.0,Low
16,15,1,0.61,Medium
16,15,1,0.99,High
16,15,1,0.97,High
16,15,1,0.875,High
16,15,1,0.89,High
16,15,1,0.995,High
16,15,1,1.0,High
16,15,1,0.91,High
16,15,1,1.0,High
16,15,1,1.0,High
16,15,1,1.0,High
16,15,1,1.0,High
16,15,1,1.0,High
16,15,1,0.995,High
16,15,0,0.005,Low
16,15,0,0.0,Low
16,15,0,0.395,Low
16,15,0,0.02,Low
16,15,0,0.03,Low
16,15,1,0.895,High
16,15,1,0.975,High
16,15,1,0.96,High
16,15,1,0.975,High
16,15,1,0.995,High
16,15,1,1.0,High
16,15,1,0.935,High
16,15,1,0.77,High
16,15,1,0.995,High
16,15,1,1.0,High
16,15,1,1.0,High
16,15,1,1.0,High
16,15,1,1.0,High
16,15,1,0.93,High
16,15,1,1.0,High
16,15,1,1.0,High
16,15,1,0.985,High
16,15,1,0.53,Medium
16,15,1,0.78,High
16,15,1,0.945,High
16,15,1,0.97,High
16,15,1,0.99,High
16,15,1,1.0,High
16,15,1,0.945,High
16,15,1,0.96,High
16,15,1,0.93,High
16,15,1,0.905,High
16,15,1,0.965,High
16,15,1,0.99,High
16,15,1,0.985,High
16,15,0,0.0,Low
16,15,0,0.02,Low
16,15,0,0.0,Low
16,15,0,0.01,Low
16,15,0,0.015,Low
16,15,1,0.785,High
16,15,1,0.805,High
16,15,1,1.0,High
16,15,1,0.965,High
16,15,1,0.995,High
16,15,1,1.0,High
16,15,1,1.0,High
16,15,1,1.0,High
16,15,1,1.0,High
16,15,1,0.975,High
16,15,1,0.965,High
16,15,1,0.99,High
16,15,1,0.99,High
16,15,1,0.98,High
16,15,1,0.995,High
16,15,1,0.975,High
16,15,1,1.0,High
16,15,0,0.005,Low
16,15,1,0.86,High
16,15,1,0.885,High
16,15,1,0.945,High
16,15,1,0.925,High
16,15,1,0.965,High
16,15,1,0.995,High
16,15,1,1.0,High
16,15,0,0.0,Low
16,15,0,0.195,Low
16,15,0,0.01,Low
16,15,0,0.04,Low
16,15,1,0.735,High
16,15,1,0.96,High
16,15,1,0.955,High
16,15,1,0.985,High
16,15,1,0.995,High
16,15,1,1.0,High
16,15,1,1.0,High
16,15,1,0.95,High
16,15,1,0.82,High
16,15,1,0.985,High
16,15,1,0.985,High
16,15,1,0.975,High
16,15,1,0.965,High
16,15,1,0.86,High
16,15,0,0.38,Low
16,15,0,0.015,Low
16,15,0,0.0,Low
16,15,0,0.0,Low
16,15,0,0.0,Low
16,15,0,0.0,Low
16,15,0,0.015,Low
16,15,0,0.03,Low
16,15,0,0.05,Low
16,15,0,0.31,Low
16,15,0,0.095,Low
16,15,0,0.08,Low
16,15,0,0.235,Low
16,15,0,0.04,Low
16,15,0,0.005,Low
16,15,0,0.0,Low
16,15,1,0.82,High
16,15,1,0.79,High
16,15,1,0.93,High
16,15,1,0.9,High
16,15,1,0.97,High
16,15,1,0.995,High
16,15,1,0.995,High
16,15,0,0.33,Low
16,15,1,0.795,High
16,15,0,0.0,Low
16,15,0,0.015,Low
16,15,0,0.0,Low
16,15,0,0.015,Low
16,15,0,0.005,Low
16,15,1,0.85,High
16,15,0,0.02,Low
16,15,0,0.005,Low
16,15,0,0.0,Low
16,15,1,0.9,High
16,15,0,0.0,Low
16,15,0,0.005,Low
16,15,0,0.12,Low
16,15,0,0.0,Low
16,15,0,0.0,Low
16,15,0,0.02,Low
16,15,0,0.025,Low
16,15,0,0.01,Low
16,15,0,0.0,Low
16,15,0,0.0,Low
16,15,0,0.0,Low
16,15,0,0.0,Low
16,15,0,0.035,Low
16,15,0,0.0,Low
16,15,0,0.01,Low
16,15,0,0.0,Low
16,15,0,0.0,Low
16,15,0,0.025,Low
16,15,0,0.04,Low
16,15,0,0.0,Low
16,15,0,0.0,Low
16,15,0,0.315,Low
16,15,0,0.015,Low
16,15,0,0.01,Low
16,15,0,0.0,Low
16,15,0,0.16,Low
16,15,0,0.005,Low
16,15,0,0.005,Low
16,15,0,0.005,Low
16,15,0,0.0,Low
15,16,0,0.045,Low
15,16,0,0.0,Low
15,16,1,0.855,High
15,16,1,0.99,High
15,16,1,0.985,High
15,16,1,0.84,High
15,16,1,1.0,High
15,16,1,1.0,High
15,16,1,0.995,High
15,16,1,0.885,High
15,16,1,0.915,High
15,16,1,0.985,High
15,16,1,0.93,High
15,16,1,0.995,High
15,16,0,0.135,Low
15,16,0,0.14,Low
15,16,0,0.015,Low
15,16,0,0.0,Low
15,16,0,0.005,Low
15,16,0,0.0,Low
15,16,0,0.005,Low
15,16,0,0.0,Low
15,16,0,0.0,Low
15,16,1,0.785,High
15,16,0,0.0,Low
15,16,0,0.005,Low
15,16,0,0.0,Low
15,16,0,0.0,Low
15,16,0,0.0,Low
15,16,0,0.025,Low
15,16,1,0.91,High
15,16,1,0.935,High
15,16,1,0.88,High
15,16,1,1.0,High
15,16,1,0.755,High
15,16,1,1.0,High
15,16,1,0.98,High
15,16,1,1.0,High
15,16,1,0.97,High
15,16,1,1.0,High
15,16,1,0.995,High
15,16,1,0.99,High
15,16,1,0.995,High
15,16,1,0.925,High
15,16,0,0.275,Low
15,16,1,0.995,High
15,16,1,0.7,High
15,16,1,0.935,High
15,16,1,0.865,High
15,16,1,1.0,High
15,16,1,0.7,High
15,16,1,0.865,High
15,16,1,0.91,High
15,16,1,0.92,High
15,16,1,0.98,High
15,16,1,1.0,High
15,16,1,1.0,High
15,16,0,0.01,Low
15,16,0,0.0,Low
15,16,0,0.0,Low
15,16,0,0.0,Low
15,16,0,0.04,Low
15,16,0,0.0,Low
15,16,0,0.335,Low
15,16,0,0.0,Low
15,16,1,0.91,High
15,16,1,0.91,High
15,16,1,0.955,High
15,16,1,1.0,High
15,16,1,0.995,High
15,16,1,0.935,High
15,16,1,1.0,High
15,16,0,0.215,Low
15,16,0,0.01,Low
15,16,0,0.0,Low
15,16,1,0.765,High
15,16,0,0.0,Low
15,16,0,0.0,Low
15,16,0,0.0,Low
15,16,0,0.15,Low
15,16,0,0.03,Low
15,16,0,0.015,Low
15,16,0,0.095,Low
15,16,1,0.75,High
15,16,1,0.93,High
15,16,0,0.49,Medium
15,16,1,0.915,High
15,16,1,1.0,High
15,16,1,0.975,High
15,16,1,1.0,High
15,16,1,1.0,High
15,16,1,0.965,High
15,16,1,0.92,High
15,16,0,0.07,Low
15,16,0,0.115,Low
15,16,0,0.0,Low
15,16,0,0.0,Low
15,16,0,0.295,Low
15,16,0,0.0,Low
15,16,0,0.0,Low
15,16,0,0.0,Low
15,16,0,0.015,Low
15,16,0,0.0,Low
15,16,0,0.145,Low
15,16,0,0.0,Low
15,16,0,0.005,Low
15,16,0,0.01,Low
15,16,0,0.0,Low
15,16,0,0.425,Medium
15,16,0,0.0,Low
15,16,0,0.0,Low
15,16,0,0.3,Low
15,16,0,0.0,Low
15,16,0,0.0,Low
15,16,1,0.855,High
15,16,1,0.97,High
15,16,1,0.93,High
15,16,1,0.875,High
15,16,1,0.995,High
15,16,1,1.0,High
15,16,1,0.995,High
15,16,0,0.0,Low
15,16,0,0.0,Low
15,16,0,0.0,Low
15,16,0,0.0,Low
15,16,0,0.01,Low
15,16,0,0.005,Low
15,16,0,0.0,Low
15,16,0,0.0,Low
15,16,0,0.015,Low
15,16,0,0.335,Low
15,16,0,0.025,Low
15,16,1,0.975,High
15,16,1,0.935,High
15,16,1,0.98,High
15,16,1,0.96,High
15,16,1,0.975,High
15,16,1,0.93,High
15,16,1,1.0,High
15,16,1,0.97,High
15,16,1,0.915,High
15,16,1,0.865,High
15,16,1,1.0,High
15,16,1,0.93,High
15,16,1,1.0,High
15,16,1,1.0,High
15,16,1,0.835,High
15,16,1,1.0,High
15,16,1,1.0,High
15,16,0,0.275,Low
15,16,0,0.0,Low
15,16,0,0.0,Low
15,16,0,0.38,Low
15,16,1,0.95,High
15,16,1,0.815,High
15,16,1,0.98,High
15,16,1,0.89,High
15,16,1,0.97,High
15,16,1,0.995,High
15,16,1,1.0,High
15,16,1,0.945,High
15,16,1,0.99,High
15,16,1,0.995,High
15,16,0,0.035,Low
15,16,0,0.005,Low
15,16,0,0.0,Low
15,16,0,0.0,Low
15,16,0,0.01,Low
15,16,1,0.69,Medium
15,16,0,0.135,Low
15,16,0,0.015,Low
15,16,0,0.0,Low
15,16,0,0.01,Low
15,16,0,0.33,Low
15,16,0,0.005,Low
15,16,0,0.0,Low
15,16,0,0.0,Low
15,16,0,0.0,Low
15,16,0,0.0,Low
15,16,0,0.0,Low
15,16,0,0.145,Low
15,16,0,0.0,Low
15,16,0,0.0,Low
15,16,0,0.0,Low
15,16,0,0.005,Low
15,16,0,0.28,Low
15,16,0,0.0,Low
15,16,0,0.44,Medium
15,16,1,0.97,High
15,16,1,0.8,High
15,16,1,1.0,High
15,16,1,0.93,High
15,16,1,1.0,High
15,16,1,1.0,High
15,16,1,0.845,High
15,16,1,0.98,High
15,16,1,0.875,High
15,16,1,1.0,High
15,16,1,0.985,High
15,16,0,0.025,Low
15,16,0,0.0,Low
15,16,0,0.005,Low
15,16,0,0.0,Low
15,16,1,0.875,High
15,16,1,0.88,High
15,16,1,0.93,High
15,16,1,0.9,High
15,16,1,1.0,High
15,16,1,0.94,High
15,16,1,0.98,High
15,16,1,0.975,High
15,16,1,0.81,High
15,16,1,0.885,High
15,16,1,0.89,High
15,16,1,0.96,High
15,16,1,1.0,High
15,16,1,1.0,High
15,16,0,0.07,Low
15,16,1,0.8,High
15,16,1,0.855,High
15,16,1,1.0,High
15,16,1,0.935,High
15,16,1,0.885,High
15,16,1,0.815,High
15,16,1,0.96,High
15,16,0,0.0,Low
15,16,0,0.0,Low
15,16,0,0.02,Low
15,16,0,0.155,Low
15,16,0,0.0,Low
15,16,1,0.905,High
15,16,0,0.0,Low
15,16,0,0.005,Low
15,16,1,0.895,High
15,16,1,0.695,Medium
15,16,1,0.95,High
15,16,1,0.855,High
15,16,1,0.97,High
15,16,1,0.97,High
15,16,1,1.0,High
15,16,0,0.11,Low
15,16,0,0.0,Low
15,16,0,0.045,Low
15,16,1,0.735,High
15,16,1,0.735,High
15,16,1,0.935,High
15,16,1,0.995,High
15,16,1,0.915,High
15,16,1,0.985,High
15,16,1,1.0,High
15,16,0,0.005,Low
15,16,0,0.0,Low
15,16,0,0.0,Low
15,16,0,0.0,Low
15,16,0,0.005,Low
15,16,0,0.03,Low
15,16,0,0.0,Low
15,16,0,0.305,Low
15,16,0,0.055,Low
15,16,0,0.0,Low
15,16,0,0.29,Low
15,16,0,0.0,Low
15,16,0,0.27,Low
15,16,1,0.975,High
15,16,1,0.895,High
15,16,1,0.825,High
15,16,1,0.935,High
15,16,1,0.945,High
15,16,1,0.96,High
15,16,1,0.98,High
15,16,1,0.955,High
15,16,1,0.855,High
15,16,1,0.985,High
15,16,1,0.975,High
15,16,1,0.97,High
15,16,1,0.695,Medium
15,16,1,1.0,High
15,16,1,0.97,High
15,16,1,1.0,High
15,16,1,0.965,High
15,16,1,0.995,High
15,16,1,1.0,High
15,16,0,0.02,Low
15,16,0,0.0,Low
15,16,0,0.35,Low
15,16,0,0.01,Low
15,16,0,0.01,Low
15,16,0,0.42,Medium
15,16,1,0.76,High
15,16,0,0.34,Low
15,16,1,0.975,High
15,16,1,0.99,High
15,16,1,0.995,High
15,16,1,0.99,High
15,16,0,0.0,Low
15,16,1,0.83,High
15,16,1,0.855,High
15,16,1,0.595,Medium
15,16,1,0.91,High
15,16,1,1.0,High
15,16,1,1.0,High
15,16,1,1.0,High
15,16,0,0.07,Low
15,16,0,0.37,Low
15,16,0,0.035,Low
15,16,0,0.0,Low
15,16,0,0.0,Low
15,16,1,0.94,High
15,16,0,0.465,Medium
15,16,1,0.96,High
15,16,1,1.0,High
15,16,1,0.995,High
15,16,1,0.845,High
15,16,1,0.995,High
15,16,1,0.99,High
15,16,1,0.9,High
15,16,1,1.0,High
15,16,0,0.01,Low
15,16,0,0.0,Low
15,16,0,0.005,Low
15,16,0,0.0,Low
15,16,0,0.195,Low
15,16,0,0.005,Low
15,16,0,0.0,Low
15,16,0,0.0,Low
15,16,0,0.0,Low
15,16,0,0.01,Low
15,16,0,0.33,Low
15,16,0,0.0,Low
15,16,0,0.0,Low
15,16,0,0.0,Low
15,16,0,0.0,Low
15,16,0,0.0,Low
15,16,0,0.0,Low
15,16,0,0.01,Low
15,16,0,0.07,Low
15,16,0,0.01,Low
15,16,0,0.0,Low
15,16,0,0.0,Low
15,16,0,0.0,Low
15,16,0,0.015,Low
15,16,0,0.005,Low
15,16,0,0.0,Low
15,16,0,0.0,Low
15,16,0,0.0,Low
15,16,0,0.025,Low
15,16,0,0.0,Low
15,16,0,0.015,Low
15,16,0,0.0,Low
15,16,0,0.0,Low
15,16,1,0.84,High
15,16,1,0.85,High
15,16,1,0.88,High
15,16,1,1.0,High
15,16,1,0.995,High
15,16,1,0.97,High
15,16,1,1.0,High
15,16,1,1.0,High
15,16,1,0.98,High
15,16,1,0.92,High
15,16,1,1.0,High
15,16,1,1.0,High
15,16,0,0.295,Low
15,16,0,0.0,Low
15,16,0,0.0,Low
18,17,1,0.895,High
18,17,1,0.98,High
18,17,1,1.0,High
18,17,0,0.0,Low
18,17,1,0.76,High
18,17,1,0.935,High
18,17,1,0.935,High
18,17,1,0.94,High
18,17,1,0.995,High
18,17,1,0.99,High
18,17,1,0.995,High
18,17,0,0.0,Low
18,17,0,0.0,Low
18,17,0,0.275,Low
18,17,0,0.13,Low
18,17,0,0.0,Low
18,17,0,0.005,Low
18,17,1,0.89,High
18,17,1,0.825,High
18,17,1,0.995,High
18,17,1,0.945,High
18,17,1,1.0,High
18,17,1,1.0,High
18,17,1,1.0,High
18,17,1,0.96,High
18,17,1,1.0,High
18,17,1,0.915,High
18,17,1,0.98,High
18,17,1,1.0,High
18,17,1,0.965,High
18,17,1,1.0,High
18,17,1,0.945,High
18,17,1,0.845,High
18,17,1,1.0,High
18,17,1,1.0,High
18,17,1,1.0,High
18,17,1,0.94,High
18,17,1,0.95,High
18,17,1,0.995,High
18,17,1,1.0,High
18,17,1,0.985,High
18,17,1,0.87,High
18,17,0,0.04,Low
18,17,0,0.015,Low
18,17,0,0.0,Low
18,17,0,0.165,Low
18,17,0,0.02,Low
18,17,0,0.13,Low
18,17,0,0.0,Low
18,17,0,0.0,Low
18,17,0,0.0,Low
18,17,0,0.015,Low
18,17,0,0.0,Low
18,17,0,0.005,Low
18,17,1,0.965,High
18,17,1,0.99,High
18,17,1,0.97,High
18,17,1,0.955,High
18,17,1,1.0,High
18,17,1,1.0,High
18,17,1,1.0,High
18,17,1,1.0,High
18,17,1,0.995,High
18,17,1,0.985,High
18,17,1,1.0,High
18,17,1,0.97,High
18,17,1,0.955,High
18,17,1,0.95,High
18,17,1,0.97,High
18,17,1,1.0,High
18,17,1,0.97,High
18,17,1,1.0,High
18,17,1,0.9,High
18,17,1,0.975,High
18,17,1,1.0,High
18,17,1,0.985,High
18,17,1,1.0,High
18,17,0,0.02,Low
18,17,0,0.02,Low
18,17,0,0.0,Low
18,17,0,0.335,Low
18,17,1,0.915,High
18,17,0,0.02,Low
18,17,1,0.87,High
18,17,1,0.765,High
18,17,1,0.94,High
18,17,1,0.87,High
18,17,1,1.0,High
18,17,1,0.99,High
18,17,1,1.0,High
18,17,0,0.03,Low
18,17,0,0.0,Low
18,17,0,0.0,Low
18,17,0,0.0,Low
18,17,0,0.015,Low
18,17,0,0.02,Low
18,17,0,0.0,Low
18,17,0,0.025,Low
18,17,0,0.03,Low
18,17,0,0.0,Low
18,17,0,0.34,Low
18,17,0,0.25,Low
18,17,0,0.0,Low
18,17,1,0.96,High
18,17,1,0.83,High
18,17,1,0.905,High
18,17,1,1.0,High
18,17,1,1.0,High
18,17,1,0.975,High
18,17,1,0.98,High
18,17,0,0.01,Low
18,17,0,0.0,Low
18,17,1,0.81,High
18,17,1,0.805,High
18,17,1,0.96,High
18,17,1,0.96,High
18,17,1,1.0,High
18,17,1,0.85,High
18,17,1,1.0,High
18,17,0,0.0,Low
18,17,0,0.0,Low
18,17,0,0.045,Low
18,17,0,0.0,Low
18,17,0,0.0,Low
18,17,0,0.01,Low
18,17,0,0.005,Low
18,17,0,0.0,Low
18,17,0,0.0,Low
18,17,0,0.005,Low
18,17,0,0.0,Low
18,17,0,0.0,Low
18,17,0,0.0,Low
18,17,0,0.015,Low
18,17,0,0.005,Low
18,17,0,0.01,Low
18,17,0,0.0,Low
18,17,0,0.0,Low
18,17,0,0.125,Low
18,17,0,0.0,Low
18,17,0,0.02,Low
18,17,0,0.0,Low
18,17,0,0.27,Low
18,17,0,0.335,Low
18,17,0,0.0,Low
18,17,0,0.005,Low
18,17,0,0.005,Low
18,17,0,0.0,Low
18,17,0,0.195,Low
18,17,0,0.005,Low
18,17,0,0.0,Low
18,17,0,0.0,Low
18,17,0,0.015,Low
18,17,0,0.0,Low
18,17,0,0.115,Low
18,17,0,0.0,Low
18,17,0,0.015,Low
18,17,0,0.0,Low
18,17,0,0.005,Low
18,17,0,0.0,Low
18,17,0,0.04,Low
18,17,0,0.03,Low
18,17,1,0.985,High
18,17,1,0.99,High
18,17,1,0.92,High
18,17,1,1.0,High
18,17,1,0.985,High
18,17,1,1.0,High
18,17,1,1.0,High
18,17,0,0.0,Low
18,17,0,0.0,Low
18,17,0,0.27,Low
18,17,1,0.98,High
18,17,1,0.94,High
18,17,1,0.99,High
18,17,1,0.965,High
18,17,1,0.995,High
18,17,1,1.0,High
18,17,1,0.99,High
18,17,1,0.865,High
18,17,1,1.0,High
18,17,1,0.925,High
18,17,1,0.94,High
18,17,1,0.91,High
18,17,1,1.0,High
18,17,0,0.03,Low
18,17,0,0.0,Low
18,17,0,0.005,Low
18,17,0,0.25,Low
18,17,0,0.005,Low
18,17,0,0.0,Low
18,17,1,0.925,High
18,17,1,0.985,High
18,17,1,0.92,High
18,17,1,0.995,High
18,17,1,0.96,High
18,17,1,0.98,High
18,17,1,0.94,High
18,17,1,0.995,High
18,17,1,1.0,High
18,17,1,0.98,High
18,17,1,0.935,High
18,17,1,0.99,High
18,17,1,0.985,High
18,17,1,1.0,High
18,17,1,0.995,High
18,17,1,0.55,Medium
18,17,0,0.005,Low
18,17,0,0.015,Low
18,17,0,0.05,Low
18,17,1,0.705,High
18,17,0,0.0,Low
18,17,0,0.06,Low
18,17,0,0.0,Low
18,17,0,0.015,Low
18,17,1,0.815,High
18,17,0,0.045,Low
18,17,0,0.0,Low
18,17,0,0.01,Low
18,17,0,0.0,Low
18,17,0,0.0,Low
18,17,0,0.035,Low
18,17,0,0.025,Low
18,17,0,0.275,Low
18,17,0,0.075,Low
18,17,1,0.7,High
18,17,1,0.98,High
18,17,1,0.97,High
18,17,1,0.96,High
18,17,1,0.975,High
18,17,1,0.995,High
18,17,1,0.945,High
18,17,0,0.0,Low
18,17,1,0.97,High
18,17,1,0.62,Medium
18,17,1,0.96,High
18,17,1,1.0,High
18,17,1,1.0,High
18,17,1,1.0,High
18,17,1,1.0,High
18,17,1,0.91,High
18,17,1,1.0,High
18,17,1,0.95,High
18,17,1,1.0,High
18,17,0,0.01,Low
18,17,1,0.91,High
18,17,1,0.985,High
18,17,1,0.8,High
18,17,1,0.965,High
18,17,1,0.95,High
18,17,1,0.695,Medium
18,17,1,0.965,High
18,17,1,0.98,High
18,17,1,1.0,High
18,17,1,0.995,High
18,17,0,0.25,Low
18,17,0,0.0,Low
18,17,0,0.06,Low
18,17,1,0.865,High
18,17,1,0.96,High
18,17,1,0.99,High
18,17,1,0.915,High
18,17,1,1.0,High
18,17,1,1.0,High
18,17,1,1.0,High
18,17,0,0.0,Low
18,17,0,0.0,Low
18,17,1,0.81,High
18,17,1,0.905,High
18,17,1,0.96,High
18,17,1,0.99,High
18,17,1,1.0,High
18,17,1,0.975,High
18,17,1,0.995,High
18,17,1,0.945,High
18,17,1,0.6,Medium
18,17,1,0.945,High
18,17,1,1.0,High
18,17,1,1.0,High
18,17,1,1.0,High
18,17,0,0.015,Low
18,17,0,0.005,Low
18,17,0,0.005,Low
18,17,0,0.0,Low
18,17,0,0.03,Low
18,17,0,0.0,Low
18,17,0,0.38,Low
18,17,0,0.0,Low
18,17,0,0.025,Low
18,17,0,0.0,Low
18,17,0,0.28,Low
18,17,0,0.21,Low
18,17,0,0.04,Low
18,17,0,0.0,Low
18,17,0,0.005,Low
18,17,1,0.93,High
18,17,1,0.995,High
18,17,1,0.95,High
18,17,1,0.975,High
18,17,1,0.925,High
18,17,1,1.0,High
18,17,0,0.46,Medium
18,17,0,0.0,Low
18,17,0,0.0,Low
18,17,0,0.0,Low
18,17,0,0.0,Low
18,17,0,0.0,Low
18,17,0,0.0,Low
18,17,0,0.16,Low
18,17,0,0.29,Low
18,17,0,0.005,Low
18,17,0,0.005,Low
18,17,0,0.0,Low
18,17,0,0.49,Medium
18,17,0,0.005,Low
18,17,0,0.01,Low
18,17,0,0.02,Low
18,17,0,0.0,Low
18,17,0,0.0,Low
18,17,0,0.0,Low
18,17,0,0.03,Low
18,17,0,0.005,Low
18,17,0,0.285,Low
18,17,0,0.005,Low
18,17,0,0.0,Low
18,17,0,0.04,Low
18,17,0,0.15,Low
18,17,0,0.005,Low
18,17,0,0.155,Low
18,17,0,0.0,Low
18,17,0,0.0,Low
18,17,0,0.0,Low
18,17,0,0.325,Low
18,17,0,0.0,Low
18,17,0,0.0,Low
18,17,0,0.0,Low
18,17,0,0.175,Low
18,17,0,0.01,Low
18,17,0,0.325,Low
18,17,0,0.005,Low
18,17,0,0.005,Low
18,17,0,0.0,Low
18,17,1,0.955,High
18,17,1,0.915,High
18,17,1,0.955,High
18,17,1,0.995,High
18,17,1,1.0,High
18,17,1,0.97,High
18,17,1,1.0,High
18,17,1,0.855,High
18,17,0,0.42,Medium
18,17,0,0.0,Low
18,17,0,0.125,Low
18,17,1,0.72,High
18,17,1,0.795,High
18,17,1,0.94,High
18,17,1,0.92,High
18,17,1,0.94,High
18,17,1,0.93,High
18,17,1,1.0,High
18,17,1,1.0,High
18,17,0,0.0,Low
18,17,0,0.0,Low
18,17,0,0.15,Low
18,17,0,0.0,Low
18,17,0,0.38,Low
17,18,0,0.01,Low
17,18,0,0.005,Low
17,18,0,0.0,Low
17,18,0,0.05,Low
17,18,0,0.285,Low
17,18,0,0.0,Low
17,18,1,0.84,High
17,18,1,0.865,High
17,18,1,0.905,High
17,18,1,0.885,High
17,18,1,0.955,High
17,18,1,0.93,High
17,18,1,1.0,High
17,18,0,0.03,Low
17,18,0,0.005,Low
17,18,0,0.0,Low
17,18,0,0.02,Low
17,18,0,0.0,Low
17,18,0,0.0,Low
17,18,0,0.01,Low
17,18,0,0.0,Low
17,18,0,0.005,Low
17,18,0,0.0,Low
17,18,0,0.01,Low
17,18,0,0.0,Low
17,18,0,0.035,Low
17,18,0,0.0,Low
17,18,0,0.005,Low
17,18,0,0.02,Low
17,18,0,0.0,Low
17,18,0,0.02,Low
17,18,0,0.025,Low
17,18,1,0.565,Medium
17,18,0,0.175,Low
17,18,1,0.815,High
17,18,0,0.0,Low
17,18,0,0.0,Low
17,18,0,0.005,Low
17,18,0,0.04,Low
17,18,0,0.0,Low
17,18,0,0.0,Low
17,18,0,0.005,Low
17,18,0,0.14,Low
17,18,0,0.01,Low
17,18,0,0.0,Low
17,18,1,0.76,High
17,18,1,0.935,High
17,18,1,0.875,High
17,18,1,0.925,High
17,18,1,0.985,High
17,18,1,1.0,High
17,18,1,1.0,High
17,18,1,0.845,High
17,18,1,0.95,High
17,18,1,1.0,High
17,18,1,0.695,Medium
17,18,1,0.98,High
17,18,1,1.0,High
17,18,0,0.005,Low
17,18,0,0.22,Low
17,18,0,0.14,Low
17,18,0,0.125,Low
17,18,1,0.735,High
17,18,1,0.745,High
17,18,1,0.975,High
17,18,1,0.985,High
17,18,1,0.96,High
17,18,1,0.99,High
17,18,1,0.89,High
17,18,1,0.995,High
17,18,1,0.87,High
17,18,1,1.0,High
17,18,1,1.0,High
17,18,1,0.975,High
17,18,1,0.985,High
17,18,1,0.995,High
17,18,1,0.91,High
17,18,1,0.955,High
17,18,1,1.0,High
17,18,1,0.985,High
17,18,1,1.0,High
17,18,1,1.0,High
17,18,0,0.01,Low
17,18,0,0.03,Low
17,18,0,0.0,Low
17,18,0,0.0,Low
17,18,0,0.315,Low
17,18,0,0.0,Low
17,18,0,0.0,Low
17,18,0,0.255,Low
17,18,0,0.015,Low
17,18,0,0.0,Low
17,18,0,0.01,Low
17,18,1,0.815,High
17,18,1,0.875,High
17,18,1,0.95,High
17,18,1,0.81,High
17,18,1,0.94,High
17,18,1,0.99,High
17,18,1,1.0,High
17,18,0,0.0,Low
17,18,0,0.0,Low
17,18,0,0.0,Low
17,18,0,0.0,Low
17,18,0,0.0,Low
17,18,0,0.045,Low
17,18,0,0.0,Low
17,18,0,0.0,Low
17,18,0,0.005,Low
17,18,0,0.09,Low
17,18,1,0.525,Medium
17,18,0,0.005,Low
17,18,1,0.98,High
17,18,1,0.905,High
17,18,1,0.94,High
17,18,1,0.995,High
17,18,1,0.98,High
17,18,1,0.98,High
17,18,1,0.98,High
17,18,1,0.985,High
17,18,1,0.955,High
17,18,1,0.895,High
17,18,1,0.955,High
17,18,1,0.985,High
17,18,1,0.94,High
17,18,1,0.98,High
17,18,1,1.0,High
17,18,1,0.585,Medium
17,18,0,0.315,Low
17,18,1,0.905,High
17,18,1,0.87,High
17,18,1,0.95,High
17,18,1,0.98,High
17,18,1,1.0,High
17,18,1,0.995,High
17,18,0,0.0,Low
17,18,0,0.01,Low
17,18,0,0.005,Low
17,18,0,0.02,Low
17,18,0,0.0,Low
17,18,0,0.0,Low
17,18,0,0.0,Low
17,18,0,0.01,Low
17,18,0,0.005,Low
17,18,0,0.01,Low
17,18,0,0.02,Low
17,18,0,0.4,Medium
17,18,0,0.015,Low
17,18,0,0.0,Low
17,18,0,0.02,Low
17,18,0,0.29,Low
17,18,1,0.84,High
17,18,1,0.945,High
17,18,1,0.965,High
17,18,1,0.875,High
17,18,1,1.0,High
17,18,1,1.0,High
17,18,1,1.0,High
17,18,1,1.0,High
17,18,1,0.77,High
17,18,0,0.0,Low
17,18,0,0.04,Low
17,18,0,0.345,Low
17,18,0,0.165,Low
17,18,0,0.0,Low
17,18,0,0.0,Low
17,18,0,0.0,Low
17,18,0,0.12,Low
17,18,0,0.01,Low
17,18,0,0.0,Low
17,18,0,0.105,Low
17,18,0,0.0,Low
17,18,0,0.225,Low
17,18,0,0.0,Low
17,18,0,0.25,Low
17,18,0,0.025,Low
17,18,0,0.0,Low
17,18,0,0.0,Low
17,18,0,0.0,Low
17,18,0,0.015,Low
17,18,1,0.825,High
17,18,1,0.765,High
17,18,1,0.915,High
17,18,1,0.95,High
17,18,1,1.0,High
17,18,1,0.965,High
17,18,1,1.0,High
17,18,1,0.995,High
17,18,0,0.015,Low
17,18,0,0.0,Low
17,18,0,0.0,Low
17,18,0,0.0,Low
17,18,0,0.35,Low
17,18,0,0.045,Low
17,18,0,0.0,Low
17,18,1,0.875,High
17,18,1,0.95,High
17,18,1,0.875,High
17,18,1,1.0,High
17,18,1,0.805,High
17,18,1,1.0,High
17,18,1,1.0,High
17,18,0,0.0,Low
17,18,0,0.0,Low
17,18,0,0.0,Low
17,18,1,0.71,High
17,18,0,0.01,Low
17,18,0,0.0,Low
17,18,0,0.01,Low
17,18,0,0.01,Low
17,18,0,0.0,Low
17,18,0,0.0,Low
17,18,0,0.435,Medium
17,18,0,0.0,Low
17,18,0,0.0,Low
17,18,0,0.0,Low
17,18,0,0.0,Low
17,18,0,0.29,Low
17,18,0,0.0,Low
17,18,0,0.005,Low
17,18,0,0.005,Low
17,18,0,0.395,Low
17,18,0,0.0,Low
17,18,0,0.275,Low
17,18,0,0.0,Low
17,18,0,0.0,Low
17,18,0,0.01,Low
17,18,0,0.005,Low
17,18,0,0.02,Low
17,18,0,0.005,Low
17,18,0,0.0,Low
17,18,0,0.0,Low
17,18,0,0.0,Low
17,18,0,0.0,Low
17,18,0,0.005,Low
17,18,0,0.03,Low
17,18,0,0.0,Low
17,18,0,0.0,Low
17,18,0,0.0,Low
17,18,0,0.0,Low
17,18,0,0.02,Low
17,18,0,0.0,Low
17,18,0,0.005,Low
17,18,1,0.675,Medium
17,18,1,0.925,High
17,18,1,0.93,High
17,18,1,1.0,High
17,18,1,0.965,High
17,18,1,1.0,High
17,18,1,0.91,High
17,18,1,0.98,High
17,18,1,1.0,High
17,18,1,0.76,High
17,18,1,0.99,High
17,18,1,1.0,High
17,18,0,0.19,Low
17,18,0,0.01,Low
17,18,0,0.0,Low
17,18,0,0.015,Low
17,18,0,0.0,Low
17,18,0,0.0,Low
17,18,0,0.01,Low
17,18,0,0.0,Low
17,18,0,0.105,Low
17,18,0,0.0,Low
17,18,0,0.0,Low
17,18,1,0.79,High
17,18,0,0.0,Low
17,18,0,0.005,Low
17,18,0,0.0,Low
17,18,0,0.025,Low
17,18,0,0.045,Low
17,18,0,0.215,Low
17,18,0,0.0,Low
17,18,1,0.895,High
17,18,0,0.49,Medium
17,18,1,0.885,High
17,18,1,0.93,High
17,18,1,1.0,High
17,18,1,0.875,High
17,18,1,0.995,High
17,18,0,0.055,Low
17,18,0,0.245,Low
17,18,0,0.0,Low
17,18,0,0.01,Low
17,18,0,0.0,Low
17,18,0,0.005,Low
17,18,0,0.16,Low
17,18,0,0.0,Low
17,18,1,0.78,High
17,18,1,0.925,High
17,18,1,0.765,High
17,18,1,0.99,High
17,18,1,0.955,High
17,18,1,1.0,High
17,18,1,1.0,High
17,18,0,0.215,Low
17,18,0,0.145,Low
17,18,0,0.015,Low
17,18,0,0.39,Low
17,18,0,0.0,Low
17,18,0,0.015,Low
17,18,0,0.35,Low
17,18,0,0.0,Low
17,18,0,0.005,Low
17,18,0,0.0,Low
17,18,0,0.01,Low
17,18,0,0.015,Low
17,18,0,0.02,Low
17,18,0,0.03,Low
17,18,0,0.0,Low
17,18,0,0.03,Low
17,18,1,0.76,High
17,18,1,0.85,High
17,18,1,0.935,High
17,18,1,0.92,High
17,18,1,1.0,High
17,18,1,1.0,High
17,18,1,1.0,High
17,18,1,0.975,High
17,18,1,1.0,High
17,18,1,0.995,High
17,18,1,0.995,High
17,18,0,0.0,Low
17,18,0,0.025,Low
17,18,0,0.0,Low
17,18,0,0.075,Low
17,18,0,0.245,Low
17,18,0,0.01,Low
17,18,0,0.34,Low
17,18,1,0.695,Medium
17,18,1,0.8,High
17,18,1,0.97,High
17,18,1,0.835,High
17,18,1,0.91,High
17,18,1,0.87,High
17,18,1,1.0,High
17,18,1,0.995,High
17,18,0,0.0,Low
17,18,0,0.01,Low
17,18,0,0.01,Low
17,18,0,0.395,Low
17,18,0,0.025,Low
17,18,0,0.0,Low
17,18,0,0.125,Low
17,18,1,0.935,High
17,18,1,0.98,High
17,18,1,0.855,High
17,18,1,0.995,High
17,18,1,0.955,High
17,18,1,0.995,High
17,18,1,1.0,High
17,18,0,0.0,Low
17,18,0,0.0,Low
17,18,0,0.01,Low
17,18,1,0.83,High
17,18,1,0.955,High
17,18,1,0.985,High
17,18,1,0.925,High
17,18,1,1.0,High
17,18,1,0.915,High
17,18,1,0.955,High
17,18,0,0.035,Low
17,18,0,0.0,Low
17,18,0,0.01,Low
20,19,0,0.005,Low
20,19,0,0.0,Low
20,19,0,0.005,Low
20,19,1,0.75,High
20,19,1,0.96,High
20,19,1,0.995,High
20,19,1,0.765,High
20,19,1,0.72,High
20,19,1,0.89,High
20,19,1,1.0,High
20,19,1,0.985,High
20,19,1,1.0,High
20,19,0,0.0,Low
20,19,0,0.0,Low
20,19,0,0.0,Low
20,19,0,0.275,Low
20,19,0,0.005,Low
20,19,0,0.0,Low
20,19,0,0.005,Low
20,19,0,0.0,Low
20,19,0,0.0,Low
20,19,0,0.01,Low
20,19,0,0.07,Low
20,19,0,0.25,Low
20,19,0,0.01,Low
20,19,0,0.05,Low
20,19,0,0.225,Low
20,19,0,0.0,Low
20,19,0,0.41,Medium
20,19,0,0.0,Low
20,19,0,0.355,Low
20,19,0,0.01,Low
20,19,1,0.76,High
20,19,0,0.185,Low
20,19,0,0.03,Low
20,19,1,0.88,High
20,19,0,0.02,Low
20,19,0,0.0,Low
20,19,0,0.0,Low
20,19,0,0.01,Low
20,19,0,0.015,Low
20,19,0,0.18,Low
20,19,0,0.015,Low
20,19,0,0.0,Low
20,19,0,0.18,Low
20,19,1,0.94,High
20,19,1,0.725,High
20,19,1,1.0,High
20,19,1,1.0,High
20,19,1,0.965,High
20,19,1,1.0,High
20,19,1,1.0,High
20,19,0,0.345,Low
20,19,0,0.485,Medium
20,19,0,0.0,Low
20,19,0,0.005,Low
20,19,0,0.0,Low
20,19,0,0.0,Low
20,19,0,0.345,Low
20,19,0,0.005,Low
20,19,0,0.005,Low
20,19,0,0.01,Low
20,19,0,0.0,Low
20,19,0,0.195,Low
20,19,0,0.11,Low
20,19,0,0.005,Low
20,19,0,0.015,Low
20,19,0,0.3,Low
20,19,0,0.0,Low
20,19,0,0.0,Low
20,19,0,0.11,Low
20,19,0,0.01,Low
20,19,1,0.775,High
20,19,0,0.0,Low
20,19,1,0.78,High
20,19,1,0.775,High
20,19,1,0.97,High
20,19,1,0.995,High
20,19,1,0.9,High
20,19,1,1.0,High
20,19,1,0.995,High
20,19,0,0.0,Low
20,19,0,0.0,Low
20,19,1,0.875,High
20,19,1,0.865,High
20,19,1,0.955,High
20,19,1,0.955,High
20,19,1,0.975,High
20,19,1,0.91,High
20,19,1,0.995,High
20,19,0,0.01,Low
20,19,0,0.0,Low
20,19,0,0.025,Low
20,19,0,0.01,Low
20,19,0,0.0,Low
20,19,0,0.01,Low
20,19,0,0.0,Low
20,19,1,0.85,High
20,19,1,0.84,High
20,19,1,0.925,High
20,19,1,0.815,High
20,19,1,0.97,High
20,19,1,1.0,High
20,19,1,1.0,High
20,19,1,0.875,High
20,19,1,1.0,High
20,19,1,1.0,High
20,19,1,1.0,High
20,19,1,1.0,High
20,19,1,0.965,High
20,19,1,0.96,High
20,19,1,0.995,High
20,19,1,1.0,High
20,19,1,1.0,High
20,19,1,0.935,High
20,19,0,0.03,Low
20,19,0,0.015,Low
20,19,0,0.0,Low
20,19,0,0.0,Low
20,19,0,0.0,Low
20,19,0,0.005,Low
20,19,0,0.0,Low
20,19,0,0.135,Low
20,19,1,0.82,High
20,19,1,0.955,High
20,19,1,0.98,High
20,19,1,0.95,High
20,19,1,1.0,High
20,19,1,0.95,High
20,19,1,0.96,High
20,19,1,1.0,High
20,19,1,0.825,High
20,19,0,0.19,Low
20,19,0,0.0,Low
20,19,0,0.14,Low
20,19,0,0.005,Low
20,19,0,0.01,Low
20,19,0,0.015,Low
20,19,0,0.095,Low
20,19,0,0.015,Low
20,19,0,0.005,Low
20,19,1,0.995,High
20,19,1,0.84,High
20,19,1,0.855,High
20,19,1,0.995,High
20,19,1,1.0,High
20,19,1,1.0,High
20,19,1,1.0,High
20,19,1,1.0,High
20,19,0,0.0,Low
20,19,0,0.0,Low
20,19,0,0.005,Low
20,19,0,0.0,Low
20,19,0,0.265,Low
20,19,0,0.01,Low
20,19,0,0.0,Low
20,19,0,0.0,Low
20,19,0,0.15,Low
20,19,0,0.03,Low
20,19,0,0.005,Low
20,19,0,0.0,Low
20,19,0,0.0,Low
20,19,0,0.0,Low
20,19,0,0.0,Low
20,19,0,0.0,Low
20,19,0,0.0,Low
20,19,0,0.0,Low
20,19,0,0.0,Low
20,19,0,0.0,Low
20,19,1,0.525,Medium
20,19,0,0.0,Low
20,19,0,0.0,Low
20,19,0,0.005,Low
20,19,0,0.005,Low
20,19,0,0.0,Low
20,19,1,0.825,High
20,19,1,0.94,High
20,19,1,0.93,High
20,19,1,1.0,High
20,19,1,0.97,High
20,19,1,0.97,High
20,19,1,1.0,High
20,19,0,0.01,Low
20,19,0,0.06,Low
20,19,1,0.895,High
20,19,1,0.945,High
20,19,1,0.91,High
20,19,1,0.965,High
20,19,1,0.905,High
20,19,1,0.945,High
20,19,1,1.0,High
20,19,1,0.985,High
20,19,1,0.97,High
20,19,1,0.995,High
20,19,1,1.0,High
20,19,1,0.99,High
20,19,1,1.0,High
20,19,1,0.765,High
20,19,0,0.0,Low
20,19,0,0.0,Low
20,19,0,0.015,Low
20,19,0,0.0,Low
20,19,0,0.01,Low
20,19,0,0.035,Low
20,19,0,0.005,Low
20,19,0,0.32,Low
20,19,0,0.0,Low
20,19,0,0.02,Low
20,19,0,0.0,Low
20,19,0,0.33,Low
20,19,0,0.425,Medium
20,19,0,0.0,Low
20,19,1,0.795,High
20,19,1,0.905,High
20,19,1,0.965,High
20,19,1,0.995,High
20,19,1,0.9,High
20,19,1,1.0,High
20,19,1,0.93,High
20,19,1,0.97,High
20,19,1,0.99,High
20,19,1,0.93,High
20,19,1,1.0,High
20,19,1,0.95,High
20,19,1,0.985,High
20,19,1,0.995,High
20,19,1,1.0,High
20,19,1,0.935,High
20,19,1,0.965,High
20,19,0,0.31,Low
20,19,0,0.02,Low
20,19,0,0.035,Low
20,19,0,0.325,Low
20,19,0,0.01,Low
20,19,0,0.01,Low
20,19,0,0.0,Low
20,19,0,0.015,Low
20,19,0,0.0,Low
20,19,0,0.07,Low
20,19,0,0.105,Low
20,19,1,0.775,High
20,19,0,0.0,Low
20,19,0,0.01,Low
20,19,0,0.01,Low
20,19,0,0.02,Low
20,19,0,0.0,Low
20,19,0,0.0,Low
20,19,0,0.005,Low
20,19,0,0.285,Low
20,19,0,0.05,Low
20,19,0,0.0,Low
20,19,0,0.13,Low
20,19,0,0.0,Low
20,19,0,0.0,Low
20,19,0,0.0,Low
20,19,0,0.06,Low
20,19,0,0.0,Low
20,19,1,0.69,Medium
20,19,0,0.0,Low
20,19,0,0.04,Low
20,19,0,0.06,Low
20,19,0,0.0,Low
20,19,0,0.0,Low
20,19,1,0.815,High
20,19,1,0.895,High
20,19,1,0.935,High
20,19,1,0.965,High
20,19,1,1.0,High
20,19,1,0.975,High
20,19,1,0.92,High
20,19,1,1.0,High
20,19,1,0.96,High
20,19,1,1.0,High
20,19,1,0.995,High
20,19,1,0.995,High
20,19,1,1.0,High
20,19,1,1.0,High
20,19,0,0.0,Low
20,19,0,0.0,Low
20,19,0,0.005,Low
20,19,0,0.0,Low
20,19,0,0.3,Low
20,19,0,0.0,Low
20,19,0,0.005,Low
20,19,0,0.0,Low
20,19,0,0.0,Low
20,19,0,0.0,Low
20,19,0,0.0,Low
20,19,0,0.355,Low
20,19,0,0.0,Low
20,19,0,0.0,Low
20,19,0,0.025,Low
20,19,0,0.025,Low
20,19,0,0.25,Low
20,19,0,0.13,Low
20,19,1,0.875,High
20,19,1,0.88,High
20,19,1,0.925,High
20,19,1,0.98,High
20,19,1,1.0,High
20,19,1,1.0,High
20,19,1,0.945,High
20,19,1,0.97,High
20,19,1,1.0,High
20,19,1,1.0,High
20,19,0,0.0,Low
20,19,0,0.015,Low
20,19,0,0.0,Low
20,19,0,0.0,Low
20,19,0,0.0,Low
20,19,0,0.0,Low
20,19,0,0.36,Low
20,19,0,0.005,Low
20,19,0,0.0,Low
20,19,0,0.01,Low
20,19,0,0.005,Low
20,19,0,0.1,Low
20,19,0,0.0,Low
20,19,0,0.035,Low
20,19,0,0.0,Low
20,19,1,0.925,High
20,19,1,0.93,High
20,19,1,0.68,Medium
20,19,1,0.905,High
20,19,1,1.0,High
20,19,1,1.0,High
20,19,1,1.0,High
20,19,1,1.0,High
20,19,1,0.92,High
20,19,1,0.99,High
20,19,0,0.0,Low
20,19,0,0.0,Low
20,19,0,0.005,Low
20,19,1,0.755,High
20,19,1,0.93,High
20,19,1,0.975,High
20,19,1,0.93,High
20,19,1,0.945,High
20,19,1,1.0,High
20,19,1,0.885,High
20,19,0,0.235,Low
20,19,0,0.0,Low
20,19,0,0.015,Low
20,19,0,0.275,Low
20,19,0,0.06,Low
20,19,0,0.245,Low
20,19,1,0.955,High
20,19,1,0.84,High
20,19,1,1.0,High
20,19,1,1.0,High
20,19,1,1.0,High
20,19,1,1.0,High
20,19,1,0.91,High
20,19,0,0.0,Low
20,19,1,0.69,Medium
20,19,1,0.83,High
20,19,1,1.0,High
20,19,1,0.975,High
20,19,1,1.0,High
20,19,1,1.0,High
20,19,1,1.0,High
20,19,0,0.01,Low
20,19,0,0.0,Low
20,19,0,0.0,Low
20,19,0,0.015,Low
19,20,1,0.9,High
19,20,1,0.815,High
19,20,1,0.94,High
19,20,1,0.895,High
19,20,1,1.0,High
19,20,1,1.0,High
19,20,1,0.995,High
19,20,0,0.015,Low
19,20,0,0.0,Low
19,20,0,0.025,Low
19,20,0,0.0,Low
19,20,0,0.0,Low
19,20,1,0.705,High
19,20,0,0.005,Low
19,20,0,0.01,Low
19,20,0,0.315,Low
19,20,0,0.1,Low
19,20,1,0.865,High
19,20,1,0.785,High
19,20,1,0.9,High
19,20,1,0.93,High
19,20,1,0.975,High
19,20,1,1.0,High
19,20,1,1.0,High
19,20,1,0.94,High
19,20,1,1.0,High
19,20,0,0.0,Low
19,20,0,0.0,Low
19,20,0,0.0,Low
19,20,0,0.03,Low
19,20,0,0.005,Low
19,20,0,0.02,Low
19,20,0,0.0,Low
19,20,0,0.3,Low
19,20,0,0.01,Low
19,20,0,0.0,Low
19,20,0,0.02,Low
19,20,0,0.025,Low
19,20,0,0.08,Low
19,20,0,0.03,Low
19,20,0,0.005,Low
19,20,0,0.0,Low
19,20,0,0.0,Low
19,20,1,0.87,High
19,20,1,0.845,High
19,20,1,0.955,High
19,20,1,0.99,High
19,20,1,0.995,High
19,20,1,0.995,High
19,20,1,1.0,High
19,20,0,0.0,Low
19,20,0,0.07,Low
19,20,0,0.07,Low
19,20,0,0.005,Low
19,20,0,0.01,Low
19,20,0,0.0,Low
19,20,0,0.015,Low
19,20,0,0.0,Low
19,20,0,0.005,Low
19,20,0,0.0,Low
19,20,0,0.035,Low
19,20,0,0.37,Low
19,20,0,0.32,Low
19,20,0,0.0,Low
19,20,0,0.01,Low
19,20,1,0.785,High
19,20,1,0.875,High
19,20,1,0.92,High
19,20,1,0.995,High
19,20,1,1.0,High
19,20,1,0.975,High
19,20,1,1.0,High
19,20,1,1.0,High
19,20,1,1.0,High
19,20,0,0.01,Low
19,20,0,0.32,Low
19,20,0,0.195,Low
19,20,1,0.955,High
19,20,1,1.0,High
19,20,1,0.97,High
19,20,1,0.96,High
19,20,1,0.845,High
19,20,1,1.0,High
19,20,1,0.895,High
19,20,1,0.96,High
19,20,1,1.0,High
19,20,1,1.0,High
19,20,1,0.91,High
19,20,0,0.04,Low
19,20,0,0.15,Low
19,20,0,0.0,Low
19,20,0,0.015,Low
19,20,0,0.335,Low
19,20,0,0.0,Low
19,20,0,0.42,Medium
19,20,0,0.015,Low
19,20,0,0.0,Low
19,20,0,0.0,Low
19,20,0,0.155,Low
19,20,0,0.0,Low
19,20,0,0.0,Low
19,20,0,0.245,Low
19,20,0,0.015,Low
19,20,0,0.005,Low
19,20,0,0.02,Low
19,20,0,0.0,Low
19,20,0,0.395,Low
19,20,0,0.0,Low
19,20,0,0.18,Low
19,20,0,0.21,Low
19,20,0,0.005,Low
19,20,0,0.0,Low
19,20,0,0.055,Low
19,20,1,0.93,High
19,20,1,0.955,High
19,20,1,0.92,High
19,20,1,0.93,High
19,20,1,0.975,High
19,20,1,1.0,High
19,20,1,1.0,High
19,20,1,0.995,High
19,20,1,1.0,High
19,20,0,0.0,Low
19,20,0,0.04,Low
19,20,0,0.0,Low
19,20,0,0.0,Low
19,20,0,0.0,Low
19,20,0,0.0,Low
19,20,0,0.0,Low
19,20,0,0.0,Low
19,20,0,0.055,Low
19,20,0,0.0,Low
19,20,0,0.015,Low
19,20,0,0.0,Low
19,20,1,0.93,High
19,20,1,0.92,High
19,20,1,0.99,High
19,20,1,0.825,High
19,20,1,0.945,High
19,20,1,0.975,High
19,20,1,1.0,High
19,20,0,0.0,Low
19,20,0,0.0,Low
19,20,0,0.0,Low
19,20,1,0.98,High
19,20,1,0.945,High
19,20,1,0.935,High
19,20,1,0.84,High
19,20,1,1.0,High
19,20,1,1.0,High
19,20,1,1.0,High
19,20,1,0.92,High
19,20,1,0.975,High
19,20,1,1.0,High
19,20,1,1.0,High
19,20,1,1.0,High
19,20,1,1.0,High
19,20,0,0.0,Low
19,20,0,0.29,Low
19,20,0,0.11,Low
19,20,0,0.0,Low
19,20,0,0.095,Low
19,20,0,0.025,Low
19,20,0,0.32,Low
19,20,0,0.005,Low
19,20,0,0.075,Low
19,20,0,0.025,Low
19,20,0,0.0,Low
19,20,0,0.005,Low
19,20,1,0.68,Medium
19,20,0,0.0,Low
19,20,0,0.0,Low
19,20,0,0.0,Low
19,20,0,0.005,Low
19,20,0,0.005,Low
19,20,0,0.005,Low
19,20,0,0.005,Low
19,20,0,0.01,Low
19,20,0,0.005,Low
19,20,0,0.025,Low
19,20,1,0.655,Medium
19,20,0,0.02,Low
19,20,0,0.125,Low
19,20,0,0.38,Low
19,20,0,0.07,Low
19,20,0,0.03,Low
19,20,0,0.26,Low
19,20,0,0.0,Low
19,20,0,0.0,Low
19,20,0,0.0,Low
19,20,0,0.02,Low
19,20,1,0.655,Medium
19,20,0,0.005,Low
19,20,0,0.115,Low
19,20,1,0.69,Medium
19,20,0,0.0,Low
19,20,0,0.005,Low
19,20,0,0.0,Low
19,20,0,0.25,Low
19,20,0,0.0,Low
19,20,0,0.01,Low
19,20,0,0.0,Low
19,20,0,0.0,Low
19,20,0,0.01,Low
19,20,0,0.275,Low
19,20,0,0.0,Low
19,20,0,0.01,Low
19,20,0,0.035,Low
19,20,0,0.35,Low
19,20,0,0.005,Low
19,20,0,0.01,Low
19,20,1,0.505,Medium
19,20,0,0.03,Low
19,20,1,0.65,Medium
19,20,0,0.025,Low
19,20,0,0.02,Low
19,20,0,0.0,Low
19,20,0,0.08,Low
19,20,0,0.0,Low
19,20,0,0.165,Low
19,20,0,0.365,Low
19,20,0,0.0,Low
19,20,0,0.005,Low
19,20,0,0.0,Low
19,20,0,0.005,Low
19,20,0,0.015,Low
19,20,0,0.005,Low
19,20,0,0.24,Low
19,20,0,0.01,Low
19,20,0,0.005,Low
19,20,0,0.0,Low
19,20,0,0.255,Low
19,20,0,0.005,Low
19,20,1,0.9,High
19,20,1,0.88,High
19,20,1,0.505,Medium
19,20,1,0.99,High
19,20,1,0.81,High
19,20,1,1.0,High
19,20,1,0.99,High
19,20,1,0.92,High
19,20,1,0.98,High
19,20,1,1.0,High
19,20,1,0.81,High
19,20,1,0.945,High
19,20,1,0.96,High
19,20,1,0.84,High
19,20,1,0.96,High
19,20,1,1.0,High
19,20,1,0.995,High
19,20,1,1.0,High
19,20,1,0.97,High
19,20,1,0.575,Medium
19,20,1,0.995,High
19,20,1,1.0,High
19,20,1,1.0,High
19,20,1,0.8,High
19,20,1,0.98,High
19,20,1,0.77,High
19,20,1,0.97,High
19,20,1,0.95,High
19,20,1,1.0,High
19,20,1,0.965,High
19,20,0,0.005,Low
19,20,0,0.0,Low
19,20,0,0.0,Low
19,20,0,0.02,Low
19,20,0,0.02,Low
19,20,0,0.05,Low
19,20,0,0.0,Low
19,20,0,0.0,Low
19,20,0,0.325,Low
19,20,1,0.91,High
19,20,1,0.94,High
19,20,1,0.965,High
19,20,1,0.995,High
19,20,1,0.83,High
19,20,1,0.975,High
19,20,1,0.95,High
19,20,1,0.925,High
19,20,1,1.0,High
19,20,1,0.545,Medium
19,20,1,1.0,High
19,20,1,0.965,High
19,20,1,0.985,High
19,20,1,0.9,High
19,20,1,0.975,High
19,20,1,0.985,High
19,20,0,0.01,Low
19,20,0,0.005,Low
19,20,0,0.04,Low
19,20,0,0.005,Low
19,20,0,0.0,Low
19,20,0,0.38,Low
19,20,0,0.0,Low
19,20,0,0.0,Low
19,20,0,0.345,Low
19,20,0,0.01,Low
19,20,0,0.02,Low
19,20,0,0.005,Low
19,20,0,0.02,Low
19,20,0,0.0,Low
19,20,1,0.825,High
19,20,1,0.87,High
19,20,1,0.935,High
19,20,1,0.96,High
19,20,1,0.975,High
19,20,1,0.975,High
19,20,1,1.0,High
19,20,1,1.0,High
19,20,1,0.99,High
19,20,1,0.98,High
19,20,1,1.0,High
19,20,1,0.995,High
19,20,1,1.0,High
19,20,0,0.0,Low
19,20,0,0.0,Low
19,20,0,0.285,Low
19,20,0,0.01,Low
19,20,0,0.0,Low
19,20,0,0.025,Low
19,20,0,0.01,Low
19,20,0,0.005,Low
19,20,0,0.0,Low
19,20,0,0.01,Low
19,20,0,0.0,Low
19,20,0,0.14,Low
19,20,0,0.015,Low
19,20,0,0.165,Low
19,20,0,0.01,Low
19,20,0,0.0,Low
19,20,0,0.01,Low
19,20,0,0.01,Low
19,20,0,0.0,Low
19,20,0,0.0,Low
19,20,0,0.0,Low
19,20,0,0.015,Low
19,20,0,0.0,Low
19,20,0,0.055,Low
19,20,0,0.0,Low
19,20,0,0.0,Low
19,20,0,0.0,Low
19,20,1,0.94,High
19,20,1,0.755,High
19,20,1,0.86,High
19,20,1,0.92,High
19,20,1,1.0,High
19,20,1,1.0,High
19,20,1,0.96,High
19,20,1,1.0,High
19,20,1,1.0,High
19,20,0,0.025,Low
19,20,0,0.24,Low
19,20,1,0.745,High
19,20,1,0.93,High
19,20,1,1.0,High
19,20,1,0.945,High
19,20,1,0.995,High
19,20,1,1.0,High
19,20,1,0.98,High
19,20,0,0.37,Low
19,20,0,0.0,Low
19,20,0,0.0,Low
19,20,0,0.46,Medium
19,20,0,0.205,Low
