sensor_reading_id,machine_id,reading_timestamp,temperature,vibration,pressure,rotation_speed,power_consumption
1,1,2025-01-01,60.12,3.15,84.04,2988.06,58.67
2,2,2025-01-01,82.94,5.62,77.48,2675.73,52.84
3,3,2025-01-01,66.38,1.29,40.48,2145.93,37.16
4,4,2025-01-01,78.89,5.11,79.11,2233.51,63.6
5,5,2025-01-01,72.02,1.43,55.04,1290.63,51.42
6,6,2025-01-01,76.78,3.65,81.19,2808.72,73.6
7,7,2025-01-01,66.79,5.81,71.27,2700.49,63.2
8,8,2025-01-01,91.33,5.24,83.13,1837.93,67.5
9,9,2025-01-01,64.56,3.16,47.4,2740.23,29.25
10,10,2025-01-01,84.94,2.0,76.34,2435.37,60.84
11,11,2025-01-01,80.99,2.8,56.44,2781.57,61.87
12,12,2025-01-01,66.19,3.99,80.69,2787.03,55.12
13,13,2025-01-01,66.65,4.67,59.09,1918.94,55.04
14,14,2025-01-01,57.77,3.84,77.07,1474.08,32.93
15,15,2025-01-01,75.57,2.01,62.84,2697.0,57.03
16,16,2025-01-01,83.35,3.89,62.99,2489.45,22.46
17,17,2025-01-01,74.27,4.83,86.4,2801.27,62.04
18,18,2025-01-01,66.66,1.2,41.15,2274.11,66.26
19,19,2025-01-01,72.68,2.39,50.96,1982.21,68.97
20,20,2025-01-01,78.64,3.76,71.93,1539.87,56.79
21,1,2025-01-02,64.89,1.71,68.67,2648.74,28.25
22,2,2025-01-02,72.06,5.94,62.44,2378.79,55.6
23,3,2025-01-02,66.25,3.87,69.86,1710.09,68.98
24,4,2025-01-02,80.07,6.04,69.72,1874.57,46.87
25,5,2025-01-02,78.1,5.55,74.44,1473.97,27.58
26,6,2025-01-02,61.67,3.23,86.12,1720.17,20.06
27,7,2025-01-02,83.83,2.96,41.68,1823.97,68.8
28,8,2025-01-02,69.91,4.44,85.24,2041.62,63.43
29,9,2025-01-02,65.76,5.85,60.58,1487.58,71.18
30,10,2025-01-02,65.33,3.27,40.42,1356.94,54.09
31,11,2025-01-02,84.77,3.8,46.97,2462.2,25.9
32,12,2025-01-02,69.98,2.83,76.89,2147.62,64.98
33,13,2025-01-02,82.41,4.44,66.04,1400.85,45.54
34,14,2025-01-02,57.6,1.45,83.95,2833.28,31.03
35,15,2025-01-02,82.12,3.84,89.51,2328.86,23.78
36,16,2025-01-02,57.69,1.15,85.22,2903.71,59.34
37,17,2025-01-02,75.84,5.3,95.16,2706.85,54.6
38,18,2025-01-02,56.38,5.38,72.75,2808.9,73.82
39,19,2025-01-02,67.57,2.09,71.7,1889.07,73.15
40,20,2025-01-02,69.26,3.39,80.46,2869.06,49.55
41,1,2025-01-03,62.78,2.75,88.06,1349.53,74.95
42,2,2025-01-03,80.5,4.45,85.23,2177.09,55.76
43,3,2025-01-03,66.76,3.09,80.46,2882.91,71.25
44,4,2025-01-03,78.5,5.76,82.8,1696.91,24.21
45,5,2025-01-03,82.8,5.4,84.19,1935.79,50.02
46,6,2025-01-03,70.32,5.22,79.51,1728.21,45.69
47,7,2025-01-03,57.42,1.8,43.0,1573.85,20.83
48,8,2025-01-03,67.38,5.66,80.31,1745.95,51.11
49,9,2025-01-03,83.87,2.71,64.51,1497.71,63.87
50,10,2025-01-03,71.43,5.74,47.54,1805.3,55.05
51,11,2025-01-03,80.3,4.02,77.56,1494.53,34.12
52,12,2025-01-03,81.83,4.35,84.39,1410.24,62.03
53,13,2025-01-03,82.99,3.16,68.47,1942.67,51.92
54,14,2025-01-03,63.63,5.37,65.13,1521.79,23.56
55,15,2025-01-03,70.5,3.93,60.99,1241.76,42.28
56,16,2025-01-03,71.22,3.34,59.21,1559.07,47.84
57,17,2025-01-03,86.24,6.43,68.84,1549.25,77.77
58,18,2025-01-03,79.71,2.2,47.11,2484.35,55.3
59,19,2025-01-03,70.16,1.26,42.92,1493.68,74.97
60,20,2025-01-03,73.39,4.76,79.43,1604.53,40.32
61,1,2025-01-04,63.93,5.68,80.66,1633.26,61.26
62,2,2025-01-04,80.8,6.84,78.77,2679.68,73.88
63,3,2025-01-04,59.67,5.94,57.74,2487.52,73.78
64,4,2025-01-04,84.72,4.61,52.92,2247.3,35.67
65,5,2025-01-04,84.35,3.33,66.19,2761.2,70.67
66,6,2025-01-04,73.86,1.39,87.91,1813.31,38.57
67,7,2025-01-04,69.06,3.73,72.86,2045.56,51.69
68,8,2025-01-04,72.96,1.28,51.33,1401.51,42.85
69,9,2025-01-04,75.49,4.33,73.05,1522.25,57.89
70,10,2025-01-04,74.01,2.92,64.06,2594.81,49.45
71,11,2025-01-04,69.55,5.19,42.02,2780.95,50.78
72,12,2025-01-04,74.47,3.85,62.91,2282.41,60.22
73,13,2025-01-04,70.69,4.41,68.47,1656.71,51.85
74,14,2025-01-04,58.65,3.93,79.47,1892.01,56.79
75,15,2025-01-04,66.47,2.76,62.79,1917.14,45.97
76,16,2025-01-04,74.66,4.64,76.11,2305.8,67.79
77,17,2025-01-04,83.19,5.72,44.47,1298.85,26.35
78,18,2025-01-04,67.2,2.49,47.26,1330.86,46.42
79,19,2025-01-04,66.48,2.56,81.07,1789.42,45.19
80,20,2025-01-04,82.67,4.88,65.85,1636.35,43.14
81,1,2025-01-05,58.21,3.13,80.47,1334.27,20.85
82,2,2025-01-05,87.87,5.21,79.35,2619.13,81.66
83,3,2025-01-05,67.13,4.97,51.55,2761.92,53.8
84,4,2025-01-05,64.9,2.55,44.54,1205.65,20.94
85,5,2025-01-05,58.55,4.81,85.6,1957.1,62.28
86,6,2025-01-05,59.66,3.53,80.42,2617.03,67.05
87,7,2025-01-05,70.17,4.32,81.96,1645.63,67.63
88,8,2025-01-05,64.89,1.49,51.71,1869.81,50.95
89,9,2025-01-05,77.92,3.8,86.73,2369.59,47.26
90,10,2025-01-05,55.57,2.48,54.64,2565.08,66.34
91,11,2025-01-05,66.09,2.4,78.66,2043.41,22.02
92,12,2025-01-05,72.25,4.85,76.33,1819.77,65.51
93,13,2025-01-05,82.6,5.47,65.24,2785.22,71.78
94,14,2025-01-05,63.9,1.36,55.09,2724.02,58.81
95,15,2025-01-05,75.15,2.92,48.1,1510.96,34.28
96,16,2025-01-05,82.97,4.13,73.62,2716.58,54.58
97,17,2025-01-05,68.84,5.06,61.4,2624.17,65.02
98,18,2025-01-05,71.45,5.6,63.79,2444.93,39.7
99,19,2025-01-05,70.95,4.01,71.65,2693.11,63.25
100,20,2025-01-05,90.89,5.37,64.11,1786.38,47.95
101,1,2025-01-06,75.62,5.72,70.2,1460.62,31.0
102,2,2025-01-06,80.61,7.31,83.14,2357.11,72.83
103,3,2025-01-06,73.19,3.79,70.75,1847.85,62.78
104,4,2025-01-06,80.88,2.21,79.06,1667.41,66.48
105,5,2025-01-06,69.31,5.3,77.48,1434.43,60.08
106,6,2025-01-06,60.41,4.53,48.77,2358.24,46.52
107,7,2025-01-06,70.43,4.41,86.32,1566.51,52.22
108,8,2025-01-06,63.84,4.08,67.16,1405.24,34.75
109,9,2025-01-06,80.94,4.06,91.11,2540.64,62.86
110,10,2025-01-06,60.62,5.49,77.34,2990.82,74.12
111,11,2025-01-06,78.84,1.07,89.84,2802.87,30.14
112,12,2025-01-06,81.16,4.31,63.04,2282.61,46.0
113,13,2025-01-06,90.88,5.06,65.09,1134.83,62.86
114,14,2025-01-06,67.4,3.29,52.69,1703.39,51.77
115,15,2025-01-06,80.58,5.32,62.03,2213.76,63.04
116,16,2025-01-06,77.76,5.12,88.44,2128.63,49.41
117,17,2025-01-06,74.48,5.18,61.75,2378.4,52.17
118,18,2025-01-06,77.74,1.9,83.06,1488.12,51.49
119,19,2025-01-06,82.98,4.94,84.05,1582.43,62.78
120,20,2025-01-06,87.08,5.22,83.33,1681.12,67.65
121,1,2025-01-07,66.21,3.26,40.03,2746.49,43.92
122,2,2025-01-07,87.88,5.51,79.47,1664.89,71.43
123,3,2025-01-07,78.34,3.1,63.03,1985.02,49.16
124,4,2025-01-07,73.59,2.4,67.11,2844.97,52.16
125,5,2025-01-07,60.2,1.78,87.86,1645.08,29.53
126,6,2025-01-07,83.72,2.22,43.36,1477.14,40.58
127,7,2025-01-07,81.79,5.74,81.03,2698.51,68.5
128,8,2025-01-07,56.0,5.28,69.04,2663.69,64.47
129,9,2025-01-07,78.91,5.84,72.46,1685.51,73.95
130,10,2025-01-07,58.97,5.06,41.33,2215.8,60.72
131,11,2025-01-07,84.99,2.15,46.32,2938.65,34.82
132,12,2025-01-07,78.56,6.18,77.19,2100.48,64.37
133,13,2025-01-07,74.82,7.3,68.48,2067.7,47.12
134,14,2025-01-07,60.47,4.87,53.41,1367.23,31.17
135,15,2025-01-07,74.29,4.76,62.01,2344.17,48.63
136,16,2025-01-07,74.71,6.62,69.51,2230.7,60.04
137,17,2025-01-07,70.91,4.77,83.37,1434.24,62.85
138,18,2025-01-07,81.75,2.71,61.24,1868.39,46.4
139,19,2025-01-07,71.89,5.52,79.96,2152.41,69.03
140,20,2025-01-07,86.88,5.39,71.65,1493.76,79.14
141,1,2025-01-08,62.09,5.09,71.41,2415.73,58.52
142,2,2025-01-08,82.83,5.47,68.62,1755.36,63.6
143,3,2025-01-08,80.67,5.82,79.05,1880.58,69.5
144,4,2025-01-08,59.98,3.34,67.15,1721.71,43.83
145,5,2025-01-08,56.72,3.6,71.83,2614.1,39.76
146,6,2025-01-08,70.82,1.96,76.94,1509.23,62.62
147,7,2025-01-08,85.65,5.15,69.57,1763.7,67.46
148,8,2025-01-08,65.87,5.62,83.11,2347.77,37.54
149,9,2025-01-08,82.24,5.37,72.25,1175.85,55.32
150,10,2025-01-08,74.91,4.18,48.4,2789.26,36.49
151,11,2025-01-08,60.16,3.06,69.45,1653.51,29.92
152,12,2025-01-08,70.83,3.44,86.35,2100.13,39.69
153,13,2025-01-08,79.94,3.28,59.3,1484.06,66.98
154,14,2025-01-08,56.58,3.9,61.52,1533.2,46.25
155,15,2025-01-08,72.2,4.9,60.3,2154.01,62.29
156,16,2025-01-08,75.7,6.3,91.68,2709.95,56.35
157,17,2025-01-08,80.14,5.3,68.44,2326.32,68.64
158,18,2025-01-08,74.92,3.62,79.39,1385.73,52.32
159,19,2025-01-08,79.82,4.81,67.96,2969.28,66.56
160,20,2025-01-08,74.29,4.96,52.95,2482.59,73.07
161,1,2025-01-09,63.99,5.69,75.77,1900.36,35.18
162,2,2025-01-09,79.51,1.58,77.44,2027.58,45.52
163,3,2025-01-09,82.1,4.77,89.41,2067.8,67.87
164,4,2025-01-09,60.4,5.87,80.94,2784.0,64.49
165,5,2025-01-09,69.2,5.29,45.0,2190.86,21.09
166,6,2025-01-09,57.6,5.23,70.99,2216.34,29.48
167,7,2025-01-09,83.92,4.7,76.82,1935.4,50.92
168,8,2025-01-09,67.85,2.68,49.82,2683.05,51.49
169,9,2025-01-09,85.19,4.39,75.56,2358.45,72.01
170,10,2025-01-09,72.03,2.4,63.38,1556.15,43.86
171,11,2025-01-09,76.18,1.32,40.6,2923.1,52.76
172,12,2025-01-09,76.43,5.2,82.9,1618.36,52.21
173,13,2025-01-09,80.83,3.29,72.97,2205.72,56.72
174,14,2025-01-09,67.32,1.47,51.11,2109.34,69.86
175,15,2025-01-09,73.43,3.32,63.16,2719.44,51.61
176,16,2025-01-09,93.33,5.27,88.48,2975.39,72.14
177,17,2025-01-09,78.74,5.57,85.97,2538.31,61.37
178,18,2025-01-09,78.52,5.32,61.02,2596.39,44.08
179,19,2025-01-09,81.91,5.29,67.19,2270.8,63.44
180,20,2025-01-09,55.81,3.42,62.0,1579.78,64.96
181,1,2025-01-10,69.13,4.96,85.24,2186.39,27.46
182,2,2025-01-10,77.05,3.1,84.39,2055.67,51.6
183,3,2025-01-10,75.84,3.84,78.49,1861.93,56.3
184,4,2025-01-10,80.52,4.62,62.95,1638.33,56.18
185,5,2025-01-10,77.68,5.94,41.2,2718.9,63.94
186,6,2025-01-10,74.13,5.24,82.19,2346.24,51.41
187,7,2025-01-10,76.07,5.63,91.65,2084.65,77.76
188,8,2025-01-10,68.28,3.04,50.3,2710.08,61.94
189,9,2025-01-10,67.07,1.81,86.55,2417.1,68.38
190,10,2025-01-10,69.24,5.72,69.01,1519.16,66.03
191,11,2025-01-10,80.18,1.4,89.76,2669.52,71.18
192,12,2025-01-10,81.46,4.92,88.24,2507.82,62.4
193,13,2025-01-10,71.12,5.98,67.07,1503.33,64.64
194,14,2025-01-10,83.61,2.17,84.21,2414.23,33.06
195,15,2025-01-10,77.48,5.46,64.4,2383.17,59.88
196,16,2025-01-10,78.77,4.11,65.23,2803.88,69.21
197,17,2025-01-10,84.04,6.61,69.54,1828.32,70.27
198,18,2025-01-10,79.34,4.67,88.94,1984.02,64.49
199,19,2025-01-10,82.71,6.5,90.45,2177.1,77.28
200,20,2025-01-10,76.68,1.71,82.5,2119.8,38.07
201,1,2025-01-11,60.99,3.24,42.32,2056.72,71.53
202,2,2025-01-11,84.32,3.06,54.92,2003.28,22.64
203,3,2025-01-11,75.62,4.36,93.0,1977.23,64.58
204,4,2025-01-11,74.63,5.27,67.31,2359.21,64.68
205,5,2025-01-11,70.49,4.3,88.3,2912.54,30.11
206,6,2025-01-11,74.41,4.16,44.44,1954.11,20.12
207,7,2025-01-11,86.12,5.39,70.31,2491.58,45.65
208,8,2025-01-11,70.91,5.2,52.01,1416.08,23.13
209,9,2025-01-11,77.72,1.88,86.14,1550.31,69.57
210,10,2025-01-11,62.94,2.35,56.3,2270.75,54.66
211,11,2025-01-11,60.52,2.27,89.92,2424.84,68.13
212,12,2025-01-11,87.57,4.39,91.76,1397.03,71.72
213,13,2025-01-11,83.37,6.36,69.22,1438.2,53.35
214,14,2025-01-11,79.69,5.63,42.94,2298.08,55.7
215,15,2025-01-11,78.91,5.86,74.48,2552.13,54.29
216,16,2025-01-11,83.44,5.8,87.19,2401.79,42.59
217,17,2025-01-11,84.01,7.42,80.24,2672.96,77.43
218,18,2025-01-11,81.02,4.74,67.28,1939.62,70.66
219,19,2025-01-11,85.2,4.63,74.9,2823.91,74.94
220,20,2025-01-11,60.23,4.74,87.57,1534.79,48.84
221,1,2025-01-12,60.54,5.81,68.18,1431.86,41.11
222,2,2025-01-12,66.94,5.83,87.43,2224.55,42.45
223,3,2025-01-12,78.28,6.42,93.9,2611.16,75.03
224,4,2025-01-12,81.54,4.06,75.67,2167.57,56.77
225,5,2025-01-12,66.17,4.9,40.62,1418.55,34.01
226,6,2025-01-12,60.18,3.62,83.35,1652.64,53.44
227,7,2025-01-12,74.89,5.38,91.25,1467.08,41.03
228,8,2025-01-12,56.99,2.49,72.62,2384.8,45.65
229,9,2025-01-12,66.97,5.2,76.22,2899.01,72.61
230,10,2025-01-12,64.15,4.26,51.34,1260.76,35.63
231,11,2025-01-12,83.07,1.35,55.03,1230.03,48.41
232,12,2025-01-12,84.7,7.55,77.33,2212.4,61.53
233,13,2025-01-12,80.73,6.31,70.83,2395.17,52.56
234,14,2025-01-12,62.01,5.16,41.55,2878.48,74.63
235,15,2025-01-12,83.98,4.83,82.34,1837.76,78.87
236,16,2025-01-12,84.15,6.34,88.44,1336.55,58.96
237,17,2025-01-12,73.84,1.01,70.78,1936.27,71.5
238,18,2025-01-12,80.89,5.8,85.8,2623.25,71.62
239,19,2025-01-12,88.37,5.48,79.29,2306.82,72.06
240,20,2025-01-12,57.91,1.26,64.51,1553.61,29.33
241,1,2025-01-13,69.89,5.85,43.11,1954.28,61.67
242,2,2025-01-13,77.85,1.9,42.25,2451.02,65.83
243,3,2025-01-13,77.33,3.92,76.11,2263.42,48.36
244,4,2025-01-13,74.43,4.13,87.29,1973.36,52.79
245,5,2025-01-13,78.39,3.47,41.28,2549.63,49.4
246,6,2025-01-13,80.98,4.87,55.76,1318.24,73.28
247,7,2025-01-13,74.39,4.72,83.78,1826.76,73.69
248,8,2025-01-13,78.44,2.79,64.17,1630.01,56.16
249,9,2025-01-13,81.34,2.57,62.18,2204.36,61.0
250,10,2025-01-13,65.33,3.72,43.95,2525.89,25.25
251,11,2025-01-13,81.86,3.26,53.56,2641.38,41.58
252,12,2025-01-13,65.97,4.01,45.85,1917.07,55.56
253,13,2025-01-13,86.98,5.44,95.38,2276.81,59.75
254,14,2025-01-13,84.54,5.97,52.43,2861.61,59.15
255,15,2025-01-13,76.03,6.3,83.41,1932.29,69.33
256,16,2025-01-13,82.4,5.97,76.05,2537.28,59.7
257,17,2025-01-13,66.75,1.79,74.89,1362.98,69.57
258,18,2025-01-13,80.43,6.67,87.07,1774.59,79.03
259,19,2025-01-13,69.05,2.32,41.03,2834.19,69.5
260,20,2025-01-13,77.86,5.2,64.37,2110.06,73.07
261,1,2025-01-14,71.75,5.96,42.13,1502.74,73.85
262,2,2025-01-14,76.47,4.0,70.76,2173.53,59.76
263,3,2025-01-14,75.78,5.43,54.11,1600.24,25.05
264,4,2025-01-14,86.19,6.13,66.29,2205.4,58.15
265,5,2025-01-14,70.8,2.71,58.11,2535.43,41.22
266,6,2025-01-14,61.78,5.52,73.91,2056.89,72.36
267,7,2025-01-14,79.47,5.75,90.74,2457.8,53.19
268,8,2025-01-14,60.9,3.22,43.18,1902.72,24.04
269,9,2025-01-14,78.37,3.38,84.55,1924.12,64.55
270,10,2025-01-14,64.8,4.79,58.8,1205.0,32.76
271,11,2025-01-14,55.41,4.75,43.68,2162.32,20.9
272,12,2025-01-14,66.22,5.06,85.36,1210.69,69.88
273,13,2025-01-14,77.34,5.66,66.71,1832.96,50.97
274,14,2025-01-14,70.93,4.21,72.35,1972.08,66.06
275,15,2025-01-14,73.72,3.94,40.55,1589.44,22.41
276,16,2025-01-14,76.0,6.65,66.42,1266.23,51.74
277,17,2025-01-14,83.28,4.78,68.42,2453.0,40.17
278,18,2025-01-14,80.72,3.87,81.22,2944.52,22.29
279,19,2025-01-14,73.7,3.67,42.15,2753.47,45.49
280,20,2025-01-14,82.52,5.74,86.72,2390.86,34.18
281,1,2025-01-15,63.2,4.15,87.59,1278.92,35.72
282,2,2025-01-15,71.71,4.02,74.67,2866.31,32.38
283,3,2025-01-15,57.72,3.79,71.53,1417.4,50.14
284,4,2025-01-15,81.71,5.55,88.72,2150.45,49.72
285,5,2025-01-15,81.42,3.12,60.25,1878.79,62.5
286,6,2025-01-15,67.6,1.7,67.09,1254.87,20.58
287,7,2025-01-15,84.47,7.18,76.1,2240.66,59.63
288,8,2025-01-15,57.13,5.77,74.04,1322.13,32.67
289,9,2025-01-15,83.21,4.47,68.07,2158.81,51.26
290,10,2025-01-15,64.07,2.05,69.54,1753.66,51.19
291,11,2025-01-15,56.7,2.88,53.21,2541.61,31.76
292,12,2025-01-15,75.4,2.6,86.95,2852.22,52.09
293,13,2025-01-15,76.58,5.28,86.06,2304.72,58.01
294,14,2025-01-15,64.01,4.59,69.04,1973.43,41.36
295,15,2025-01-15,58.69,2.18,84.06,2484.27,47.22
296,16,2025-01-15,73.82,3.8,59.8,2918.72,40.58
297,17,2025-01-15,69.06,4.86,88.53,2988.88,58.17
298,18,2025-01-15,80.43,5.01,44.44,1677.65,67.05
299,19,2025-01-15,79.17,1.5,49.28,1245.96,39.79
300,20,2025-01-15,69.67,2.09,82.52,1458.58,58.86
301,1,2025-01-16,75.96,2.06,74.13,1578.6,74.91
302,2,2025-01-16,67.15,2.3,49.3,2209.21,27.34
303,3,2025-01-16,62.2,1.82,59.74,2647.01,73.03
304,4,2025-01-16,84.55,6.22,82.61,2417.11,57.06
305,5,2025-01-16,74.54,3.56,59.36,2214.28,52.79
306,6,2025-01-16,77.83,1.88,53.95,1448.94,72.88
307,7,2025-01-16,75.82,4.39,77.13,2140.56,64.66
308,8,2025-01-16,63.06,2.71,84.83,1303.64,70.93
309,9,2025-01-16,77.02,5.01,76.99,1527.88,54.14
310,10,2025-01-16,62.38,4.37,49.22,2565.06,74.61
311,11,2025-01-16,76.74,1.75,46.41,2008.92,45.68
312,12,2025-01-16,61.11,1.38,84.34,2111.22,72.8
313,13,2025-01-16,88.67,4.67,90.69,1621.02,54.98
314,14,2025-01-16,72.11,4.27,60.49,2372.86,51.63
315,15,2025-01-16,76.84,1.66,64.8,1233.3,55.64
316,16,2025-01-16,68.03,4.91,58.34,1500.61,44.94
317,17,2025-01-16,59.13,3.85,40.12,2866.7,65.67
318,18,2025-01-16,55.41,1.2,75.33,1543.64,47.96
319,19,2025-01-16,84.46,4.17,79.69,2898.91,68.57
320,20,2025-01-16,78.86,5.73,76.45,1708.9,44.63
321,1,2025-01-17,64.45,3.43,69.31,1388.08,70.89
322,2,2025-01-17,84.43,4.49,68.54,2071.93,51.59
323,3,2025-01-17,71.25,2.39,89.86,2621.27,34.17
324,4,2025-01-17,82.42,3.53,41.72,2532.17,68.88
325,5,2025-01-17,83.46,4.39,80.0,2132.68,50.34
326,6,2025-01-17,77.36,5.88,52.86,1885.81,27.19
327,7,2025-01-17,72.51,5.35,82.82,2495.13,60.17
328,8,2025-01-17,65.18,2.26,40.2,1331.82,57.68
329,9,2025-01-17,81.14,6.3,92.09,2862.64,54.82
330,10,2025-01-17,60.18,5.45,71.85,1813.81,59.33
331,11,2025-01-17,77.4,4.48,43.21,2124.11,47.57
332,12,2025-01-17,59.24,5.83,50.25,2146.55,50.03
333,13,2025-01-17,81.77,6.08,67.01,1684.41,71.49
334,14,2025-01-17,72.73,3.91,87.87,2855.16,51.75
335,15,2025-01-17,64.74,3.14,62.19,1684.81,62.63
336,16,2025-01-17,66.6,5.42,67.08,2947.92,67.1
337,17,2025-01-17,80.74,3.22,50.07,2647.17,22.79
338,18,2025-01-17,71.29,3.87,47.04,1350.61,42.04
339,19,2025-01-17,55.22,3.09,57.82,1773.58,44.73
340,20,2025-01-17,70.2,5.76,56.53,2397.92,48.75
341,1,2025-01-18,66.96,2.64,77.93,2799.24,39.36
342,2,2025-01-18,84.74,1.86,63.51,1694.27,20.38
343,3,2025-01-18,66.59,3.23,66.05,2656.73,64.46
344,4,2025-01-18,80.68,2.46,42.87,1328.32,41.04
345,5,2025-01-18,75.51,4.14,70.13,2173.02,70.17
346,6,2025-01-18,79.05,5.17,50.08,1931.76,49.39
347,7,2025-01-18,78.57,4.02,73.84,1296.88,49.18
348,8,2025-01-18,81.46,2.49,86.83,1476.99,31.67
349,9,2025-01-18,83.1,4.44,87.04,2264.24,79.72
350,10,2025-01-18,63.34,1.35,53.46,2241.1,52.11
351,11,2025-01-18,68.0,1.33,70.37,2273.48,67.74
352,12,2025-01-18,82.58,5.48,83.88,1442.87,35.0
353,13,2025-01-18,93.16,4.69,84.97,2108.41,62.46
354,14,2025-01-18,83.45,4.76,87.68,1892.68,70.34
355,15,2025-01-18,75.3,5.44,69.22,2330.29,50.17
356,16,2025-01-18,59.21,5.91,40.05,2491.01,33.8
357,17,2025-01-18,69.39,4.97,85.58,2190.12,41.37
358,18,2025-01-18,73.32,5.36,63.43,2719.89,28.45
359,19,2025-01-18,61.82,3.82,62.0,2027.71,35.71
360,20,2025-01-18,73.88,3.52,75.9,2682.88,67.21
361,1,2025-01-19,76.65,2.01,65.04,2558.31,27.1
362,2,2025-01-19,73.19,4.93,66.0,1913.58,48.29
363,3,2025-01-19,83.13,1.53,61.01,1640.45,62.15
364,4,2025-01-19,60.05,5.46,41.56,2357.09,59.74
365,5,2025-01-19,81.46,4.95,88.77,1882.09,74.69
366,6,2025-01-19,55.07,3.01,82.17,1584.55,73.16
367,7,2025-01-19,86.64,4.29,92.41,1546.9,52.19
368,8,2025-01-19,81.59,5.12,81.09,2213.63,42.79
369,9,2025-01-19,87.34,7.73,73.29,1709.81,54.82
370,10,2025-01-19,83.38,1.13,47.58,1508.27,45.93
371,11,2025-01-19,79.83,1.28,75.42,2633.84,73.82
372,12,2025-01-19,64.49,2.36,79.97,2175.88,55.08
373,13,2025-01-19,56.67,5.44,54.03,2038.83,44.56
374,14,2025-01-19,75.95,5.28,75.72,2061.65,70.21
375,15,2025-01-19,75.92,4.92,70.09,2198.5,55.3
376,16,2025-01-19,64.07,3.55,70.43,2481.97,41.48
377,17,2025-01-19,75.11,4.25,71.0,1363.11,39.73
378,18,2025-01-19,57.38,2.19,59.96,1395.79,26.3
379,19,2025-01-19,73.95,4.34,41.39,2729.5,60.6
380,20,2025-01-19,77.97,3.14,77.78,2370.47,61.66
381,1,2025-01-20,79.88,2.48,56.76,2436.36,55.56
382,2,2025-01-20,67.45,3.06,73.97,2213.94,44.44
383,3,2025-01-20,70.34,5.65,61.83,1746.82,69.62
384,4,2025-01-20,82.01,3.29,66.49,1981.13,58.64
385,5,2025-01-20,91.59,6.08,79.26,1311.75,78.15
386,6,2025-01-20,61.54,2.61,57.01,1276.87,66.43
387,7,2025-01-20,80.75,3.92,67.54,2471.21,52.6
388,8,2025-01-20,79.67,2.32,55.56,2967.34,49.56
389,9,2025-01-20,58.14,1.38,43.19,2797.98,72.3
390,10,2025-01-20,74.54,4.51,77.63,2885.18,73.78
391,11,2025-01-20,80.36,2.96,69.79,2481.99,60.58
392,12,2025-01-20,77.31,3.91,61.9,2770.88,53.99
393,13,2025-01-20,71.13,5.37,47.11,2349.86,36.64
394,14,2025-01-20,85.08,4.92,75.44,2296.66,66.64
395,15,2025-01-20,81.66,3.94,58.8,2735.32,54.42
396,16,2025-01-20,70.18,2.04,45.95,2248.13,47.4
397,17,2025-01-20,78.49,4.96,64.17,1514.3,59.26
398,18,2025-01-20,76.32,1.68,81.49,1796.57,40.26
399,19,2025-01-20,76.16,2.52,48.18,2678.96,32.47
400,20,2025-01-20,74.5,5.99,76.81,1680.24,53.94
401,1,2025-01-21,84.94,3.7,84.1,1989.72,50.02
402,2,2025-01-21,73.84,3.0,67.18,2623.7,39.77
403,3,2025-01-21,55.39,1.81,48.28,2124.52,25.17
404,4,2025-01-21,77.01,5.16,87.69,2536.05,58.99
405,5,2025-01-21,90.6,4.96,87.54,1944.49,54.37
406,6,2025-01-21,80.78,3.68,54.43,2346.46,33.28
407,7,2025-01-21,82.03,6.86,91.02,2376.65,72.63
408,8,2025-01-21,76.21,1.94,67.89,1539.49,40.74
409,9,2025-01-21,68.79,4.0,58.88,1947.88,43.95
410,10,2025-01-21,57.34,1.7,55.67,1909.48,33.23
411,11,2025-01-21,71.87,2.89,82.7,2322.56,57.82
412,12,2025-01-21,57.17,5.94,76.26,2949.51,50.45
413,13,2025-01-21,81.73,3.44,70.86,1229.06,46.09
414,14,2025-01-21,79.92,4.42,87.01,1881.34,56.57
415,15,2025-01-21,75.56,5.8,72.38,2579.04,43.22
416,16,2025-01-21,62.39,4.76,58.98,1319.67,52.15
417,17,2025-01-21,84.85,5.58,80.01,2516.85,57.8
418,18,2025-01-21,80.52,2.31,44.63,2294.14,21.45
419,19,2025-01-21,82.82,5.84,85.96,2185.63,20.14
420,20,2025-01-21,75.36,4.59,92.26,2402.95,53.28
421,1,2025-01-22,84.33,3.51,76.22,1897.47,68.27
422,2,2025-01-22,84.87,5.35,71.09,2121.76,50.5
423,3,2025-01-22,75.9,3.94,66.3,2039.8,65.31
424,4,2025-01-22,72.41,5.05,76.78,2062.33,54.24
425,5,2025-01-22,77.05,5.17,70.87,1892.84,60.18
426,6,2025-01-22,64.74,5.69,52.51,1979.64,49.42
427,7,2025-01-22,60.12,1.52,80.01,2074.59,50.17
428,8,2025-01-22,71.46,1.49,70.76,1929.7,48.85
429,9,2025-01-22,73.45,4.69,68.89,2537.27,50.09
430,10,2025-01-22,60.94,5.62,76.07,1870.12,34.48
431,11,2025-01-22,80.95,4.09,64.84,2215.37,71.55
432,12,2025-01-22,65.05,4.48,73.76,2847.92,27.6
433,13,2025-01-22,63.65,1.48,54.46,1476.12,42.2
434,14,2025-01-22,81.79,4.55,81.66,1785.57,60.23
435,15,2025-01-22,85.78,4.02,68.03,1994.95,59.38
436,16,2025-01-22,60.28,2.86,46.99,1249.56,72.85
437,17,2025-01-22,86.53,6.06,69.62,1730.64,52.5
438,18,2025-01-22,65.91,3.59,87.77,1410.14,31.81
439,19,2025-01-22,62.3,3.99,56.78,2747.85,57.36
440,20,2025-01-22,77.31,4.27,85.38,2166.33,51.51
441,1,2025-01-23,77.55,3.7,87.68,1846.67,62.52
442,2,2025-01-23,87.77,4.3,80.12,2402.71,56.17
443,3,2025-01-23,57.76,4.44,89.86,2967.31,42.24
444,4,2025-01-23,85.34,3.62,90.33,1816.14,60.25
445,5,2025-01-23,89.57,4.44,92.95,2015.01,57.17
446,6,2025-01-23,68.25,5.96,53.54,2576.43,43.89
447,7,2025-01-23,64.53,2.17,50.42,2245.01,57.92
448,8,2025-01-23,82.78,1.64,71.69,2578.57,50.33
449,9,2025-01-23,73.48,3.69,80.48,2109.87,47.76
450,10,2025-01-23,57.45,4.2,83.17,2456.12,43.01
451,11,2025-01-23,75.06,6.12,68.58,1906.56,64.59
452,12,2025-01-23,72.33,3.06,45.06,2515.31,28.09
453,13,2025-01-23,71.97,3.95,51.82,2295.15,68.92
454,14,2025-01-23,71.39,4.29,60.76,1838.07,32.35
455,15,2025-01-23,87.16,5.17,83.86,1396.16,58.54
456,16,2025-01-23,58.92,1.29,74.56,2595.03,62.53
457,17,2025-01-23,89.3,6.25,96.05,1664.48,57.53
458,18,2025-01-23,61.24,1.66,46.12,1713.85,63.11
459,19,2025-01-23,72.76,2.49,78.66,1914.35,37.78
460,20,2025-01-23,77.32,6.16,71.85,1965.54,56.72
461,1,2025-01-24,82.85,6.09,88.06,1678.42,68.64
462,2,2025-01-24,85.45,5.56,77.68,2439.63,47.72
463,3,2025-01-24,84.69,1.13,74.1,2191.27,32.01
464,4,2025-01-24,74.94,4.02,69.73,2006.5,67.19
465,5,2025-01-24,87.62,4.86,70.46,2561.7,76.72
466,6,2025-01-24,69.46,5.0,87.85,1692.54,63.7
467,7,2025-01-24,63.44,5.13,67.27,2444.44,24.87
468,8,2025-01-24,56.86,1.36,61.71,2280.89,22.07
469,9,2025-01-24,87.66,3.3,89.42,2443.4,41.88
470,10,2025-01-24,80.45,4.28,86.14,2808.54,22.13
471,11,2025-01-24,83.28,4.98,68.87,2922.95,48.75
472,12,2025-01-24,56.19,2.46,46.1,2722.14,31.03
473,13,2025-01-24,70.06,4.71,56.46,2196.33,68.85
474,14,2025-01-24,84.89,2.05,49.87,1965.84,58.24
475,15,2025-01-24,84.92,5.98,80.84,1896.22,57.41
476,16,2025-01-24,80.66,5.42,79.54,1408.81,68.23
477,17,2025-01-24,86.89,6.97,94.48,1799.59,72.64
478,18,2025-01-24,82.99,3.78,72.76,1720.79,26.56
479,19,2025-01-24,80.21,3.3,71.6,1770.8,69.98
480,20,2025-01-24,89.33,7.0,82.03,1832.3,72.68
481,1,2025-01-25,75.93,6.64,82.78,2853.45,61.65
482,2,2025-01-25,89.71,5.74,70.66,2143.42,56.48
483,3,2025-01-25,67.33,4.32,88.29,1533.98,23.65
484,4,2025-01-25,85.36,5.58,71.06,2671.48,49.06
485,5,2025-01-25,63.49,4.6,43.25,2473.66,52.11
486,6,2025-01-25,72.92,4.07,66.03,2846.82,39.74
487,7,2025-01-25,66.71,2.41,68.51,2909.35,32.15
488,8,2025-01-25,67.45,4.15,78.49,1903.36,49.01
489,9,2025-01-25,83.82,4.15,75.92,1993.85,48.45
490,10,2025-01-25,67.15,1.13,59.14,1214.39,21.24
491,11,2025-01-25,74.1,7.5,66.53,2708.4,71.26
492,12,2025-01-25,80.83,2.3,79.37,2121.51,62.79
493,13,2025-01-25,67.89,5.33,69.04,1459.79,66.67
494,14,2025-01-25,69.58,3.68,40.39,1933.76,30.57
495,15,2025-01-25,85.97,7.27,68.2,1379.81,49.78
496,16,2025-01-25,63.33,2.63,47.78,1546.69,75.0
497,17,2025-01-25,83.43,3.8,86.97,2214.84,58.04
498,18,2025-01-25,58.05,1.58,52.31,2400.62,65.43
499,19,2025-01-25,83.37,2.57,55.93,2603.58,44.36
500,20,2025-01-25,78.27,5.42,91.38,1781.95,70.28
501,1,2025-01-26,92.6,4.88,78.93,2359.32,56.13
502,2,2025-01-26,76.47,7.54,70.82,2047.42,73.7
503,3,2025-01-26,82.19,5.65,53.13,2045.16,42.55
504,4,2025-01-26,85.12,6.44,72.75,2642.23,55.55
505,5,2025-01-26,77.68,3.49,85.64,2356.46,73.24
506,6,2025-01-26,75.21,2.14,67.92,2591.6,56.72
507,7,2025-01-26,57.92,5.12,71.03,2828.82,44.45
508,8,2025-01-26,84.66,5.15,75.19,1829.34,49.6
509,9,2025-01-26,79.49,5.54,84.43,2403.04,61.61
510,10,2025-01-26,71.99,1.24,54.9,2808.95,48.59
511,11,2025-01-26,89.19,5.86,77.6,1703.47,57.64
512,12,2025-01-26,56.3,3.0,47.2,1945.87,70.95
513,13,2025-01-26,75.36,3.72,59.76,2291.43,45.76
514,14,2025-01-26,73.48,1.8,70.64,1915.99,34.81
515,15,2025-01-26,68.79,5.19,82.98,1524.63,64.15
516,16,2025-01-26,79.35,3.66,73.77,1632.7,27.75
517,17,2025-01-26,78.53,6.3,74.4,1303.85,57.4
518,18,2025-01-26,81.19,4.0,56.38,1808.47,45.22
519,19,2025-01-26,80.38,3.92,41.44,1513.41,47.44
520,20,2025-01-26,86.84,5.2,71.82,1808.06,67.0
521,1,2025-01-27,79.55,6.01,69.71,2542.21,47.27
522,2,2025-01-27,82.35,1.7,61.75,1530.88,68.5
523,3,2025-01-27,73.52,1.45,47.9,2073.67,72.32
524,4,2025-01-27,77.06,2.38,70.99,1609.49,57.81
525,5,2025-01-27,82.0,2.91,50.5,2745.19,65.88
526,6,2025-01-27,66.89,5.93,80.97,2552.74,73.41
527,7,2025-01-27,68.4,2.76,73.03,1870.1,37.92
528,8,2025-01-27,78.65,3.68,70.32,2121.3,41.39
529,9,2025-01-27,75.87,6.03,74.27,2006.04,69.88
530,10,2025-01-27,56.92,4.7,57.69,2279.46,20.14
531,11,2025-01-27,68.48,5.99,80.59,1456.73,20.03
532,12,2025-01-27,78.82,2.72,80.19,1590.95,60.86
533,13,2025-01-27,70.83,4.94,84.19,1761.86,53.75
534,14,2025-01-27,62.35,1.06,77.0,2306.89,71.97
535,15,2025-01-27,72.72,4.4,59.0,2145.45,58.26
536,16,2025-01-27,65.34,4.29,72.41,2567.4,23.68
537,17,2025-01-27,70.36,4.87,79.3,1525.58,65.88
538,18,2025-01-27,59.68,2.23,73.76,1903.42,54.43
539,19,2025-01-27,75.39,3.21,59.32,2686.63,54.79
540,20,2025-01-27,61.13,2.23,47.56,2431.12,26.77
541,1,2025-01-28,76.15,5.97,81.53,2253.02,50.18
542,2,2025-01-28,57.49,5.23,70.31,1546.62,22.2
543,3,2025-01-28,83.17,2.22,81.51,2591.24,33.51
544,4,2025-01-28,81.04,4.91,78.52,1587.95,57.63
545,5,2025-01-28,80.54,2.9,50.43,2947.62,61.52
546,6,2025-01-28,71.06,2.29,64.54,2196.74,64.08
547,7,2025-01-28,76.32,3.07,85.99,1514.09,63.13
548,8,2025-01-28,71.42,4.6,72.09,2140.37,52.4
549,9,2025-01-28,74.95,4.83,92.84,2355.15,77.16
550,10,2025-01-28,66.77,5.65,59.3,2044.67,42.59
551,11,2025-01-28,70.87,3.56,69.43,1487.54,35.33
552,12,2025-01-28,79.07,2.44,58.38,1416.56,36.88
553,13,2025-01-28,81.28,6.35,90.37,2107.83,67.29
554,14,2025-01-28,78.31,4.69,83.13,1695.52,59.62
555,15,2025-01-28,78.72,3.41,65.64,1505.44,53.21
556,16,2025-01-28,66.14,1.02,47.37,1552.59,69.11
557,17,2025-01-28,80.79,5.7,82.41,1739.58,58.74
558,18,2025-01-28,80.74,1.68,45.81,2135.55,58.4
559,19,2025-01-28,56.56,1.12,51.51,2299.74,27.37
560,20,2025-01-28,63.78,3.78,82.04,2898.74,72.11
561,1,2025-01-29,84.7,5.99,86.15,2263.07,50.65
562,2,2025-01-29,75.1,3.68,68.57,1633.16,66.56
563,3,2025-01-29,69.65,5.38,80.93,2683.71,64.04
564,4,2025-01-29,75.76,3.59,84.23,1832.81,49.3
565,5,2025-01-29,75.27,2.91,87.35,2117.12,71.62
566,6,2025-01-29,75.74,4.03,64.94,2532.12,24.72
567,7,2025-01-29,71.97,4.15,77.48,2133.61,45.69
568,8,2025-01-29,78.81,5.73,65.07,1700.97,74.64
569,9,2025-01-29,82.92,2.87,81.24,2944.42,68.1
570,10,2025-01-29,57.32,5.49,54.59,1397.5,38.97
571,11,2025-01-29,81.99,4.58,84.73,2356.11,49.75
572,12,2025-01-29,56.46,5.76,76.69,2238.74,61.65
573,13,2025-01-29,84.44,5.39,63.77,1830.48,57.95
574,14,2025-01-29,71.48,4.33,66.81,2059.85,48.57
575,15,2025-01-29,70.79,3.34,87.51,2022.45,66.11
576,16,2025-01-29,56.08,5.81,70.41,1478.58,45.44
577,17,2025-01-29,86.66,6.5,80.99,1878.64,47.56
578,18,2025-01-29,82.84,3.12,79.94,2959.98,26.21
579,19,2025-01-29,72.06,3.35,81.58,1989.37,51.85
580,20,2025-01-29,76.38,2.01,49.96,1944.88,46.21
581,1,2025-01-30,74.22,4.63,80.2,1843.99,48.56
582,2,2025-01-30,74.06,4.28,87.82,2228.56,61.16
583,3,2025-01-30,70.68,3.13,81.55,2096.69,50.09
584,4,2025-01-30,86.83,5.09,63.2,1544.0,57.35
585,5,2025-01-30,82.03,3.31,63.95,1891.65,52.59
586,6,2025-01-30,79.33,2.11,55.83,2348.35,64.61
587,7,2025-01-30,82.21,3.82,89.58,2557.36,61.72
588,8,2025-01-30,87.9,7.25,69.94,1385.17,73.19
589,9,2025-01-30,76.45,1.83,64.19,2055.21,45.07
590,10,2025-01-30,77.41,4.78,46.04,2567.92,36.09
591,11,2025-01-30,64.57,4.47,64.04,2107.12,41.45
592,12,2025-01-30,55.03,4.01,40.43,2833.32,28.05
593,13,2025-01-30,73.4,6.41,72.45,1809.94,51.46
594,14,2025-01-30,78.76,5.27,63.1,2762.63,52.62
595,15,2025-01-30,81.59,3.68,79.27,2066.13,53.15
596,16,2025-01-30,73.28,4.41,66.2,1622.15,35.82
597,17,2025-01-30,76.47,5.99,94.98,3014.82,61.08
598,18,2025-01-30,60.89,3.29,50.01,2450.2,27.0
599,19,2025-01-30,57.65,1.38,52.92,2971.33,58.69
600,20,2025-01-30,68.76,2.81,54.23,2409.17,43.17
601,1,2025-01-31,87.97,6.95,72.09,1593.47,50.29
602,2,2025-01-31,82.91,3.1,63.51,2113.23,49.14
603,3,2025-01-31,75.32,4.89,65.92,2012.66,54.43
604,4,2025-01-31,75.11,5.04,87.18,2863.86,76.9
605,5,2025-01-31,66.62,2.42,81.59,2662.16,21.26
606,6,2025-01-31,61.23,5.71,87.49,2446.81,64.95
607,7,2025-01-31,79.21,5.87,74.17,2647.76,52.28
608,8,2025-01-31,86.13,4.15,94.14,1630.02,65.79
609,9,2025-01-31,75.0,2.88,40.87,1354.83,21.32
610,10,2025-01-31,79.4,4.83,60.53,1639.79,56.81
611,11,2025-01-31,84.65,2.6,61.04,2379.82,31.94
612,12,2025-01-31,72.95,4.81,84.84,2661.28,24.92
613,13,2025-01-31,78.32,6.29,82.5,2188.99,74.91
614,14,2025-01-31,77.66,6.14,82.68,2051.03,45.76
615,15,2025-01-31,89.99,5.34,83.15,1627.83,58.48
616,16,2025-01-31,70.62,2.93,57.67,1563.79,57.27
617,17,2025-01-31,79.25,7.17,92.65,2962.32,79.12
618,18,2025-01-31,82.34,2.1,89.68,2753.7,24.86
619,19,2025-01-31,84.38,4.4,87.34,2413.82,60.79
620,20,2025-01-31,55.25,4.06,64.86,1565.05,44.63
621,1,2025-02-01,70.12,5.89,44.73,2252.15,26.86
622,2,2025-02-01,77.1,5.23,75.27,2409.68,48.47
623,3,2025-02-01,79.2,3.72,75.11,2338.56,71.8
624,4,2025-02-01,78.67,7.0,66.97,2120.68,66.71
625,5,2025-02-01,73.48,2.9,70.29,2127.82,57.7
626,6,2025-02-01,66.91,5.75,89.48,1784.76,30.3
627,7,2025-02-01,90.54,6.85,82.92,2058.19,57.7
628,8,2025-02-01,59.07,2.71,63.83,2036.74,43.86
629,9,2025-02-01,83.43,3.43,82.21,1941.31,37.21
630,10,2025-02-01,69.74,5.41,72.29,2458.92,54.94
631,11,2025-02-01,57.1,5.11,69.51,2908.21,39.39
632,12,2025-02-01,66.89,5.01,66.72,1994.52,55.66
633,13,2025-02-01,80.25,2.54,61.43,1300.95,55.83
634,14,2025-02-01,83.89,5.43,81.74,2105.6,70.71
635,15,2025-02-01,87.83,6.14,88.61,1186.23,72.8
636,16,2025-02-01,68.61,3.92,72.43,2360.52,59.42
637,17,2025-02-01,72.73,3.93,81.0,2093.85,46.0
638,18,2025-02-01,78.47,3.49,49.78,2892.76,64.68
639,19,2025-02-01,78.56,5.52,72.56,1962.25,34.28
640,20,2025-02-01,79.15,3.26,51.96,2901.34,60.41
641,1,2025-02-02,63.65,1.12,80.45,2090.67,63.0
642,2,2025-02-02,75.03,4.54,83.6,2750.95,71.22
643,3,2025-02-02,85.29,5.06,81.36,1798.94,65.88
644,4,2025-02-02,89.52,7.59,82.06,2236.14,76.24
645,5,2025-02-02,81.62,5.33,86.4,2748.58,65.87
646,6,2025-02-02,61.48,5.89,81.49,2131.65,33.22
647,7,2025-02-02,77.48,5.75,83.6,2515.04,58.61
648,8,2025-02-02,67.26,5.02,68.04,2382.4,55.69
649,9,2025-02-02,73.89,5.04,79.73,1349.1,60.45
650,10,2025-02-02,82.95,5.27,75.59,1728.08,41.66
651,11,2025-02-02,60.17,5.93,70.18,1553.07,22.51
652,12,2025-02-02,69.02,2.14,76.92,2832.57,66.45
653,13,2025-02-02,76.41,4.7,75.7,1780.9,38.53
654,14,2025-02-02,83.17,5.36,86.35,1725.95,71.53
655,15,2025-02-02,75.86,4.75,94.44,2611.16,73.78
656,16,2025-02-02,82.78,5.5,62.95,2551.41,47.97
657,17,2025-02-02,75.47,4.18,91.35,1575.65,68.88
658,18,2025-02-02,79.18,2.72,74.6,2142.43,47.28
659,19,2025-02-02,70.86,3.77,73.84,1827.41,38.82
660,20,2025-02-02,57.41,4.16,61.57,1273.76,53.2
661,1,2025-02-03,82.27,1.4,51.61,1368.78,46.22
662,2,2025-02-03,88.75,6.47,86.52,2632.24,60.17
663,3,2025-02-03,81.66,5.29,69.94,2788.33,70.72
664,4,2025-02-03,66.24,3.12,76.1,2765.08,29.17
665,5,2025-02-03,77.93,3.56,75.42,2200.69,53.23
666,6,2025-02-03,72.67,5.66,61.19,1621.27,53.19
667,7,2025-02-03,76.98,6.2,81.3,2007.79,44.41
668,8,2025-02-03,78.87,4.83,83.8,2370.41,50.62
669,9,2025-02-03,70.57,5.26,67.63,2696.84,42.59
670,10,2025-02-03,84.34,4.11,66.36,1658.32,45.98
671,11,2025-02-03,71.59,4.93,51.88,1643.37,27.29
672,12,2025-02-03,65.85,2.86,58.93,1532.65,53.53
673,13,2025-02-03,69.73,4.56,76.54,1589.28,44.81
674,14,2025-02-03,84.1,5.47,94.4,2713.19,67.39
675,15,2025-02-03,75.35,1.54,40.79,1464.74,52.15
676,16,2025-02-03,88.91,5.18,84.4,1470.69,69.34
677,17,2025-02-03,86.9,6.19,86.73,2341.51,51.22
678,18,2025-02-03,66.91,5.5,79.34,1996.78,57.37
679,19,2025-02-03,68.05,3.42,78.64,1846.17,51.07
680,20,2025-02-03,75.47,3.44,62.1,1725.63,66.77
681,1,2025-02-04,77.21,5.2,44.05,2754.1,23.11
682,2,2025-02-04,77.97,6.6,71.45,2453.88,67.36
683,3,2025-02-04,74.86,7.46,90.61,1772.53,68.31
684,4,2025-02-04,74.46,1.24,40.43,2605.57,63.38
685,5,2025-02-04,76.56,4.72,80.48,2309.08,56.32
686,6,2025-02-04,56.34,5.44,81.51,2397.06,44.55
687,7,2025-02-04,75.67,4.54,69.44,1993.53,43.91
688,8,2025-02-04,78.75,5.01,81.89,2274.56,61.53
689,9,2025-02-04,74.31,4.61,61.99,2419.52,64.18
690,10,2025-02-04,90.71,5.56,79.55,2271.43,47.97
691,11,2025-02-04,65.61,1.4,74.94,1379.5,22.77
692,12,2025-02-04,69.22,1.04,45.71,1634.6,50.83
693,13,2025-02-04,83.31,5.05,76.94,1555.29,53.7
694,14,2025-02-04,81.46,3.92,44.03,1676.7,55.34
695,15,2025-02-04,65.85,5.67,61.02,2050.7,53.93
696,16,2025-02-04,78.23,3.91,73.94,2132.05,71.38
697,17,2025-02-04,87.49,7.1,72.7,1718.7,71.76
698,18,2025-02-04,78.29,3.72,87.0,1870.06,47.19
699,19,2025-02-04,68.76,1.98,82.3,2144.56,61.11
700,20,2025-02-04,79.69,1.23,76.47,1591.35,56.04
701,1,2025-02-05,76.52,5.78,73.36,2930.55,36.61
702,2,2025-02-05,78.62,5.43,48.8,1963.67,60.01
703,3,2025-02-05,55.03,5.76,45.52,2649.96,42.89
704,4,2025-02-05,57.9,2.49,71.31,1384.08,30.21
705,5,2025-02-05,79.89,5.0,77.8,1971.52,70.17
706,6,2025-02-05,66.31,5.88,59.37,2118.92,46.57
707,7,2025-02-05,74.17,6.21,63.62,1817.59,73.14
708,8,2025-02-05,82.6,3.24,89.93,1739.44,71.47
709,9,2025-02-05,82.68,6.51,80.06,1343.26,60.15
710,10,2025-02-05,74.81,5.49,78.95,1389.26,47.18
711,11,2025-02-05,75.9,4.86,87.3,2373.61,66.64
712,12,2025-02-05,74.89,3.97,81.76,1760.52,64.09
713,13,2025-02-05,79.26,4.62,65.58,1573.04,54.91
714,14,2025-02-05,67.53,3.58,44.75,2315.66,56.46
715,15,2025-02-05,84.85,5.46,40.47,1338.55,31.62
716,16,2025-02-05,89.86,6.58,88.27,2168.56,52.57
717,17,2025-02-05,94.23,5.52,91.9,1849.54,62.2
718,18,2025-02-05,71.82,1.36,68.7,2804.95,48.91
719,19,2025-02-05,75.69,3.95,69.04,2253.45,41.56
720,20,2025-02-05,84.34,1.83,42.37,2574.5,55.37
721,1,2025-02-06,55.39,1.38,89.56,1826.51,63.74
722,2,2025-02-06,75.87,1.57,51.09,2970.61,30.7
723,3,2025-02-06,82.63,5.01,52.1,2046.37,67.35
724,4,2025-02-06,64.88,3.89,77.72,1281.74,57.91
725,5,2025-02-06,87.3,6.25,86.58,2489.25,57.43
726,6,2025-02-06,84.03,5.34,74.0,2850.72,50.15
727,7,2025-02-06,88.04,7.55,73.96,1479.21,77.25
728,8,2025-02-06,77.95,6.04,67.33,2681.17,71.17
729,9,2025-02-06,90.27,7.09,89.63,2193.82,56.16
730,10,2025-02-06,78.32,5.3,74.42,1881.87,54.89
731,11,2025-02-06,64.42,2.09,42.64,1636.25,69.21
732,12,2025-02-06,81.93,4.35,81.78,2296.59,58.74
733,13,2025-02-06,86.42,4.03,85.41,2501.64,48.19
734,14,2025-02-06,69.5,4.88,49.41,2371.53,61.82
735,15,2025-02-06,57.79,3.0,43.22,2779.22,31.87
736,16,2025-02-06,84.72,5.32,84.62,2464.24,81.3
737,17,2025-02-06,70.58,3.14,83.36,2368.73,63.68
738,18,2025-02-06,79.32,1.31,73.69,1642.14,60.34
739,19,2025-02-06,68.02,2.54,40.72,2804.81,25.49
740,20,2025-02-06,78.73,2.45,48.41,2569.4,50.4
741,1,2025-02-07,80.59,1.78,89.26,1255.47,58.12
742,2,2025-02-07,62.34,5.18,58.39,2455.87,36.92
743,3,2025-02-07,67.34,4.51,86.9,1412.43,60.47
744,4,2025-02-07,67.77,1.33,56.82,2981.45,20.44
745,5,2025-02-07,88.36,5.28,85.97,1275.7,49.28
746,6,2025-02-07,74.09,2.5,56.24,1368.01,54.84
747,7,2025-02-07,56.67,5.55,48.95,2748.14,56.71
748,8,2025-02-07,84.99,5.58,71.64,2495.9,51.94
749,9,2025-02-07,78.85,6.57,89.91,2432.69,64.43
750,10,2025-02-07,71.12,1.47,52.5,2702.58,54.38
751,11,2025-02-07,71.25,4.77,70.44,1229.24,54.16
752,12,2025-02-07,74.39,3.52,85.07,1981.97,55.46
753,13,2025-02-07,79.87,5.06,85.71,1743.88,54.85
754,14,2025-02-07,70.8,3.18,70.61,2516.98,47.93
755,15,2025-02-07,78.28,2.81,54.4,1711.7,60.01
756,16,2025-02-07,81.66,7.39,76.45,1910.72,54.27
757,17,2025-02-07,73.15,4.92,75.98,1854.1,70.91
758,18,2025-02-07,73.95,1.04,68.47,2652.0,53.28
759,19,2025-02-07,83.8,2.42,50.48,2281.69,66.17
760,20,2025-02-07,69.11,2.64,52.93,1424.28,50.22
761,1,2025-02-08,61.04,1.19,69.6,2259.67,35.07
762,2,2025-02-08,71.51,5.75,50.61,1694.59,35.66
763,3,2025-02-08,76.89,4.23,73.35,2129.42,43.85
764,4,2025-02-08,74.25,4.09,68.51,2415.91,38.33
765,5,2025-02-08,80.65,3.92,44.25,1669.55,44.22
766,6,2025-02-08,57.46,1.13,77.94,2637.16,34.34
767,7,2025-02-08,83.54,4.58,87.27,1384.73,41.57
768,8,2025-02-08,88.11,5.9,75.28,2373.47,67.45
769,9,2025-02-08,74.87,2.3,84.34,2429.56,31.24
770,10,2025-02-08,75.83,5.85,58.4,2797.67,74.09
771,11,2025-02-08,72.26,2.64,84.15,2985.95,35.3
772,12,2025-02-08,82.54,4.38,87.58,2721.54,50.82
773,13,2025-02-08,90.51,7.5,79.34,2445.69,80.0
774,14,2025-02-08,58.73,5.79,82.22,1794.79,73.92
775,15,2025-02-08,75.47,2.2,56.19,2470.31,46.98
776,16,2025-02-08,83.03,5.61,88.42,2052.54,56.04
777,17,2025-02-08,76.29,6.22,80.49,2005.3,62.8
778,18,2025-02-08,78.09,5.25,47.07,2188.69,40.76
779,19,2025-02-08,65.0,5.83,70.52,1575.11,61.75
780,20,2025-02-08,74.28,3.52,58.44,2831.79,69.7
781,1,2025-02-09,69.69,2.75,58.8,2054.73,69.03
782,2,2025-02-09,66.62,3.07,42.58,1549.75,43.24
783,3,2025-02-09,71.04,3.0,69.01,1952.4,43.92
784,4,2025-02-09,70.16,3.27,77.85,2448.25,41.81
785,5,2025-02-09,81.15,3.31,70.86,1633.63,40.86
786,6,2025-02-09,66.77,3.69,74.83,2116.99,69.6
787,7,2025-02-09,71.63,5.43,64.42,2092.62,63.1
788,8,2025-02-09,94.58,6.52,89.09,2724.04,52.69
789,9,2025-02-09,60.71,4.75,79.36,2780.72,67.81
790,10,2025-02-09,83.87,4.92,63.81,2038.32,50.67
791,11,2025-02-09,63.44,2.33,47.51,2924.94,46.4
792,12,2025-02-09,79.0,5.47,70.04,2589.4,63.18
793,13,2025-02-09,73.66,1.29,41.62,2491.73,51.4
794,14,2025-02-09,63.33,1.17,60.45,1917.17,59.93
795,15,2025-02-09,59.5,4.72,76.12,1818.13,48.89
796,16,2025-02-09,87.01,5.32,70.55,1751.13,71.42
797,17,2025-02-09,74.19,6.72,86.75,2230.71,59.82
798,18,2025-02-09,56.8,2.23,55.38,2981.28,56.61
799,19,2025-02-09,79.73,1.39,70.0,2577.69,47.6
800,20,2025-02-09,72.75,3.0,55.72,1344.63,50.12
801,1,2025-02-10,75.49,2.59,50.75,2930.99,63.32
802,2,2025-02-10,63.3,3.13,55.6,1751.54,44.68
803,3,2025-02-10,83.86,4.98,71.89,2455.38,52.12
804,4,2025-02-10,85.17,4.56,79.07,2357.48,52.15
805,5,2025-02-10,74.56,4.51,62.67,1770.18,55.62
806,6,2025-02-10,67.68,2.43,40.87,1700.83,46.46
807,7,2025-02-10,62.26,3.68,48.74,1480.02,33.94
808,8,2025-02-10,72.36,2.61,57.59,2005.86,54.18
809,9,2025-02-10,62.6,4.67,65.02,1501.79,45.04
810,10,2025-02-10,80.94,5.14,40.13,1789.17,34.44
811,11,2025-02-10,58.09,5.65,77.32,2409.96,70.4
812,12,2025-02-10,78.29,6.37,94.84,2566.62,72.9
813,13,2025-02-10,82.62,3.74,59.05,1913.6,42.27
814,14,2025-02-10,70.42,1.98,85.04,2946.89,62.48
815,15,2025-02-10,75.3,3.0,72.5,2312.15,51.96
816,16,2025-02-10,79.23,5.87,79.92,2585.12,76.58
817,17,2025-02-10,83.2,5.24,93.66,1834.6,64.04
818,18,2025-02-10,61.17,5.27,69.38,1759.89,61.92
819,19,2025-02-10,72.16,3.74,75.82,1273.89,23.05
820,20,2025-02-10,60.88,3.66,80.96,2759.07,30.4
821,1,2025-02-11,58.81,4.03,80.82,1761.16,28.63
822,2,2025-02-11,75.67,5.38,68.71,2540.21,33.32
823,3,2025-02-11,81.54,5.02,65.18,1738.01,52.38
824,4,2025-02-11,75.98,3.78,87.48,1495.68,43.87
825,5,2025-02-11,73.73,3.94,76.43,1403.97,72.45
826,6,2025-02-11,65.82,3.75,73.18,1763.15,45.11
827,7,2025-02-11,77.24,4.54,51.87,2640.4,37.9
828,8,2025-02-11,82.56,4.52,75.41,1992.03,65.76
829,9,2025-02-11,59.58,3.08,74.22,2882.88,70.45
830,10,2025-02-11,79.11,1.11,88.58,2851.89,61.15
831,11,2025-02-11,83.17,4.14,83.89,2612.42,55.75
832,12,2025-02-11,82.05,4.91,79.05,1707.23,68.98
833,13,2025-02-11,83.75,4.63,77.39,2642.54,44.44
834,14,2025-02-11,72.19,5.66,44.32,1206.99,38.99
835,15,2025-02-11,72.34,4.74,86.4,1507.84,56.82
836,16,2025-02-11,76.03,4.41,80.83,2251.81,67.8
837,17,2025-02-11,79.03,4.98,67.99,2879.34,64.89
838,18,2025-02-11,81.54,5.01,41.15,2873.55,70.24
839,19,2025-02-11,83.43,3.0,80.3,1279.05,50.38
840,20,2025-02-11,60.21,5.68,49.1,1223.03,63.07
841,1,2025-02-12,80.42,5.43,53.17,2918.31,41.95
842,2,2025-02-12,84.39,5.83,42.08,2243.23,34.14
843,3,2025-02-12,72.71,5.62,76.49,1577.53,69.61
844,4,2025-02-12,86.86,4.2,78.02,2228.63,56.61
845,5,2025-02-12,89.62,5.15,68.39,1532.32,68.05
846,6,2025-02-12,72.75,5.42,89.61,2638.86,67.75
847,7,2025-02-12,71.68,1.05,53.97,2695.27,35.24
848,8,2025-02-12,83.55,3.34,60.42,1576.62,62.02
849,9,2025-02-12,84.84,3.93,89.52,1780.77,33.52
850,10,2025-02-12,60.05,4.59,54.49,1332.15,59.12
851,11,2025-02-12,70.15,4.28,68.75,1527.28,48.87
852,12,2025-02-12,77.06,3.37,71.98,2676.13,38.23
853,13,2025-02-12,73.88,4.04,77.72,2434.0,61.3
854,14,2025-02-12,67.42,5.0,59.0,2389.49,52.62
855,15,2025-02-12,73.26,5.9,66.65,2035.18,55.39
856,16,2025-02-12,89.15,4.84,70.54,2068.9,73.64
857,17,2025-02-12,79.95,3.42,60.48,2091.38,21.02
858,18,2025-02-12,83.47,2.39,80.09,1593.86,73.55
859,19,2025-02-12,77.02,3.87,81.55,2054.9,28.06
860,20,2025-02-12,61.93,4.18,44.06,2059.64,69.35
861,1,2025-02-13,75.51,4.55,69.99,1485.55,47.66
862,2,2025-02-13,73.68,2.37,75.43,2937.66,24.78
863,3,2025-02-13,85.4,4.68,86.15,1590.97,70.95
864,4,2025-02-13,87.0,5.93,73.51,2141.04,48.8
865,5,2025-02-13,82.95,4.05,78.73,2463.48,70.45
866,6,2025-02-13,61.2,4.68,80.91,1309.85,26.06
867,7,2025-02-13,78.53,5.19,44.29,2525.53,51.66
868,8,2025-02-13,81.19,5.99,78.34,2394.62,67.31
869,9,2025-02-13,69.39,3.05,42.44,2331.17,62.15
870,10,2025-02-13,68.08,4.47,87.75,2648.04,68.08
871,11,2025-02-13,85.64,5.32,67.44,2524.0,49.07
872,12,2025-02-13,66.24,5.41,59.96,2976.18,46.73
873,13,2025-02-13,86.48,4.46,72.27,2465.86,70.2
874,14,2025-02-13,63.02,4.74,89.53,2339.39,27.58
875,15,2025-02-13,74.04,5.62,83.65,2098.86,59.57
876,16,2025-02-13,76.01,3.62,84.06,2125.62,41.67
877,17,2025-02-13,81.44,2.79,56.05,2794.92,63.16
878,18,2025-02-13,80.15,2.09,52.3,1235.3,47.34
879,19,2025-02-13,65.21,2.6,46.94,2845.53,41.25
880,20,2025-02-13,73.41,4.16,75.65,2398.0,54.37
881,1,2025-02-14,55.67,3.4,57.17,2399.35,69.15
882,2,2025-02-14,75.91,5.69,70.36,1316.41,46.58
883,3,2025-02-14,78.94,5.98,66.58,2396.49,67.42
884,4,2025-02-14,80.93,6.23,75.8,1920.14,57.61
885,5,2025-02-14,81.83,5.49,64.38,2273.39,69.19
886,6,2025-02-14,80.06,2.11,78.29,2166.68,56.15
887,7,2025-02-14,58.06,5.3,80.04,1514.5,27.75
888,8,2025-02-14,73.26,6.34,64.35,2599.74,70.57
889,9,2025-02-14,65.8,3.32,46.25,1291.72,22.63
890,10,2025-02-14,68.52,3.11,63.29,2719.36,39.86
891,11,2025-02-14,75.87,3.74,74.38,1773.3,48.96
892,12,2025-02-14,83.99,4.17,55.45,1908.31,38.08
893,13,2025-02-14,83.75,5.51,68.57,1849.85,64.68
894,14,2025-02-14,75.22,3.91,88.4,1819.22,61.08
895,15,2025-02-14,77.93,6.28,73.2,2707.36,67.22
896,16,2025-02-14,79.5,3.87,80.85,2707.65,37.97
897,17,2025-02-14,58.05,3.0,69.65,2956.45,54.85
898,18,2025-02-14,57.88,4.65,64.64,2261.76,59.62
899,19,2025-02-14,79.2,4.47,88.71,1424.07,39.21
900,20,2025-02-14,73.3,2.9,72.83,2379.92,41.61
901,1,2025-02-15,73.25,2.94,40.96,2028.21,53.87
902,2,2025-02-15,55.94,5.23,77.9,1988.99,21.94
903,3,2025-02-15,82.95,6.51,80.69,2547.25,61.18
904,4,2025-02-15,66.94,4.52,45.49,2636.63,51.81
905,5,2025-02-15,90.26,7.24,78.54,2098.73,73.59
906,6,2025-02-15,62.2,5.4,79.78,2465.82,52.69
907,7,2025-02-15,56.36,1.29,46.4,2161.16,31.79
908,8,2025-02-15,90.08,4.7,66.21,1273.48,49.0
909,9,2025-02-15,80.72,1.82,71.76,2956.05,32.47
910,10,2025-02-15,75.33,3.38,81.58,2082.32,41.72
911,11,2025-02-15,79.65,6.15,87.51,1450.31,69.52
912,12,2025-02-15,78.23,3.18,58.24,2664.77,41.44
913,13,2025-02-15,73.18,6.42,94.1,2638.22,63.58
914,14,2025-02-15,78.35,1.34,84.32,2755.17,48.77
915,15,2025-02-15,82.15,4.09,66.89,2268.51,63.8
916,16,2025-02-15,85.23,3.15,75.03,2338.19,68.04
917,17,2025-02-15,80.95,2.97,77.91,1773.25,73.01
918,18,2025-02-15,77.07,5.13,62.26,1822.48,39.46
919,19,2025-02-15,80.29,4.39,77.12,1929.88,51.79
920,20,2025-02-15,74.33,4.79,76.69,1804.19,63.15
921,1,2025-02-16,78.41,3.69,84.89,2751.52,71.65
922,2,2025-02-16,62.81,4.35,48.29,2903.01,34.36
923,3,2025-02-16,70.67,1.99,56.18,2954.6,69.47
924,4,2025-02-16,58.34,3.21,67.09,2840.55,20.63
925,5,2025-02-16,69.69,5.58,73.94,2278.41,54.79
926,6,2025-02-16,68.06,5.86,51.86,2037.06,27.94
927,7,2025-02-16,73.11,1.01,61.05,2069.0,66.11
928,8,2025-02-16,84.93,4.43,75.12,2165.24,65.73
929,9,2025-02-16,66.7,3.87,42.24,2794.89,56.92
930,10,2025-02-16,75.77,4.01,78.27,1586.73,52.71
931,11,2025-02-16,91.13,5.56,86.9,2236.56,66.59
932,12,2025-02-16,69.6,1.08,54.92,1805.33,56.41
933,13,2025-02-16,80.71,5.4,84.73,1974.98,60.57
934,14,2025-02-16,59.27,2.96,87.72,2032.27,29.63
935,15,2025-02-16,94.87,4.45,95.14,2381.99,58.12
936,16,2025-02-16,72.35,5.39,63.16,2154.76,56.96
937,17,2025-02-16,80.29,4.02,49.95,2988.58,49.99
938,18,2025-02-16,81.56,3.39,76.46,1854.79,64.39
939,19,2025-02-16,76.03,3.5,81.84,1646.18,60.76
940,20,2025-02-16,87.62,3.9,67.54,2095.31,60.96
941,1,2025-02-17,72.35,5.66,56.94,2565.06,53.16
942,2,2025-02-17,58.0,5.64,44.07,2074.68,21.48
943,3,2025-02-17,55.98,3.05,62.6,1302.57,51.52
944,4,2025-02-17,57.21,2.27,86.64,1887.58,38.15
945,5,2025-02-17,86.81,6.01,80.87,1671.65,58.13
946,6,2025-02-17,71.72,4.82,60.19,2036.62,56.7
947,7,2025-02-17,80.73,1.05,53.99,1758.3,71.8
948,8,2025-02-17,83.17,5.31,82.53,1558.46,67.94
949,9,2025-02-17,56.34,2.13,53.21,2624.24,61.16
950,10,2025-02-17,83.4,6.44,87.51,2462.12,43.83
951,11,2025-02-17,93.4,6.46,97.57,1436.05,51.23
952,12,2025-02-17,55.59,2.7,54.48,2070.57,45.03
953,13,2025-02-17,83.18,6.03,80.87,2167.83,42.66
954,14,2025-02-17,83.6,3.88,59.61,2786.0,39.91
955,15,2025-02-17,75.21,2.76,57.07,1469.74,51.09
956,16,2025-02-17,79.18,5.63,77.26,2546.94,48.31
957,17,2025-02-17,70.22,5.78,59.01,2744.89,60.79
958,18,2025-02-17,69.74,5.34,66.48,2418.81,43.54
959,19,2025-02-17,86.27,4.55,86.95,2628.23,50.7
960,20,2025-02-17,84.28,6.4,74.49,2414.63,72.97
961,1,2025-02-18,68.0,2.51,63.65,1591.73,42.54
962,2,2025-02-18,55.97,3.7,85.05,2849.32,35.81
963,3,2025-02-18,69.1,5.15,79.99,2198.12,44.86
964,4,2025-02-18,67.03,4.54,41.38,2726.69,72.12
965,5,2025-02-18,84.51,6.04,63.84,2161.48,61.56
966,6,2025-02-18,71.76,3.22,66.93,2521.8,49.25
967,7,2025-02-18,62.61,5.43,67.78,1717.08,46.34
968,8,2025-02-18,87.87,4.19,87.32,2374.59,59.89
969,9,2025-02-18,82.14,3.65,40.32,1645.65,44.42
970,10,2025-02-18,84.93,4.06,64.4,2721.44,64.91
971,11,2025-02-18,71.33,1.14,49.02,1611.63,52.46
972,12,2025-02-18,58.9,1.61,84.39,2850.7,21.88
973,13,2025-02-18,86.99,5.48,73.27,1729.13,58.77
974,14,2025-02-18,79.33,3.83,78.84,1487.06,68.71
975,15,2025-02-18,69.91,5.13,74.98,1652.88,28.66
976,16,2025-02-18,78.99,5.43,70.74,2094.24,47.09
977,17,2025-02-18,60.84,1.91,67.84,1211.93,20.25
978,18,2025-02-18,77.49,3.96,70.04,2573.45,49.51
979,19,2025-02-18,82.64,6.01,71.66,1969.62,63.06
980,20,2025-02-18,83.98,6.73,68.6,2021.07,47.97
981,1,2025-02-19,79.84,3.38,60.55,1953.8,66.09
982,2,2025-02-19,77.05,5.66,80.25,1562.99,51.51
983,3,2025-02-19,75.25,3.06,74.74,2292.2,39.58
984,4,2025-02-19,62.79,3.23,69.72,1612.42,42.07
985,5,2025-02-19,76.95,5.74,68.65,1328.74,70.09
986,6,2025-02-19,77.41,5.69,58.38,1429.2,43.04
987,7,2025-02-19,71.49,4.6,46.32,1608.32,28.22
988,8,2025-02-19,85.79,6.7,91.91,2223.0,62.26
989,9,2025-02-19,71.07,5.69,85.43,2846.07,64.58
990,10,2025-02-19,77.5,6.67,67.96,3005.46,64.69
991,11,2025-02-19,74.55,2.73,65.62,2182.58,44.16
992,12,2025-02-19,66.56,2.73,43.99,2866.22,33.08
993,13,2025-02-19,73.19,5.85,86.82,2159.21,66.57
994,14,2025-02-19,68.83,1.86,77.57,1734.72,54.94
995,15,2025-02-19,60.93,5.42,83.0,2320.74,45.43
996,16,2025-02-19,85.04,6.96,72.64,2699.74,56.87
997,17,2025-02-19,75.29,1.22,47.83,2848.42,22.58
998,18,2025-02-19,85.58,5.04,71.08,2173.04,43.88
999,19,2025-02-19,72.79,5.53,72.48,1875.27,49.9
1000,20,2025-02-19,90.41,4.78,87.28,1906.48,57.88
1001,1,2025-02-20,72.33,5.9,60.49,1854.95,45.59
1002,2,2025-02-20,77.56,1.92,49.11,1759.33,23.62
1003,3,2025-02-20,79.01,4.54,58.85,1421.85,70.25
1004,4,2025-02-20,61.52,2.65,66.37,2526.53,44.66
1005,5,2025-02-20,79.15,5.86,92.15,2548.28,74.65
1006,6,2025-02-20,77.84,6.08,67.69,2405.35,63.06
1007,7,2025-02-20,64.04,4.64,51.81,1784.01,22.35
1008,8,2025-02-20,80.08,4.09,92.53,1788.16,55.43
1009,9,2025-02-20,64.35,1.73,65.16,1648.96,60.57
1010,10,2025-02-20,80.08,7.53,76.01,1658.39,70.2
1011,11,2025-02-20,81.29,4.0,85.07,1653.78,68.49
1012,12,2025-02-20,67.01,1.1,55.97,1581.62,62.78
1013,13,2025-02-20,82.83,6.99,80.61,1685.41,57.86
1014,14,2025-02-20,70.33,5.46,52.31,2881.66,32.78
1015,15,2025-02-20,65.21,4.15,81.91,1574.74,29.94
1016,16,2025-02-20,70.32,4.84,79.82,1437.3,48.68
1017,17,2025-02-20,68.76,1.27,51.51,1280.68,70.37
1018,18,2025-02-20,79.3,6.46,89.35,1794.01,60.66
1019,19,2025-02-20,75.8,7.16,84.45,1701.82,66.75
1020,20,2025-02-20,65.23,2.53,43.93,2317.17,40.42
1021,1,2025-02-21,76.2,4.4,87.72,2309.12,44.87
1022,2,2025-02-21,84.32,5.87,57.26,1238.38,59.35
1023,3,2025-02-21,75.73,5.12,82.71,2386.31,53.55
1024,4,2025-02-21,77.69,2.79,87.47,2809.45,41.58
1025,5,2025-02-21,78.93,1.87,65.75,2369.27,73.94
1026,6,2025-02-21,76.59,5.56,75.27,1572.05,58.89
1027,7,2025-02-21,83.45,3.16,55.8,1216.66,62.85
1028,8,2025-02-21,68.75,5.7,55.63,1720.49,23.01
1029,9,2025-02-21,73.21,4.3,65.05,1845.3,55.87
1030,10,2025-02-21,72.87,3.3,43.87,1541.73,31.87
1031,11,2025-02-21,84.88,5.67,81.51,1586.72,64.03
1032,12,2025-02-21,57.88,1.25,50.83,1467.84,65.71
1033,13,2025-02-21,85.26,5.82,78.25,1677.24,78.7
1034,14,2025-02-21,58.42,5.83,63.66,2164.18,39.38
1035,15,2025-02-21,70.82,4.43,86.63,2875.73,22.52
1036,16,2025-02-21,73.3,4.44,70.41,2438.17,43.24
1037,17,2025-02-21,69.38,1.78,64.41,2683.42,59.82
1038,18,2025-02-21,90.39,6.87,80.85,1937.54,58.14
1039,19,2025-02-21,81.14,7.3,75.04,2561.73,66.6
1040,20,2025-02-21,73.86,3.85,45.16,1659.55,73.73
1041,1,2025-02-22,81.92,4.87,73.66,1416.84,63.11
1042,2,2025-02-22,73.84,4.08,83.02,1819.16,47.83
1043,3,2025-02-22,78.65,6.6,85.75,2760.46,55.09
1044,4,2025-02-22,55.49,1.16,57.47,2702.81,39.04
1045,5,2025-02-22,64.94,4.96,52.01,2045.51,46.22
1046,6,2025-02-22,84.3,4.3,83.74,2059.11,57.26
1047,7,2025-02-22,71.43,4.37,40.63,1386.29,34.44
1048,8,2025-02-22,56.73,5.77,87.77,1722.13,37.67
1049,9,2025-02-22,74.75,5.98,54.79,2986.59,47.9
1050,10,2025-02-22,77.33,1.18,68.18,2853.12,66.36
1051,11,2025-02-22,80.93,5.17,75.41,1885.2,45.67
1052,12,2025-02-22,78.16,2.24,50.99,2408.25,21.51
1053,13,2025-02-22,76.26,3.31,74.92,1444.03,58.0
1054,14,2025-02-22,84.75,3.83,72.19,1765.37,34.93
1055,15,2025-02-22,77.64,1.76,70.96,2447.74,39.76
1056,16,2025-02-22,79.35,3.47,72.98,1817.16,43.27
1057,17,2025-02-22,61.73,5.77,41.95,1888.03,45.75
1058,18,2025-02-22,83.46,2.98,78.1,2496.42,42.4
1059,19,2025-02-22,73.87,4.86,65.34,2834.79,38.52
1060,20,2025-02-22,67.38,3.16,75.48,2641.87,66.74
1061,1,2025-02-23,76.21,5.55,73.93,1481.23,71.13
1062,2,2025-02-23,73.65,4.64,83.31,1755.17,38.76
1063,3,2025-02-23,92.04,4.62,88.1,1719.68,51.27
1064,4,2025-02-23,66.01,2.13,43.68,2704.03,26.04
1065,5,2025-02-23,70.99,4.48,59.01,1885.17,52.29
1066,6,2025-02-23,75.28,4.73,84.4,1651.23,63.9
1067,7,2025-02-23,57.78,3.51,81.67,1423.45,25.61
1068,8,2025-02-23,72.4,5.0,46.26,1767.59,72.14
1069,9,2025-02-23,83.69,4.38,47.15,1746.79,46.74
1070,10,2025-02-23,76.24,2.93,57.76,1763.07,38.67
1071,11,2025-02-23,91.04,5.19,65.92,2788.99,51.34
1072,12,2025-02-23,68.86,4.34,70.16,1986.95,44.74
1073,13,2025-02-23,84.94,3.06,73.44,1436.48,48.04
1074,14,2025-02-23,77.89,2.95,55.74,1425.26,62.05
1075,15,2025-02-23,68.73,4.31,63.62,1683.83,23.01
1076,16,2025-02-23,82.0,4.35,74.1,2323.72,72.37
1077,17,2025-02-23,73.13,2.15,70.42,2474.43,41.63
1078,18,2025-02-23,86.49,3.47,71.47,1371.62,47.84
1079,19,2025-02-23,79.27,2.75,87.02,2465.08,50.61
1080,20,2025-02-23,65.43,5.63,59.83,1357.66,66.01
1081,1,2025-02-24,80.36,6.45,77.37,1440.14,55.43
1082,2,2025-02-24,69.51,3.95,73.25,2268.47,61.87
1083,3,2025-02-24,86.1,6.02,91.67,2199.12,55.53
1084,4,2025-02-24,78.94,1.02,43.59,2075.32,72.57
1085,5,2025-02-24,80.85,4.27,55.66,2833.42,52.75
1086,6,2025-02-24,91.65,7.25,72.62,1228.07,70.34
1087,7,2025-02-24,56.56,1.18,70.8,1506.4,25.11
1088,8,2025-02-24,63.6,1.43,88.59,1842.01,66.71
1089,9,2025-02-24,73.57,3.08,72.38,2471.07,64.73
1090,10,2025-02-24,71.01,3.12,58.5,1676.55,40.57
1091,11,2025-02-24,75.97,6.61,75.82,2018.78,73.31
1092,12,2025-02-24,78.82,3.97,72.84,2669.34,59.13
1093,13,2025-02-24,78.89,3.71,84.65,2655.5,51.98
1094,14,2025-02-24,74.84,5.18,47.67,2062.49,64.66
1095,15,2025-02-24,71.6,4.32,53.04,1340.83,70.9
1096,16,2025-02-24,77.29,6.44,78.21,1783.13,44.92
1097,17,2025-02-24,77.45,3.02,74.49,2392.8,47.16
1098,18,2025-02-24,85.28,4.21,83.65,2088.75,60.17
1099,19,2025-02-24,55.47,5.69,73.13,2331.11,38.02
1100,20,2025-02-24,69.58,5.23,51.54,2491.23,33.78
1101,1,2025-02-25,72.47,6.11,89.19,2585.77,50.69
1102,2,2025-02-25,85.97,4.49,68.72,1476.65,68.78
1103,3,2025-02-25,58.33,4.85,42.77,2672.36,43.33
1104,4,2025-02-25,67.46,5.23,62.98,2211.33,63.33
1105,5,2025-02-25,84.04,4.73,71.34,1347.42,72.12
1106,6,2025-02-25,80.66,1.01,73.63,2200.87,27.7
1107,7,2025-02-25,77.91,3.65,55.15,2948.72,65.77
1108,8,2025-02-25,73.73,4.82,74.33,2801.38,58.99
1109,9,2025-02-25,77.51,3.15,63.95,2337.28,55.21
1110,10,2025-02-25,87.51,4.02,86.93,2824.59,41.99
1111,11,2025-02-25,94.43,5.73,70.07,2469.3,82.74
1112,12,2025-02-25,71.48,5.04,82.45,1591.79,65.18
1113,13,2025-02-25,77.81,4.84,80.71,1964.33,53.71
1114,14,2025-02-25,59.42,4.91,73.32,2483.43,60.38
1115,15,2025-02-25,74.76,5.89,47.0,2819.46,28.21
1116,16,2025-02-25,91.07,6.91,72.43,1786.46,67.08
1117,17,2025-02-25,74.22,5.47,85.32,1720.43,55.64
1118,18,2025-02-25,78.89,5.87,84.78,1794.15,47.84
1119,19,2025-02-25,84.13,2.1,61.3,1243.75,58.91
1120,20,2025-02-25,55.74,3.81,63.95,2713.64,37.45
1121,1,2025-02-26,77.8,5.52,80.34,2756.29,61.94
1122,2,2025-02-26,75.55,5.65,64.84,2963.2,57.01
1123,3,2025-02-26,60.36,4.62,59.84,2504.72,31.9
1124,4,2025-02-26,60.71,3.54,43.62,2633.35,29.64
1125,5,2025-02-26,64.58,4.29,69.47,2912.5,45.76
1126,6,2025-02-26,61.82,3.28,85.85,2228.25,53.09
1127,7,2025-02-26,65.77,3.44,68.94,2574.55,23.71
1128,8,2025-02-26,83.85,5.08,52.74,2012.59,57.52
1129,9,2025-02-26,70.91,3.67,86.14,2372.39,69.81
1130,10,2025-02-26,83.63,3.55,89.18,2472.34,41.72
1131,11,2025-02-26,74.63,5.1,77.98,2826.58,78.19
1132,12,2025-02-26,79.03,6.36,83.71,2146.83,56.93
1133,13,2025-02-26,82.52,4.96,91.03,1360.42,46.61
1134,14,2025-02-26,68.48,1.11,54.75,2180.59,33.94
1135,15,2025-02-26,75.2,3.18,75.82,2082.1,58.4
1136,16,2025-02-26,87.21,5.25,86.86,1608.84,66.46
1137,17,2025-02-26,74.81,4.66,81.39,2282.65,66.49
1138,18,2025-02-26,73.75,4.13,67.66,1707.47,56.55
1139,19,2025-02-26,60.71,2.36,47.12,2674.69,35.11
1140,20,2025-02-26,84.87,2.65,50.24,1406.51,43.91
1141,1,2025-02-27,84.1,5.73,66.15,1766.94,72.95
1142,2,2025-02-27,86.57,5.71,63.37,1326.3,71.42
1143,3,2025-02-27,55.57,1.5,59.55,2244.51,20.24
1144,4,2025-02-27,75.57,2.44,79.44,1796.32,21.51
1145,5,2025-02-27,64.88,4.28,64.49,1738.78,51.91
1146,6,2025-02-27,73.76,3.92,65.13,1440.31,57.43
1147,7,2025-02-27,67.24,3.87,75.25,1377.69,59.54
1148,8,2025-02-27,60.85,2.65,48.12,1796.55,28.79
1149,9,2025-02-27,74.29,5.68,88.93,2449.68,56.94
1150,10,2025-02-27,77.38,4.28,85.26,2048.02,75.63
1151,11,2025-02-27,88.07,4.25,68.78,1500.06,64.55
1152,12,2025-02-27,75.71,5.44,73.88,2664.62,66.69
1153,13,2025-02-27,76.87,5.56,91.63,2445.18,51.76
1154,14,2025-02-27,57.02,5.44,82.17,2688.27,27.22
1155,15,2025-02-27,73.27,5.46,58.4,2464.53,72.78
1156,16,2025-02-27,78.05,4.3,58.22,2782.71,22.49
1157,17,2025-02-27,83.3,4.55,76.88,2436.42,48.93
1158,18,2025-02-27,86.36,4.36,75.82,1861.75,63.43
1159,19,2025-02-27,58.12,5.99,40.03,2225.98,69.07
1160,20,2025-02-27,65.7,3.65,63.24,2907.47,63.89
1161,1,2025-02-28,75.5,6.64,66.58,1943.49,67.4
1162,2,2025-02-28,89.74,6.06,69.81,2561.55,69.82
1163,3,2025-02-28,55.21,5.94,64.79,1902.75,25.82
1164,4,2025-02-28,58.5,2.23,81.86,2287.74,55.15
1165,5,2025-02-28,72.32,5.3,69.72,2039.78,54.84
1166,6,2025-02-28,84.27,5.64,83.42,2126.37,55.57
1167,7,2025-02-28,65.58,5.14,65.67,2520.98,72.98
1168,8,2025-02-28,71.82,4.07,59.83,2373.53,50.04
1169,9,2025-02-28,87.08,6.67,81.87,2707.35,64.85
1170,10,2025-02-28,81.76,5.99,89.71,2722.51,58.81
1171,11,2025-02-28,74.28,2.26,80.0,1698.79,66.75
1172,12,2025-02-28,74.66,6.58,76.95,2385.67,65.75
1173,13,2025-02-28,82.81,6.39,69.53,1651.38,69.72
1174,14,2025-02-28,82.63,3.58,87.74,2346.29,67.42
1175,15,2025-02-28,77.22,3.31,70.3,2609.07,73.14
1176,16,2025-02-28,65.92,5.28,62.52,2561.39,70.71
1177,17,2025-02-28,80.95,6.78,74.7,2653.44,51.62
1178,18,2025-02-28,80.23,4.47,42.84,1997.14,56.85
1179,19,2025-02-28,79.19,5.2,63.28,1898.27,68.41
1180,20,2025-02-28,75.58,5.3,55.82,1245.97,54.45
1181,1,2025-03-01,84.57,5.32,73.73,1949.23,53.98
1182,2,2025-03-01,72.45,4.02,46.49,2197.79,57.52
1183,3,2025-03-01,56.3,1.94,44.35,2999.42,27.6
1184,4,2025-03-01,80.79,3.25,63.97,2426.2,45.61
1185,5,2025-03-01,62.87,4.45,49.42,2943.44,33.51
1186,6,2025-03-01,76.82,4.39,86.77,2338.69,51.56
1187,7,2025-03-01,84.66,5.57,47.44,1273.72,26.25
1188,8,2025-03-01,62.54,1.97,88.72,1677.84,71.33
1189,9,2025-03-01,79.39,5.46,85.48,2445.51,69.68
1190,10,2025-03-01,79.57,6.28,75.76,2151.28,58.31
1191,11,2025-03-01,82.19,3.71,51.84,2478.15,21.45
1192,12,2025-03-01,81.27,6.03,89.69,1796.06,78.99
1193,13,2025-03-01,73.76,3.97,61.76,2517.71,66.15
1194,14,2025-03-01,61.49,4.23,64.41,2744.09,30.54
1195,15,2025-03-01,76.7,1.31,73.92,1939.91,21.61
1196,16,2025-03-01,60.34,4.71,52.21,2218.02,59.65
1197,17,2025-03-01,92.86,6.92,89.84,2535.98,49.24
1198,18,2025-03-01,83.47,4.38,60.02,2024.24,53.3
1199,19,2025-03-01,67.95,5.69,63.11,2851.84,23.69
1200,20,2025-03-01,65.22,1.54,41.93,1572.97,66.66
1201,1,2025-03-02,62.59,4.06,62.85,2278.44,69.17
1202,2,2025-03-02,82.37,2.91,76.41,2192.22,30.65
1203,3,2025-03-02,62.13,4.43,51.56,2522.45,67.03
1204,4,2025-03-02,69.54,4.41,77.04,1370.86,38.85
1205,5,2025-03-02,69.45,5.01,60.07,1722.77,59.15
1206,6,2025-03-02,83.9,5.19,83.77,1889.47,57.97
1207,7,2025-03-02,67.01,1.75,74.65,2133.4,58.15
1208,8,2025-03-02,77.28,5.8,89.04,1501.34,73.68
1209,9,2025-03-02,87.82,5.48,78.03,1859.02,59.86
1210,10,2025-03-02,72.04,5.09,81.1,2364.12,68.74
1211,11,2025-03-02,83.52,3.2,74.74,1662.73,64.91
1212,12,2025-03-02,65.28,2.81,50.88,2190.2,58.22
1213,13,2025-03-02,81.04,5.05,64.31,2206.68,59.77
1214,14,2025-03-02,81.03,5.97,44.32,2828.79,48.27
1215,15,2025-03-02,73.2,5.77,47.66,1751.37,41.94
1216,16,2025-03-02,56.84,3.99,65.63,2980.03,69.15
1217,17,2025-03-02,85.11,6.31,66.77,2134.22,52.4
1218,18,2025-03-02,67.73,2.67,76.43,1916.07,48.34
1219,19,2025-03-02,78.85,1.37,81.97,2354.27,40.79
1220,20,2025-03-02,84.98,5.85,68.86,1861.83,23.53
1221,1,2025-03-03,68.99,3.62,84.88,2784.21,61.85
1222,2,2025-03-03,84.9,1.67,74.24,1628.8,40.52
1223,3,2025-03-03,75.57,1.42,59.95,1232.41,51.72
1224,4,2025-03-03,71.47,5.14,74.11,2374.82,63.39
1225,5,2025-03-03,79.77,5.37,59.4,1634.66,52.81
1226,6,2025-03-03,76.52,6.77,85.66,1860.05,72.45
1227,7,2025-03-03,75.09,2.64,43.37,1262.98,65.58
1228,8,2025-03-03,82.75,1.26,63.45,2667.44,47.3
1229,9,2025-03-03,79.86,3.21,63.07,2124.18,62.53
1230,10,2025-03-03,78.63,2.39,77.0,2626.42,56.02
1231,11,2025-03-03,63.07,3.3,74.64,2394.5,71.54
1232,12,2025-03-03,74.2,5.34,61.11,2271.01,61.17
1233,13,2025-03-03,81.12,6.35,70.38,2510.77,56.87
1234,14,2025-03-03,56.68,1.42,54.21,1828.6,59.53
1235,15,2025-03-03,68.22,1.2,79.67,2423.88,40.15
1236,16,2025-03-03,82.01,5.98,51.92,2887.38,74.08
1237,17,2025-03-03,85.59,5.97,73.73,2539.88,52.75
1238,18,2025-03-03,75.28,2.88,85.86,2707.47,37.61
1239,19,2025-03-03,69.89,1.44,79.79,1742.12,56.15
1240,20,2025-03-03,79.0,3.6,70.77,1903.77,48.0
1241,1,2025-03-04,63.25,3.94,41.74,1304.96,72.58
1242,2,2025-03-04,78.91,3.52,48.55,2522.05,57.06
1243,3,2025-03-04,68.33,2.33,41.34,2310.96,50.68
1244,4,2025-03-04,74.01,5.62,91.74,1713.54,48.93
1245,5,2025-03-04,85.25,5.63,88.04,2467.52,60.44
1246,6,2025-03-04,87.28,6.24,76.03,1664.5,50.79
1247,7,2025-03-04,76.7,1.99,53.75,2886.59,49.25
1248,8,2025-03-04,81.33,1.2,47.81,2381.95,43.02
1249,9,2025-03-04,72.65,5.99,63.46,1878.63,46.67
1250,10,2025-03-04,83.66,5.49,61.56,2826.51,63.33
1251,11,2025-03-04,75.49,4.04,66.99,2004.34,41.26
1252,12,2025-03-04,63.84,3.92,86.77,2925.14,46.5
1253,13,2025-03-04,83.82,6.22,70.24,1288.14,55.55
1254,14,2025-03-04,63.14,5.0,71.07,2814.7,43.31
1255,15,2025-03-04,81.55,4.22,76.07,2792.88,65.12
1256,16,2025-03-04,63.36,3.56,84.17,2565.29,73.16
1257,17,2025-03-04,74.74,6.84,69.48,3029.44,60.98
1258,18,2025-03-04,66.48,4.12,70.42,1509.43,43.23
1259,19,2025-03-04,62.48,4.01,45.54,2712.53,66.28
1260,20,2025-03-04,70.84,4.94,63.93,1636.32,59.53
1261,1,2025-03-05,75.07,3.04,86.06,1325.83,39.81
1262,2,2025-03-05,71.63,3.01,75.26,2462.22,33.2
1263,3,2025-03-05,81.89,5.83,80.57,1250.8,43.04
1264,4,2025-03-05,83.36,6.72,63.95,2363.93,71.58
1265,5,2025-03-05,73.34,6.12,88.72,2447.46,60.45
1266,6,2025-03-05,77.54,6.97,69.08,2270.12,52.73
1267,7,2025-03-05,55.43,3.72,49.3,2827.34,49.68
1268,8,2025-03-05,78.94,5.53,60.81,1774.11,68.51
1269,9,2025-03-05,78.42,4.37,68.25,2310.69,56.56
1270,10,2025-03-05,80.53,4.57,61.22,2389.35,53.23
1271,11,2025-03-05,82.34,2.58,87.61,1690.52,52.41
1272,12,2025-03-05,76.44,3.63,55.51,2166.34,68.98
1273,13,2025-03-05,85.62,5.67,58.67,1773.52,63.53
1274,14,2025-03-05,73.51,3.78,85.23,1364.11,60.35
1275,15,2025-03-05,82.35,3.05,85.2,2228.17,42.92
1276,16,2025-03-05,81.18,3.4,59.46,1969.46,49.79
1277,17,2025-03-05,84.87,5.58,89.91,2201.05,66.57
1278,18,2025-03-05,75.3,3.65,86.0,1662.18,63.33
1279,19,2025-03-05,74.0,5.07,77.72,2961.53,55.01
1280,20,2025-03-05,66.05,2.21,84.54,1512.27,72.47
1281,1,2025-03-06,58.87,5.02,81.96,2099.47,59.26
1282,2,2025-03-06,56.1,2.27,50.65,2155.33,58.81
1283,3,2025-03-06,69.09,1.3,46.29,2032.11,61.0
1284,4,2025-03-06,83.88,6.07,91.7,1557.21,67.59
1285,5,2025-03-06,83.72,4.66,76.05,2597.61,77.26
1286,6,2025-03-06,81.77,5.92,72.46,1727.71,25.72
1287,7,2025-03-06,69.3,3.79,82.69,1324.47,63.38
1288,8,2025-03-06,67.64,4.92,54.27,2765.0,45.31
1289,9,2025-03-06,83.29,6.63,80.46,2758.94,71.86
1290,10,2025-03-06,82.69,3.93,68.31,2615.99,58.93
1291,11,2025-03-06,71.04,5.59,61.89,1219.02,66.7
1292,12,2025-03-06,81.74,2.2,70.75,2892.03,52.05
1293,13,2025-03-06,80.67,5.91,60.62,2319.04,45.84
1294,14,2025-03-06,83.32,1.24,82.97,1640.89,48.14
1295,15,2025-03-06,80.84,5.91,85.57,2086.35,54.69
1296,16,2025-03-06,64.61,5.44,78.75,1336.25,49.75
1297,17,2025-03-06,73.99,6.66,77.06,1827.38,55.44
1298,18,2025-03-06,78.09,4.67,87.31,2040.39,57.09
1299,19,2025-03-06,75.03,2.48,88.04,1813.13,38.88
1300,20,2025-03-06,72.1,5.88,41.27,1816.69,69.31
1301,1,2025-03-07,62.2,4.15,46.7,2478.13,24.56
1302,2,2025-03-07,58.44,3.57,83.77,2922.72,35.74
1303,3,2025-03-07,57.23,2.12,57.25,1488.82,37.21
1304,4,2025-03-07,89.54,5.91,68.02,2356.94,75.94
1305,5,2025-03-07,86.79,5.4,84.42,1728.88,57.33
1306,6,2025-03-07,63.88,1.74,80.19,1272.65,64.38
1307,7,2025-03-07,59.07,4.15,78.25,2787.07,45.48
1308,8,2025-03-07,55.77,4.65,67.35,1740.33,23.12
1309,9,2025-03-07,87.7,6.44,94.69,2303.67,73.39
1310,10,2025-03-07,85.15,6.74,73.58,2538.32,50.54
1311,11,2025-03-07,57.66,3.76,41.94,2493.17,56.3
1312,12,2025-03-07,65.61,3.86,69.15,1310.04,21.48
1313,13,2025-03-07,86.94,5.93,86.21,2595.9,53.41
1314,14,2025-03-07,82.0,1.43,88.33,1404.94,64.0
1315,15,2025-03-07,84.67,4.3,82.76,1723.31,63.75
1316,16,2025-03-07,69.53,3.94,71.24,1606.59,42.06
1317,17,2025-03-07,77.43,4.48,86.0,1841.93,53.48
1318,18,2025-03-07,80.57,5.18,83.23,2269.21,52.6
1319,19,2025-03-07,79.74,1.54,68.79,2262.16,48.22
1320,20,2025-03-07,67.52,3.39,78.65,1577.65,44.05
1321,1,2025-03-08,80.88,2.99,42.69,1740.71,70.92
1322,2,2025-03-08,81.4,5.95,85.56,1353.14,67.2
1323,3,2025-03-08,61.53,3.74,68.16,2313.09,68.83
1324,4,2025-03-08,78.8,3.4,41.79,2663.65,21.66
1325,5,2025-03-08,78.3,5.24,94.49,2583.32,67.48
1326,6,2025-03-08,57.3,5.47,63.74,1903.51,23.19
1327,7,2025-03-08,76.47,3.27,77.56,1476.29,58.91
1328,8,2025-03-08,74.59,1.76,43.76,1879.18,61.05
1329,9,2025-03-08,75.16,5.09,87.37,1860.64,74.92
1330,10,2025-03-08,76.75,6.16,87.45,1877.29,69.3
1331,11,2025-03-08,61.17,3.12,83.48,1240.88,39.0
1332,12,2025-03-08,73.23,3.01,69.86,2707.14,41.83
1333,13,2025-03-08,83.44,6.28,71.6,1479.55,66.68
1334,14,2025-03-08,79.56,4.91,69.0,2759.97,23.61
1335,15,2025-03-08,84.26,4.15,73.88,2471.82,74.39
1336,16,2025-03-08,73.78,4.35,64.82,1633.16,55.87
1337,17,2025-03-08,77.43,4.4,86.36,1572.69,68.35
1338,18,2025-03-08,81.05,4.21,67.02,1751.13,50.81
1339,19,2025-03-08,80.86,4.89,51.76,2092.1,50.84
1340,20,2025-03-08,72.01,3.41,82.91,2740.36,40.82
1341,1,2025-03-09,67.34,3.19,65.94,1943.93,69.42
1342,2,2025-03-09,63.2,3.15,63.98,2481.08,25.4
1343,3,2025-03-09,61.93,4.83,46.51,1920.58,25.81
1344,4,2025-03-09,64.99,5.45,68.75,2065.41,22.05
1345,5,2025-03-09,62.8,3.57,40.24,1386.19,61.21
1346,6,2025-03-09,63.08,5.0,58.49,1520.87,26.2
1347,7,2025-03-09,64.35,2.07,58.96,1323.2,42.77
1348,8,2025-03-09,66.44,1.51,59.34,1255.89,30.9
1349,9,2025-03-09,66.25,1.45,70.38,1919.4,61.16
1350,10,2025-03-09,88.36,6.4,98.51,1574.4,77.89
1351,11,2025-03-09,77.59,5.62,87.15,2947.72,74.54
1352,12,2025-03-09,69.99,1.45,53.35,1249.14,35.95
1353,13,2025-03-09,86.85,6.01,75.4,2517.15,46.41
1354,14,2025-03-09,55.21,1.43,70.05,1944.59,73.87
1355,15,2025-03-09,78.43,7.41,76.67,2782.13,69.87
1356,16,2025-03-09,82.75,5.43,71.74,2196.55,69.57
1357,17,2025-03-09,75.7,4.63,76.77,2524.62,44.76
1358,18,2025-03-09,87.44,4.22,90.71,2750.76,74.05
1359,19,2025-03-09,79.49,4.14,68.1,1539.87,61.0
1360,20,2025-03-09,77.68,3.08,85.53,1911.24,52.39
1361,1,2025-03-10,64.15,1.91,87.73,1659.15,53.72
1362,2,2025-03-10,66.62,3.88,54.68,2703.55,73.95
1363,3,2025-03-10,77.55,3.38,74.77,2944.54,66.46
1364,4,2025-03-10,68.65,3.93,60.48,2489.09,65.59
1365,5,2025-03-10,74.45,3.23,53.55,2029.72,56.42
1366,6,2025-03-10,63.54,4.76,69.25,1621.62,57.08
1367,7,2025-03-10,79.48,4.56,67.54,2681.96,43.24
1368,8,2025-03-10,82.28,3.57,64.32,1363.97,72.56
1369,9,2025-03-10,80.57,1.27,62.25,2037.22,73.13
1370,10,2025-03-10,58.1,4.42,71.15,2345.26,38.58
1371,11,2025-03-10,67.15,1.37,76.92,1273.72,34.88
1372,12,2025-03-10,84.97,5.73,68.31,2206.99,24.94
1373,13,2025-03-10,90.39,6.77,94.04,1734.15,59.46
1374,14,2025-03-10,79.41,3.71,72.0,2070.11,57.1
1375,15,2025-03-10,91.04,7.24,84.1,2007.16,58.01
1376,16,2025-03-10,78.19,6.26,85.78,2337.93,62.95
1377,17,2025-03-10,81.88,4.57,89.44,1961.58,71.58
1378,18,2025-03-10,83.5,5.33,92.8,2039.3,84.03
1379,19,2025-03-10,80.69,2.21,77.91,2023.46,64.01
1380,20,2025-03-10,75.13,6.04,91.61,2505.62,70.83
1381,1,2025-03-11,84.1,1.92,64.85,2498.9,46.56
1382,2,2025-03-11,63.77,4.37,88.56,2092.04,20.26
1383,3,2025-03-11,69.06,3.8,46.05,1464.66,33.32
1384,4,2025-03-11,73.13,3.02,82.07,2103.53,44.22
1385,5,2025-03-11,82.71,3.57,78.13,2043.59,62.52
1386,6,2025-03-11,61.45,3.86,89.87,2026.87,42.54
1387,7,2025-03-11,67.08,5.13,66.48,2955.16,62.27
1388,8,2025-03-11,55.03,1.07,74.14,2541.04,20.53
1389,9,2025-03-11,77.71,3.97,89.19,2004.63,64.59
1390,10,2025-03-11,69.62,4.88,66.39,2121.81,60.32
1391,11,2025-03-11,82.57,4.53,61.73,2653.65,51.9
1392,12,2025-03-11,59.93,3.49,82.03,2554.43,21.93
1393,13,2025-03-11,83.29,3.06,74.63,2367.36,46.19
1394,14,2025-03-11,67.28,4.42,70.78,1825.7,66.88
1395,15,2025-03-11,78.95,4.37,53.45,1812.56,37.42
1396,16,2025-03-11,75.0,4.71,86.47,2076.38,63.28
1397,17,2025-03-11,80.54,6.22,73.76,2237.22,56.55
1398,18,2025-03-11,89.25,4.3,89.94,2557.36,77.3
1399,19,2025-03-11,68.3,2.21,70.59,2488.35,21.82
1400,20,2025-03-11,90.82,6.44,63.8,1835.36,57.05
1401,1,2025-03-12,63.15,3.0,63.93,1419.91,38.84
1402,2,2025-03-12,71.74,3.41,71.64,2268.4,21.36
1403,3,2025-03-12,76.6,2.79,81.91,1577.89,59.78
1404,4,2025-03-12,83.01,3.54,72.11,1655.86,70.58
1405,5,2025-03-12,71.62,4.26,85.81,2538.63,44.12
1406,6,2025-03-12,72.39,1.51,51.65,1612.97,45.93
1407,7,2025-03-12,78.0,4.49,84.27,1212.43,58.11
1408,8,2025-03-12,64.37,4.27,52.55,2813.01,31.24
1409,9,2025-03-12,73.95,2.99,62.17,2316.17,52.63
1410,10,2025-03-12,66.01,4.17,88.41,1430.19,55.51
1411,11,2025-03-12,81.73,4.13,40.63,2036.53,44.19
1412,12,2025-03-12,72.77,5.0,72.09,1869.03,71.44
1413,13,2025-03-12,79.62,4.02,75.28,2290.8,50.96
1414,14,2025-03-12,64.21,4.64,74.56,1372.55,46.92
1415,15,2025-03-12,75.9,4.96,63.18,2403.69,43.93
1416,16,2025-03-12,73.43,4.86,73.62,2712.81,64.74
1417,17,2025-03-12,81.27,5.77,84.36,1683.42,74.89
1418,18,2025-03-12,84.01,5.35,60.44,1652.15,55.32
1419,19,2025-03-12,79.73,3.1,57.27,1853.05,24.44
1420,20,2025-03-12,83.65,5.05,80.36,2251.96,64.02
1421,1,2025-03-13,74.39,2.12,54.88,1951.59,25.15
1422,2,2025-03-13,63.94,3.84,73.93,1971.41,27.83
1423,3,2025-03-13,72.51,4.62,44.45,2515.28,32.71
1424,4,2025-03-13,76.33,5.93,65.45,2152.55,70.46
1425,5,2025-03-13,73.67,4.36,67.15,2087.23,57.47
1426,6,2025-03-13,78.64,2.43,58.11,2601.65,55.91
1427,7,2025-03-13,60.95,3.35,65.68,1590.96,22.95
1428,8,2025-03-13,77.15,1.46,73.11,2525.34,71.97
1429,9,2025-03-13,83.92,3.89,87.18,2005.68,46.02
1430,10,2025-03-13,60.58,5.74,50.23,2852.62,44.86
1431,11,2025-03-13,71.93,3.99,43.27,2401.56,20.28
1432,12,2025-03-13,57.88,1.62,70.16,1744.25,48.57
1433,13,2025-03-13,77.66,3.12,89.95,1919.95,65.26
1434,14,2025-03-13,71.73,3.86,74.54,2396.05,48.28
1435,15,2025-03-13,73.42,4.15,53.97,2071.82,43.69
1436,16,2025-03-13,78.89,6.61,84.3,2116.09,72.84
1437,17,2025-03-13,87.21,4.39,79.45,1735.39,65.24
1438,18,2025-03-13,86.01,5.34,76.92,2708.32,66.93
1439,19,2025-03-13,64.77,3.51,68.63,2386.53,41.39
1440,20,2025-03-13,84.79,6.1,89.09,1742.5,68.4
1441,1,2025-03-14,70.07,5.88,53.67,2667.52,39.51
1442,2,2025-03-14,76.79,3.27,57.52,1817.7,39.01
1443,3,2025-03-14,74.35,5.14,59.5,1907.91,53.45
1444,4,2025-03-14,82.73,4.65,68.94,1882.97,73.38
1445,5,2025-03-14,72.53,3.37,73.15,2048.09,69.15
1446,6,2025-03-14,63.72,3.14,85.24,2257.33,23.22
1447,7,2025-03-14,69.31,2.3,53.81,1974.56,70.27
1448,8,2025-03-14,58.68,4.71,44.1,1345.91,29.76
1449,9,2025-03-14,82.35,5.43,84.13,1793.56,65.99
1450,10,2025-03-14,76.33,4.51,71.92,2825.29,22.44
1451,11,2025-03-14,78.63,2.51,55.69,2283.92,31.82
1452,12,2025-03-14,66.18,5.23,60.8,2487.22,42.06
1453,13,2025-03-14,72.04,4.51,82.67,2334.73,59.69
1454,14,2025-03-14,55.35,5.96,84.21,1323.44,67.06
1455,15,2025-03-14,79.32,5.28,44.73,2175.56,70.12
1456,16,2025-03-14,71.77,2.92,85.72,2655.16,52.88
1457,17,2025-03-14,80.74,3.6,79.36,1407.53,43.32
1458,18,2025-03-14,86.17,4.34,73.68,2220.31,58.25
1459,19,2025-03-14,71.09,4.21,70.52,1465.69,66.79
1460,20,2025-03-14,89.53,7.69,96.89,2928.92,54.7
1461,1,2025-03-15,76.06,4.0,44.19,2933.11,32.1
1462,2,2025-03-15,81.23,3.32,62.45,2275.96,61.76
1463,3,2025-03-15,74.97,5.72,81.34,2060.4,57.19
1464,4,2025-03-15,90.19,5.28,77.72,1460.98,56.14
1465,5,2025-03-15,90.38,4.27,90.66,1310.73,46.7
1466,6,2025-03-15,84.9,2.85,43.67,1772.4,57.06
1467,7,2025-03-15,60.04,1.59,61.58,2696.63,23.49
1468,8,2025-03-15,57.46,1.61,76.49,2754.26,59.08
1469,9,2025-03-15,85.83,5.33,66.46,1887.85,67.47
1470,10,2025-03-15,72.42,5.58,42.98,2618.45,32.16
1471,11,2025-03-15,78.72,5.08,57.04,1974.85,56.2
1472,12,2025-03-15,70.15,4.03,82.31,1389.82,21.11
1473,13,2025-03-15,82.28,4.3,86.76,1568.91,47.51
1474,14,2025-03-15,77.64,5.21,79.63,1210.59,26.73
1475,15,2025-03-15,78.58,4.88,87.07,2801.92,62.28
1476,16,2025-03-15,62.6,4.74,80.36,2711.7,68.2
1477,17,2025-03-15,83.87,4.7,63.81,2486.36,59.14
1478,18,2025-03-15,81.85,5.9,85.37,2069.72,60.14
1479,19,2025-03-15,58.95,5.72,53.11,1917.07,52.68
1480,20,2025-03-15,80.46,6.47,80.43,1836.92,56.28
1481,1,2025-03-16,74.95,4.29,54.52,1846.36,71.15
1482,2,2025-03-16,86.51,4.29,66.43,2133.36,64.46
1483,3,2025-03-16,81.34,5.03,49.76,1372.31,71.6
1484,4,2025-03-16,92.41,6.2,73.63,2253.94,66.39
1485,5,2025-03-16,77.07,6.93,82.8,1715.89,56.45
1486,6,2025-03-16,76.57,3.0,40.39,1541.35,52.82
1487,7,2025-03-16,58.82,5.04,60.0,2187.1,70.46
1488,8,2025-03-16,83.69,3.74,68.4,2599.46,61.5
1489,9,2025-03-16,77.25,6.25,65.11,2624.08,57.21
1490,10,2025-03-16,72.22,4.63,56.48,2605.45,46.25
1491,11,2025-03-16,56.88,1.9,58.1,2728.6,38.67
1492,12,2025-03-16,59.51,4.13,85.41,2814.77,38.18
1493,13,2025-03-16,85.87,4.3,89.51,2455.26,56.16
1494,14,2025-03-16,62.27,1.63,75.89,1422.44,53.25
1495,15,2025-03-16,81.5,5.61,68.93,2849.55,68.9
1496,16,2025-03-16,61.79,1.55,80.72,2835.79,55.24
1497,17,2025-03-16,75.69,6.24,86.97,1974.8,72.75
1498,18,2025-03-16,87.16,5.81,71.63,1252.34,75.07
1499,19,2025-03-16,75.36,3.03,73.8,2402.26,39.72
1500,20,2025-03-16,56.28,4.41,59.14,2750.73,28.94
1501,1,2025-03-17,73.94,3.93,81.12,2337.16,52.02
1502,2,2025-03-17,85.75,5.98,83.79,2145.02,50.9
1503,3,2025-03-17,69.82,4.13,55.73,1731.77,30.21
1504,4,2025-03-17,74.18,2.01,45.84,2818.27,73.35
1505,5,2025-03-17,89.1,5.99,94.31,1949.55,65.93
1506,6,2025-03-17,69.15,1.04,53.1,1914.08,43.93
1507,7,2025-03-17,82.45,4.54,66.61,2172.6,73.34
1508,8,2025-03-17,73.58,5.18,79.23,2238.76,42.43
1509,9,2025-03-17,80.2,5.9,69.6,2330.77,52.04
1510,10,2025-03-17,75.97,5.29,81.52,1469.12,39.42
1511,11,2025-03-17,63.32,2.43,47.12,2619.22,52.86
1512,12,2025-03-17,82.28,3.71,62.35,2549.0,39.5
1513,13,2025-03-17,88.83,7.34,93.09,1582.97,63.74
1514,14,2025-03-17,55.75,1.23,50.3,2339.73,32.45
1515,15,2025-03-17,64.05,4.0,58.21,2480.59,58.56
1516,16,2025-03-17,79.41,4.58,71.34,2520.59,48.79
1517,17,2025-03-17,78.22,5.3,88.76,2405.07,62.07
1518,18,2025-03-17,84.62,6.23,81.89,2061.09,75.68
1519,19,2025-03-17,69.57,3.43,65.29,2534.52,53.33
1520,20,2025-03-17,84.42,4.66,83.92,2780.2,48.89
1521,1,2025-03-18,81.8,3.64,83.55,1986.9,51.86
1522,2,2025-03-18,88.92,3.95,79.0,1772.35,59.74
1523,3,2025-03-18,80.96,1.9,74.37,2169.78,26.65
1524,4,2025-03-18,79.87,2.06,82.82,1947.61,72.71
1525,5,2025-03-18,59.95,3.78,53.08,1992.66,43.47
1526,6,2025-03-18,76.25,2.08,50.3,2730.88,69.85
1527,7,2025-03-18,76.66,2.8,69.31,2709.35,51.35
1528,8,2025-03-18,79.78,4.35,73.0,2306.87,42.99
1529,9,2025-03-18,85.7,7.52,88.86,2513.63,80.58
1530,10,2025-03-18,87.17,3.98,66.63,2696.89,56.24
1531,11,2025-03-18,69.22,4.54,55.35,2478.58,71.59
1532,12,2025-03-18,81.14,5.45,79.42,2296.28,62.34
1533,13,2025-03-18,82.21,4.36,59.98,2142.8,43.17
1534,14,2025-03-18,67.3,5.55,59.69,2237.16,29.75
1535,15,2025-03-18,66.99,3.14,64.62,2078.61,51.24
1536,16,2025-03-18,65.83,3.79,43.6,2700.21,36.97
1537,17,2025-03-18,87.24,4.56,93.2,1466.29,64.31
1538,18,2025-03-18,75.48,3.02,76.85,2067.22,48.84
1539,19,2025-03-18,70.24,4.83,74.2,1871.1,52.74
1540,20,2025-03-18,77.31,3.15,56.53,2461.65,40.68
1541,1,2025-03-19,83.98,3.8,77.53,2370.6,61.47
1542,2,2025-03-19,82.34,4.95,65.39,2642.58,66.88
1543,3,2025-03-19,60.45,1.18,73.78,1412.71,64.05
1544,4,2025-03-19,77.85,3.29,61.62,1602.7,29.54
1545,5,2025-03-19,65.92,4.99,68.38,1989.9,28.7
1546,6,2025-03-19,63.01,2.82,89.21,1386.4,66.43
1547,7,2025-03-19,74.37,2.81,74.1,2312.51,28.63
1548,8,2025-03-19,86.07,3.89,71.29,2553.57,59.26
1549,9,2025-03-19,60.49,5.18,60.69,2670.88,52.24
1550,10,2025-03-19,79.6,5.1,81.0,2270.03,65.36
1551,11,2025-03-19,73.15,2.0,57.34,1881.3,73.25
1552,12,2025-03-19,85.19,5.47,66.9,1778.98,51.29
1553,13,2025-03-19,70.28,3.48,74.49,2635.04,60.59
1554,14,2025-03-19,78.95,4.68,65.91,2380.48,41.3
1555,15,2025-03-19,73.57,5.1,71.65,2950.4,60.95
1556,16,2025-03-19,65.47,5.21,80.46,1629.5,66.95
1557,17,2025-03-19,82.21,5.32,72.39,2490.42,27.13
1558,18,2025-03-19,69.77,4.26,79.53,1881.58,56.72
1559,19,2025-03-19,86.71,4.42,69.9,1910.74,73.39
1560,20,2025-03-19,75.49,3.32,79.91,1901.78,59.85
1561,1,2025-03-20,77.79,6.37,81.58,2483.01,54.79
1562,2,2025-03-20,88.3,5.78,75.83,2615.51,46.91
1563,3,2025-03-20,79.06,5.4,60.38,2129.75,67.81
1564,4,2025-03-20,68.56,3.91,50.3,2803.53,70.85
1565,5,2025-03-20,69.02,4.24,53.32,2970.21,63.38
1566,6,2025-03-20,82.02,5.32,77.28,1645.75,66.79
1567,7,2025-03-20,83.55,5.52,49.83,2610.82,54.06
1568,8,2025-03-20,76.65,3.91,92.24,2330.33,68.61
1569,9,2025-03-20,73.85,3.18,64.15,2159.98,57.51
1570,10,2025-03-20,81.34,4.7,80.78,2176.76,64.81
1571,11,2025-03-20,80.89,1.11,44.36,1652.9,68.92
1572,12,2025-03-20,79.42,4.49,76.26,2056.29,71.87
1573,13,2025-03-20,84.99,4.48,76.5,2593.15,56.38
1574,14,2025-03-20,69.43,4.18,85.72,2175.15,71.83
1575,15,2025-03-20,83.24,4.0,51.96,2493.8,70.73
1576,16,2025-03-20,80.88,3.85,46.37,2085.57,33.95
1577,17,2025-03-20,72.95,3.94,88.27,2927.92,25.63
1578,18,2025-03-20,82.8,6.17,89.41,1945.62,64.14
1579,19,2025-03-20,83.8,5.85,87.88,2800.36,53.71
1580,20,2025-03-20,86.2,5.43,69.06,1917.16,64.43
1581,1,2025-03-21,82.81,5.13,90.0,2119.76,52.75
1582,2,2025-03-21,58.88,1.92,42.89,1217.8,26.47
1583,3,2025-03-21,68.55,5.35,65.3,2625.35,63.22
1584,4,2025-03-21,79.11,2.28,76.97,1348.87,47.08
1585,5,2025-03-21,75.61,3.83,64.24,1464.5,54.06
1586,6,2025-03-21,77.27,2.08,50.0,1535.14,54.41
1587,7,2025-03-21,68.84,5.44,61.79,2720.53,65.37
1588,8,2025-03-21,77.67,6.16,73.95,2399.57,55.6
1589,9,2025-03-21,74.75,3.01,49.79,1238.4,53.02
1590,10,2025-03-21,91.69,5.62,78.25,2487.47,66.57
1591,11,2025-03-21,79.1,2.38,79.74,1308.22,29.9
1592,12,2025-03-21,82.55,3.61,93.0,1730.22,69.82
1593,13,2025-03-21,76.54,5.8,85.5,2312.27,63.43
1594,14,2025-03-21,56.66,3.64,46.22,2447.61,51.16
1595,15,2025-03-21,82.3,1.28,88.04,1735.18,35.83
1596,16,2025-03-21,68.45,5.58,57.95,2561.68,46.7
1597,17,2025-03-21,68.41,2.02,80.57,2894.11,28.27
1598,18,2025-03-21,86.25,5.64,87.48,1346.91,51.35
1599,19,2025-03-21,89.33,5.26,67.93,2742.03,52.22
1600,20,2025-03-21,82.91,5.91,79.73,2704.07,53.38
1601,1,2025-03-22,76.14,6.61,73.53,2410.53,53.52
1602,2,2025-03-22,55.45,4.54,54.71,2197.93,52.19
1603,3,2025-03-22,68.71,3.27,73.96,1824.53,38.97
1604,4,2025-03-22,67.4,3.66,66.9,2404.24,43.97
1605,5,2025-03-22,76.06,2.97,61.61,1980.04,53.66
1606,6,2025-03-22,73.83,5.67,53.58,2233.96,29.9
1607,7,2025-03-22,63.52,4.54,46.31,2125.77,28.16
1608,8,2025-03-22,81.42,6.92,77.37,2238.33,80.15
1609,9,2025-03-22,73.0,2.42,81.61,2224.54,60.55
1610,10,2025-03-22,82.44,7.05,77.02,2237.49,66.11
1611,11,2025-03-22,58.52,2.65,69.31,1818.31,21.64
1612,12,2025-03-22,77.04,5.59,87.85,1366.41,68.16
1613,13,2025-03-22,76.85,5.49,95.02,2843.87,50.51
1614,14,2025-03-22,82.19,4.18,42.47,1810.17,72.82
1615,15,2025-03-22,65.09,2.2,54.49,1840.16,72.99
1616,16,2025-03-22,81.63,2.82,61.76,1537.21,26.77
1617,17,2025-03-22,84.76,5.78,73.18,1566.37,63.69
1618,18,2025-03-22,90.12,7.28,74.62,2616.18,68.91
1619,19,2025-03-22,90.14,4.51,86.58,1223.4,79.13
1620,20,2025-03-22,83.5,4.22,75.58,1889.21,50.23
1621,1,2025-03-23,86.04,4.89,68.11,2761.28,63.69
1622,2,2025-03-23,75.38,5.9,41.67,1869.25,61.94
1623,3,2025-03-23,70.77,3.14,62.81,1705.65,61.06
1624,4,2025-03-23,80.97,5.52,72.36,2706.64,66.09
1625,5,2025-03-23,80.58,6.11,61.91,1634.9,69.79
1626,6,2025-03-23,57.98,4.78,78.65,1978.1,33.67
1627,7,2025-03-23,81.46,5.4,80.22,2530.47,49.9
1628,8,2025-03-23,82.28,4.74,89.02,1827.26,72.55
1629,9,2025-03-23,80.45,2.29,72.41,1549.42,57.63
1630,10,2025-03-23,59.99,3.47,81.02,1931.64,44.33
1631,11,2025-03-23,78.55,2.64,44.65,2447.5,46.09
1632,12,2025-03-23,88.84,6.0,77.77,1826.22,60.87
1633,13,2025-03-23,81.45,6.18,68.04,2463.68,66.57
1634,14,2025-03-23,63.37,5.71,71.33,2626.03,52.08
1635,15,2025-03-23,55.33,3.78,68.27,1875.06,62.11
1636,16,2025-03-23,72.67,2.95,73.38,2654.08,23.51
1637,17,2025-03-23,81.92,4.31,66.89,2711.61,51.71
1638,18,2025-03-23,87.9,6.95,90.39,1930.64,51.1
1639,19,2025-03-23,69.03,2.15,75.35,2592.37,22.93
1640,20,2025-03-23,82.1,4.68,93.7,3063.3,60.54
1641,1,2025-03-24,82.85,4.94,56.39,1893.08,64.0
1642,2,2025-03-24,81.68,4.38,62.47,1918.91,65.07
1643,3,2025-03-24,86.52,5.53,72.02,1431.52,44.45
1644,4,2025-03-24,85.65,4.48,80.42,1909.99,67.46
1645,5,2025-03-24,71.6,4.16,66.36,1571.4,49.97
1646,6,2025-03-24,75.55,3.16,52.5,2487.65,67.6
1647,7,2025-03-24,59.12,2.25,44.14,2233.99,51.44
1648,8,2025-03-24,70.83,4.35,72.87,2648.04,42.49
1649,9,2025-03-24,73.82,2.18,55.83,2733.99,37.57
1650,10,2025-03-24,75.92,5.38,81.84,2143.9,63.99
1651,11,2025-03-24,84.85,1.93,64.5,2263.88,59.42
1652,12,2025-03-24,78.38,1.64,50.22,1372.42,42.12
1653,13,2025-03-24,82.6,4.72,65.27,2946.98,60.52
1654,14,2025-03-24,69.73,1.19,47.56,2285.65,49.08
1655,15,2025-03-24,65.49,5.5,72.72,2700.23,36.25
1656,16,2025-03-24,79.96,3.03,70.91,1237.67,66.6
1657,17,2025-03-24,69.19,4.52,57.57,2316.79,25.26
1658,18,2025-03-24,58.39,2.45,55.83,2964.2,65.19
1659,19,2025-03-24,56.34,5.71,40.31,2071.16,60.24
1660,20,2025-03-24,87.81,5.09,68.58,2990.82,53.76
1661,1,2025-03-25,68.67,2.7,86.79,2681.59,26.06
1662,2,2025-03-25,84.95,2.2,81.72,1278.71,33.52
1663,3,2025-03-25,81.45,3.94,73.63,1774.7,49.66
1664,4,2025-03-25,88.26,4.17,83.46,1791.56,58.72
1665,5,2025-03-25,88.81,5.28,83.86,2220.0,49.23
1666,6,2025-03-25,82.1,5.23,85.88,2861.95,50.24
1667,7,2025-03-25,56.25,3.9,55.96,2922.48,62.49
1668,8,2025-03-25,84.14,1.42,66.13,2728.91,44.95
1669,9,2025-03-25,78.02,2.86,80.31,2550.87,64.02
1670,10,2025-03-25,82.46,3.58,67.04,2585.05,64.95
1671,11,2025-03-25,72.45,1.94,83.03,2471.27,32.5
1672,12,2025-03-25,59.44,1.88,74.17,1942.08,49.06
1673,13,2025-03-25,65.03,5.64,56.55,1398.66,21.35
1674,14,2025-03-25,78.66,4.95,58.8,2115.4,45.98
1675,15,2025-03-25,61.64,2.42,78.73,2502.13,32.33
1676,16,2025-03-25,73.88,2.37,80.01,1690.97,38.84
1677,17,2025-03-25,75.57,3.64,64.07,1460.88,39.97
1678,18,2025-03-25,79.85,4.73,62.04,1400.37,30.12
1679,19,2025-03-25,78.86,2.92,81.41,1738.15,62.09
1680,20,2025-03-25,71.65,5.56,75.67,2209.67,50.33
1681,1,2025-03-26,83.56,2.18,74.47,2213.05,21.68
1682,2,2025-03-26,76.04,5.91,74.28,2498.0,69.09
1683,3,2025-03-26,84.06,5.64,71.39,1939.32,70.88
1684,4,2025-03-26,81.43,5.75,71.64,2536.61,58.11
1685,5,2025-03-26,78.66,6.42,92.01,1428.51,75.06
1686,6,2025-03-26,66.06,3.88,59.6,2764.83,45.79
1687,7,2025-03-26,81.42,2.6,47.36,2895.23,30.03
1688,8,2025-03-26,58.32,4.31,48.01,1246.92,27.08
1689,9,2025-03-26,84.22,3.93,86.31,2082.7,38.79
1690,10,2025-03-26,87.53,5.41,60.47,2328.69,41.77
1691,11,2025-03-26,74.61,1.24,83.62,2990.39,47.48
1692,12,2025-03-26,67.19,1.84,41.21,2872.32,64.12
1693,13,2025-03-26,75.01,3.62,63.25,2083.71,47.27
1694,14,2025-03-26,68.61,4.38,69.12,2663.42,49.78
1695,15,2025-03-26,78.19,4.0,60.06,1981.23,73.03
1696,16,2025-03-26,76.02,5.56,79.27,1575.46,42.98
1697,17,2025-03-26,83.54,2.99,71.03,2434.85,61.33
1698,18,2025-03-26,63.47,3.65,73.51,1514.47,22.47
1699,19,2025-03-26,75.9,4.05,82.65,2232.37,55.67
1700,20,2025-03-26,83.68,4.92,89.02,1927.08,70.12
1701,1,2025-03-27,77.31,3.36,62.86,1949.15,50.7
1702,2,2025-03-27,65.52,4.87,82.12,2300.94,23.39
1703,3,2025-03-27,79.62,5.74,76.25,2249.42,77.37
1704,4,2025-03-27,76.67,4.36,72.55,1903.3,67.36
1705,5,2025-03-27,86.19,6.72,75.96,1781.79,52.58
1706,6,2025-03-27,63.3,3.74,64.55,2064.1,26.81
1707,7,2025-03-27,60.59,1.79,69.54,2396.02,30.83
1708,8,2025-03-27,77.38,1.61,51.54,2952.4,64.04
1709,9,2025-03-27,71.33,4.38,74.09,1334.59,61.75
1710,10,2025-03-27,84.87,6.02,62.54,2139.36,66.92
1711,11,2025-03-27,71.88,3.29,50.19,2846.33,56.81
1712,12,2025-03-27,61.35,4.2,50.32,1645.74,70.87
1713,13,2025-03-27,57.29,4.45,64.75,1256.98,52.32
1714,14,2025-03-27,84.91,3.12,61.83,1993.3,53.24
1715,15,2025-03-27,84.75,1.93,70.59,1554.74,51.71
1716,16,2025-03-27,76.32,5.53,60.13,1696.56,57.63
1717,17,2025-03-27,83.08,5.72,63.97,1434.4,68.37
1718,18,2025-03-27,72.79,2.3,49.65,1701.13,52.15
1719,19,2025-03-27,72.84,3.4,62.2,2271.22,68.76
1720,20,2025-03-27,76.76,6.33,80.15,2670.06,63.69
1721,1,2025-03-28,82.51,3.04,58.79,2020.4,59.64
1722,2,2025-03-28,80.11,2.43,86.65,2436.81,41.14
1723,3,2025-03-28,83.78,7.01,92.7,1385.42,59.01
1724,4,2025-03-28,90.22,6.23,72.49,2338.34,69.98
1725,5,2025-03-28,72.78,3.74,87.08,1961.97,52.17
1726,6,2025-03-28,74.86,3.09,79.81,1649.7,51.39
1727,7,2025-03-28,80.6,1.38,62.07,2991.38,39.66
1728,8,2025-03-28,66.74,2.69,43.73,2338.33,60.6
1729,9,2025-03-28,82.16,3.82,64.12,1500.16,69.81
1730,10,2025-03-28,78.57,5.7,71.4,1554.19,59.12
1731,11,2025-03-28,55.37,3.59,89.03,2275.11,70.66
1732,12,2025-03-28,64.86,3.16,77.95,1775.09,26.41
1733,13,2025-03-28,74.4,1.49,58.66,2052.2,29.37
1734,14,2025-03-28,71.71,5.53,65.26,2065.31,65.0
1735,15,2025-03-28,59.8,3.91,70.38,2106.8,35.96
1736,16,2025-03-28,76.98,4.09,73.24,2694.23,59.75
1737,17,2025-03-28,73.54,3.23,67.28,1472.09,42.3
1738,18,2025-03-28,82.07,4.23,75.09,1984.51,73.88
1739,19,2025-03-28,80.09,4.71,78.65,1480.27,65.41
1740,20,2025-03-28,85.46,6.53,95.89,1700.91,63.81
1741,1,2025-03-29,84.68,5.55,75.3,1440.35,58.59
1742,2,2025-03-29,61.53,2.8,81.44,2160.52,29.4
1743,3,2025-03-29,88.36,5.73,93.54,1719.84,65.98
1744,4,2025-03-29,60.22,2.97,81.68,2333.52,74.95
1745,5,2025-03-29,73.67,4.2,90.1,1633.57,52.68
1746,6,2025-03-29,68.45,2.92,55.55,1442.31,70.53
1747,7,2025-03-29,60.94,5.96,86.68,2389.22,61.32
1748,8,2025-03-29,69.8,4.53,84.99,2474.99,70.05
1749,9,2025-03-29,80.02,6.17,80.01,1479.46,57.95
1750,10,2025-03-29,86.45,4.63,67.68,2307.46,70.66
1751,11,2025-03-29,72.95,5.31,88.33,1460.35,63.91
1752,12,2025-03-29,79.93,3.18,64.89,2459.56,53.34
1753,13,2025-03-29,72.81,3.43,82.2,2554.42,72.44
1754,14,2025-03-29,83.78,5.58,70.59,2361.54,74.1
1755,15,2025-03-29,82.13,5.29,79.91,2312.87,52.18
1756,16,2025-03-29,87.51,5.55,90.11,2100.15,63.19
1757,17,2025-03-29,78.23,6.09,81.88,2220.5,54.86
1758,18,2025-03-29,56.71,1.03,63.46,2738.41,56.05
1759,19,2025-03-29,80.75,5.99,85.43,1834.51,67.02
1760,20,2025-03-29,78.44,5.55,92.62,1531.75,48.6
1761,1,2025-03-30,79.66,5.63,69.39,2312.71,53.74
1762,2,2025-03-30,58.02,5.09,81.22,2474.37,60.84
1763,3,2025-03-30,84.07,4.36,83.77,2811.41,71.3
1764,4,2025-03-30,67.32,2.54,45.36,1614.71,67.33
1765,5,2025-03-30,86.2,5.83,63.28,2328.29,58.29
1766,6,2025-03-30,82.65,1.71,51.86,1441.75,67.64
1767,7,2025-03-30,69.61,3.51,80.49,2763.08,72.68
1768,8,2025-03-30,84.79,1.99,87.79,2421.17,31.91
1769,9,2025-03-30,86.47,5.64,93.7,2634.72,62.65
1770,10,2025-03-30,90.9,6.01,91.62,2469.91,76.51
1771,11,2025-03-30,64.52,3.91,52.21,2741.93,69.01
1772,12,2025-03-30,71.13,4.66,66.42,2755.99,53.44
1773,13,2025-03-30,62.22,5.08,76.6,1801.79,73.41
1774,14,2025-03-30,90.43,3.99,90.26,2367.71,60.79
1775,15,2025-03-30,73.77,2.7,59.62,1456.69,55.46
1776,16,2025-03-30,75.49,5.35,81.56,2377.54,49.63
1777,17,2025-03-30,84.46,7.03,68.92,1241.46,57.16
1778,18,2025-03-30,61.39,2.02,55.27,1388.05,42.62
1779,19,2025-03-30,73.22,4.5,61.99,1628.78,53.74
1780,20,2025-03-30,83.8,3.28,55.17,1285.19,45.98
1781,1,2025-03-31,87.93,5.96,80.4,2704.79,60.76
1782,2,2025-03-31,69.67,4.97,43.84,2140.92,62.03
1783,3,2025-03-31,91.51,6.24,85.55,1982.0,76.24
1784,4,2025-03-31,80.94,2.09,64.02,2381.31,27.08
1785,5,2025-03-31,76.64,5.44,82.37,2290.69,58.95
1786,6,2025-03-31,63.25,1.58,52.65,1814.85,47.57
1787,7,2025-03-31,82.88,5.04,44.22,2525.78,45.09
1788,8,2025-03-31,76.73,2.4,66.93,2817.89,21.68
1789,9,2025-03-31,92.82,5.52,85.06,2012.01,79.34
1790,10,2025-03-31,70.3,4.1,85.36,1390.88,74.15
1791,11,2025-03-31,74.13,2.19,59.56,1452.38,39.89
1792,12,2025-03-31,73.96,3.53,64.15,2114.46,68.56
1793,13,2025-03-31,64.42,3.1,62.8,1452.49,23.0
1794,14,2025-03-31,84.77,6.5,81.72,1753.97,62.26
1795,15,2025-03-31,82.59,4.99,89.09,2161.97,57.31
1796,16,2025-03-31,82.83,7.78,84.76,2463.3,73.77
1797,17,2025-03-31,94.37,6.32,69.62,2007.2,61.01
1798,18,2025-03-31,73.56,3.47,88.5,2976.9,63.03
1799,19,2025-03-31,78.65,6.0,79.23,2437.36,81.16
1800,20,2025-03-31,84.57,3.76,60.44,1347.27,43.01
1801,1,2025-04-01,88.79,5.67,76.56,2214.01,64.01
1802,2,2025-04-01,57.46,5.03,88.98,2103.75,45.64
1803,3,2025-04-01,66.58,3.38,77.59,1739.25,50.53
1804,4,2025-04-01,80.2,4.3,78.63,2219.33,53.75
1805,5,2025-04-01,84.65,6.21,64.94,2342.59,76.79
1806,6,2025-04-01,58.03,3.32,71.22,2781.03,47.51
1807,7,2025-04-01,72.7,1.71,60.2,2232.5,35.6
1808,8,2025-04-01,55.67,5.28,46.06,2872.36,57.4
1809,9,2025-04-01,56.78,3.56,78.39,1719.14,27.47
1810,10,2025-04-01,57.51,2.32,57.86,1882.12,40.44
1811,11,2025-04-01,70.3,1.62,63.19,2270.42,69.36
1812,12,2025-04-01,77.71,4.47,74.17,2521.67,56.06
1813,13,2025-04-01,63.88,5.86,79.7,2607.68,38.18
1814,14,2025-04-01,77.11,6.15,66.03,1714.87,46.09
1815,15,2025-04-01,85.31,3.77,75.23,1996.04,42.49
1816,16,2025-04-01,86.28,6.58,69.96,2466.72,73.48
1817,17,2025-04-01,77.62,5.08,68.03,2405.59,37.38
1818,18,2025-04-01,67.73,1.62,60.47,2933.98,37.2
1819,19,2025-04-01,77.93,3.85,70.56,1686.24,27.79
1820,20,2025-04-01,78.76,1.43,53.76,2688.66,37.3
1821,1,2025-04-02,85.1,7.17,71.34,2495.18,47.87
1822,2,2025-04-02,80.55,3.9,82.6,1759.7,21.73
1823,3,2025-04-02,81.1,3.72,64.88,1419.6,60.61
1824,4,2025-04-02,65.0,4.22,65.4,1254.47,21.54
1825,5,2025-04-02,88.6,7.33,82.36,2726.84,60.65
1826,6,2025-04-02,62.78,4.95,54.73,1436.72,29.95
1827,7,2025-04-02,76.11,3.37,64.43,1655.6,62.82
1828,8,2025-04-02,63.2,2.95,79.72,1641.51,36.84
1829,9,2025-04-02,63.47,1.26,61.74,1895.76,49.26
1830,10,2025-04-02,70.33,1.68,54.88,1981.9,72.82
1831,11,2025-04-02,75.15,2.82,58.25,1574.21,45.45
1832,12,2025-04-02,78.39,6.67,81.71,2286.6,46.03
1833,13,2025-04-02,81.58,2.27,63.39,2747.47,33.93
1834,14,2025-04-02,90.47,5.27,83.69,2624.65,73.32
1835,15,2025-04-02,88.22,5.15,69.77,2123.83,71.01
1836,16,2025-04-02,77.54,4.95,66.16,2705.04,79.59
1837,17,2025-04-02,63.91,4.37,69.87,2881.96,34.23
1838,18,2025-04-02,63.02,1.77,67.84,1843.48,57.71
1839,19,2025-04-02,62.28,1.45,82.56,2264.75,34.55
1840,20,2025-04-02,67.42,2.31,86.32,1751.33,58.43
1841,1,2025-04-03,92.5,5.52,79.02,1813.21,55.37
1842,2,2025-04-03,63.64,4.64,72.94,1458.71,60.11
1843,3,2025-04-03,77.76,3.58,85.98,2152.18,69.08
1844,4,2025-04-03,69.27,1.51,60.43,2668.26,59.08
1845,5,2025-04-03,77.99,2.38,42.02,2511.12,41.42
1846,6,2025-04-03,74.91,1.5,48.17,1879.99,47.76
1847,7,2025-04-03,83.71,5.82,57.51,2887.9,58.9
1848,8,2025-04-03,79.14,3.66,70.16,1268.15,62.62
1849,9,2025-04-03,63.76,4.18,69.38,1505.47,72.05
1850,10,2025-04-03,70.78,4.59,46.74,2603.72,69.5
1851,11,2025-04-03,69.71,4.97,49.13,2324.91,37.51
1852,12,2025-04-03,81.05,4.95,89.43,2631.82,61.02
1853,13,2025-04-03,67.55,4.73,49.36,2684.77,38.96
1854,14,2025-04-03,73.26,4.1,68.36,2727.63,78.16
1855,15,2025-04-03,82.92,6.04,90.55,1701.24,57.46
1856,16,2025-04-03,83.04,5.07,81.4,1983.95,70.64
1857,17,2025-04-03,65.84,3.38,50.48,1619.29,44.71
1858,18,2025-04-03,79.89,2.14,89.12,2302.14,74.39
1859,19,2025-04-03,81.67,2.38,44.28,1760.41,38.69
1860,20,2025-04-03,81.81,4.84,74.22,2016.96,70.18
1861,1,2025-04-04,83.18,6.71,71.29,1501.2,60.89
1862,2,2025-04-04,71.82,4.14,44.27,1481.92,61.42
1863,3,2025-04-04,81.35,6.27,70.91,2407.64,64.64
1864,4,2025-04-04,61.29,5.06,80.53,2832.48,69.15
1865,5,2025-04-04,70.48,3.32,57.54,2028.44,44.5
1866,6,2025-04-04,73.63,1.99,49.83,2674.29,50.29
1867,7,2025-04-04,71.15,4.97,83.19,2794.78,35.57
1868,8,2025-04-04,57.01,2.68,48.47,2631.53,35.38
1869,9,2025-04-04,83.4,5.66,42.35,2123.83,50.04
1870,10,2025-04-04,69.81,2.75,75.03,2072.27,38.74
1871,11,2025-04-04,71.24,5.75,40.24,1809.8,61.42
1872,12,2025-04-04,78.42,6.76,70.02,1831.11,61.25
1873,13,2025-04-04,70.05,5.78,45.22,2840.29,35.84
1874,14,2025-04-04,84.96,7.3,84.43,2616.3,72.35
1875,15,2025-04-04,89.29,5.85,89.38,2037.52,65.09
1876,16,2025-04-04,67.77,5.39,87.38,2553.88,40.77
1877,17,2025-04-04,62.69,1.17,67.8,2421.81,56.96
1878,18,2025-04-04,78.44,4.62,77.87,1885.33,44.66
1879,19,2025-04-04,77.54,1.27,72.28,2887.03,45.18
1880,20,2025-04-04,59.54,3.14,87.48,2107.21,54.36
1881,1,2025-04-05,80.69,4.83,72.22,2687.44,49.28
1882,2,2025-04-05,67.93,2.33,73.79,2275.74,74.91
1883,3,2025-04-05,87.57,4.84,78.46,1173.48,62.43
1884,4,2025-04-05,65.34,5.01,81.9,1871.89,63.25
1885,5,2025-04-05,60.35,3.16,74.86,2261.08,61.63
1886,6,2025-04-05,80.01,4.87,87.02,1597.04,73.3
1887,7,2025-04-05,76.76,3.35,50.42,1816.12,47.3
1888,8,2025-04-05,59.23,2.95,64.19,1532.26,23.98
1889,9,2025-04-05,80.58,1.02,67.63,1814.54,56.29
1890,10,2025-04-05,80.88,2.74,69.35,1861.34,27.8
1891,11,2025-04-05,64.15,2.7,59.42,1235.5,51.92
1892,12,2025-04-05,78.53,5.27,83.77,1800.56,47.01
1893,13,2025-04-05,71.13,3.04,70.29,2456.01,31.3
1894,14,2025-04-05,72.28,3.05,65.94,1811.54,56.43
1895,15,2025-04-05,76.97,3.68,70.83,2423.38,74.89
1896,16,2025-04-05,68.31,4.6,62.06,2937.5,60.5
1897,17,2025-04-05,79.04,3.13,41.24,1690.24,40.75
1898,18,2025-04-05,82.77,3.44,88.64,2342.43,65.28
1899,19,2025-04-05,64.27,5.75,49.85,2207.67,24.53
1900,20,2025-04-05,76.85,5.13,85.16,1629.05,70.07
1901,1,2025-04-06,78.0,3.59,75.87,1623.96,56.02
1902,2,2025-04-06,80.68,2.67,79.68,1808.05,51.62
1903,3,2025-04-06,76.16,4.67,79.77,2110.85,65.63
1904,4,2025-04-06,73.99,1.68,75.69,2237.24,52.19
1905,5,2025-04-06,79.03,5.49,80.86,1486.59,37.27
1906,6,2025-04-06,78.56,1.07,74.93,1421.26,67.36
1907,7,2025-04-06,59.16,4.48,54.47,1691.59,48.13
1908,8,2025-04-06,82.69,2.76,62.67,2631.12,23.91
1909,9,2025-04-06,79.9,4.33,45.52,2911.11,55.74
1910,10,2025-04-06,66.4,1.04,55.78,2186.5,66.08
1911,11,2025-04-06,72.3,5.46,60.09,2673.83,37.06
1912,12,2025-04-06,68.21,3.0,86.03,2674.63,72.04
1913,13,2025-04-06,77.56,3.0,58.62,2052.9,43.82
1914,14,2025-04-06,75.89,5.8,69.04,2468.2,65.38
1915,15,2025-04-06,68.07,2.65,56.03,1533.08,47.01
1916,16,2025-04-06,56.86,3.87,66.86,2091.19,27.39
1917,17,2025-04-06,71.75,3.44,47.18,1849.07,60.72
1918,18,2025-04-06,70.85,3.39,69.4,2547.63,66.09
1919,19,2025-04-06,75.38,4.23,61.59,2434.03,21.91
1920,20,2025-04-06,66.4,3.39,55.26,2749.51,43.75
1921,1,2025-04-07,81.7,5.89,69.1,2006.54,65.56
1922,2,2025-04-07,71.43,3.07,82.33,2316.11,46.92
1923,3,2025-04-07,81.82,5.81,77.65,1248.45,56.87
1924,4,2025-04-07,83.09,2.73,75.38,2141.91,37.46
1925,5,2025-04-07,83.12,5.79,83.98,1559.49,47.59
1926,6,2025-04-07,76.38,1.44,52.08,1828.38,41.86
1927,7,2025-04-07,67.73,4.09,88.67,1645.4,74.29
1928,8,2025-04-07,79.24,3.71,80.28,1839.72,68.69
1929,9,2025-04-07,71.12,4.32,43.41,2375.99,70.79
1930,10,2025-04-07,72.29,5.1,74.89,2817.95,64.53
1931,11,2025-04-07,62.91,3.12,70.14,2340.88,43.15
1932,12,2025-04-07,83.47,3.96,59.67,2793.59,71.47
1933,13,2025-04-07,71.34,4.99,71.29,1665.87,59.1
1934,14,2025-04-07,86.65,5.85,92.48,1923.07,67.37
1935,15,2025-04-07,84.9,2.56,76.01,2416.97,27.0
1936,16,2025-04-07,55.27,3.7,73.02,1485.92,70.33
1937,17,2025-04-07,58.73,5.3,58.27,1335.42,22.28
1938,18,2025-04-07,75.44,5.63,72.66,1854.38,45.77
1939,19,2025-04-07,65.1,3.04,71.61,1624.48,31.67
1940,20,2025-04-07,75.34,1.18,47.78,1539.5,27.23
1941,1,2025-04-08,75.27,6.15,62.61,1980.34,75.71
1942,2,2025-04-08,82.85,3.75,63.51,1892.44,51.77
1943,3,2025-04-08,66.07,4.8,77.28,1582.24,67.69
1944,4,2025-04-08,82.59,4.94,83.21,2015.85,44.96
1945,5,2025-04-08,78.63,1.43,85.36,1221.64,46.63
1946,6,2025-04-08,75.08,1.87,73.88,2464.69,33.28
1947,7,2025-04-08,82.86,4.78,64.45,2333.28,32.13
1948,8,2025-04-08,68.08,2.72,62.04,1316.77,27.0
1949,9,2025-04-08,65.71,5.74,56.88,1757.97,70.97
1950,10,2025-04-08,73.79,3.22,70.8,2372.7,63.47
1951,11,2025-04-08,81.1,4.04,48.96,2474.04,65.77
1952,12,2025-04-08,83.85,2.73,86.69,1376.8,68.66
1953,13,2025-04-08,81.79,3.33,63.25,2531.68,58.12
1954,14,2025-04-08,75.02,4.9,86.02,1313.62,74.26
1955,15,2025-04-08,70.69,4.37,86.08,1759.07,47.97
1956,16,2025-04-08,82.6,5.74,80.1,1351.7,60.67
1957,17,2025-04-08,67.64,4.37,89.15,1260.47,70.94
1958,18,2025-04-08,80.17,5.87,65.68,2412.62,51.22
1959,19,2025-04-08,70.9,4.86,73.84,2198.82,42.2
1960,20,2025-04-08,82.7,1.04,42.82,2332.65,29.08
1961,1,2025-04-09,90.76,6.39,71.28,2591.14,75.94
1962,2,2025-04-09,81.14,3.81,68.28,1736.78,42.27
1963,3,2025-04-09,56.8,3.11,71.71,1452.92,48.3
1964,4,2025-04-09,83.02,4.13,68.01,2096.26,44.71
1965,5,2025-04-09,83.92,4.27,52.07,1693.59,43.16
1966,6,2025-04-09,61.5,1.92,54.35,1881.37,55.67
1967,7,2025-04-09,83.24,4.93,85.06,1892.72,58.95
1968,8,2025-04-09,74.48,3.37,59.17,1941.79,62.44
1969,9,2025-04-09,72.07,2.93,75.18,2219.38,70.22
1970,10,2025-04-09,77.4,3.23,79.95,2761.28,54.07
1971,11,2025-04-09,60.47,5.22,76.84,2128.51,55.06
1972,12,2025-04-09,57.65,3.82,49.2,2797.14,37.93
1973,13,2025-04-09,81.75,4.55,71.64,1923.56,55.6
1974,14,2025-04-09,77.96,6.78,67.29,2087.68,54.36
1975,15,2025-04-09,71.29,3.11,64.57,1686.55,59.72
1976,16,2025-04-09,59.99,4.19,41.65,2489.34,57.05
1977,17,2025-04-09,83.33,2.53,59.71,1439.56,34.32
1978,18,2025-04-09,81.92,6.16,75.33,2670.31,77.24
1979,19,2025-04-09,79.73,3.98,59.91,1944.79,48.19
1980,20,2025-04-09,66.76,4.04,74.39,1599.57,71.11
1981,1,2025-04-10,87.56,5.34,78.78,2752.02,69.42
1982,2,2025-04-10,78.76,4.88,68.05,1598.27,65.71
1983,3,2025-04-10,79.22,4.89,56.37,2521.94,28.74
1984,4,2025-04-10,75.03,5.39,88.54,2147.73,71.23
1985,5,2025-04-10,63.11,1.88,79.05,2423.89,33.93
1986,6,2025-04-10,62.54,5.39,61.52,1915.96,22.53
1987,7,2025-04-10,70.63,4.58,59.99,1932.44,45.25
1988,8,2025-04-10,75.12,4.28,73.37,2708.12,47.93
1989,9,2025-04-10,70.49,3.16,79.6,2230.12,66.03
1990,10,2025-04-10,77.82,4.0,63.23,2234.49,48.35
1991,11,2025-04-10,62.43,1.14,59.75,2534.16,34.73
1992,12,2025-04-10,67.62,1.34,46.76,2698.64,70.51
1993,13,2025-04-10,79.66,6.19,90.87,1513.66,67.93
1994,14,2025-04-10,87.06,5.15,74.23,2096.38,49.5
1995,15,2025-04-10,70.17,5.47,81.87,1573.6,57.86
1996,16,2025-04-10,60.04,1.23,52.22,2188.68,70.33
1997,17,2025-04-10,69.52,1.17,45.62,2320.37,53.24
1998,18,2025-04-10,93.95,5.07,79.82,2803.91,52.4
1999,19,2025-04-10,81.85,5.1,62.19,2719.22,69.31
2000,20,2025-04-10,60.22,2.47,55.45,1629.22,74.52
2001,1,2025-04-11,87.81,6.15,91.13,2288.96,63.11
2002,2,2025-04-11,88.76,6.33,65.08,1958.08,46.75
2003,3,2025-04-11,56.4,2.19,89.56,2494.19,20.53
2004,4,2025-04-11,87.55,4.11,77.06,2439.42,56.02
2005,5,2025-04-11,55.75,5.31,83.52,1586.45,34.59
2006,6,2025-04-11,57.28,2.17,74.16,2557.44,30.28
2007,7,2025-04-11,76.51,3.67,85.22,1537.38,59.32
2008,8,2025-04-11,73.7,5.16,72.06,1619.36,53.48
2009,9,2025-04-11,69.95,5.57,80.37,1609.54,43.52
2010,10,2025-04-11,75.63,4.32,77.89,1409.28,59.94
2011,11,2025-04-11,75.57,5.66,56.9,2353.29,21.27
2012,12,2025-04-11,83.36,1.06,79.6,1339.69,48.7
2013,13,2025-04-11,84.22,4.78,84.59,1673.2,61.52
2014,14,2025-04-11,69.68,1.31,79.08,2107.57,43.99
2015,15,2025-04-11,80.11,3.54,66.48,1938.35,49.77
2016,16,2025-04-11,83.01,2.16,56.38,2812.44,24.63
2017,17,2025-04-11,82.08,3.21,62.73,2270.9,44.35
2018,18,2025-04-11,82.9,1.69,49.37,1246.44,66.57
2019,19,2025-04-11,79.68,3.24,82.37,1481.66,72.43
2020,20,2025-04-11,71.02,1.36,70.9,1271.17,21.62
2021,1,2025-04-12,80.56,4.87,87.96,2580.44,48.22
2022,2,2025-04-12,76.19,6.56,92.7,2716.61,79.87
2023,3,2025-04-12,57.69,5.47,79.27,1658.31,23.08
2024,4,2025-04-12,85.85,4.56,85.96,2238.19,46.2
2025,5,2025-04-12,58.73,5.98,87.44,1693.87,69.98
2026,6,2025-04-12,75.96,3.5,74.76,2036.5,42.89
2027,7,2025-04-12,73.73,3.85,82.09,1315.93,45.96
2028,8,2025-04-12,78.4,5.13,82.48,2704.23,58.81
2029,9,2025-04-12,87.64,3.99,64.67,1698.99,61.4
2030,10,2025-04-12,90.72,5.8,73.27,1905.45,69.11
2031,11,2025-04-12,84.35,5.79,70.97,2777.53,30.46
2032,12,2025-04-12,73.86,2.7,63.63,2432.03,20.87
2033,13,2025-04-12,85.07,6.92,81.52,2121.48,70.21
2034,14,2025-04-12,66.52,3.67,53.33,2419.19,33.67
2035,15,2025-04-12,81.55,6.27,74.67,2270.47,63.45
2036,16,2025-04-12,67.16,4.95,47.78,1648.07,73.53
2037,17,2025-04-12,81.0,5.15,82.84,2810.92,71.65
2038,18,2025-04-12,73.92,1.28,45.22,1963.43,33.52
2039,19,2025-04-12,84.47,5.6,75.39,1852.11,59.39
2040,20,2025-04-12,67.47,3.01,79.99,2150.72,43.08
2041,1,2025-04-13,81.39,3.7,64.5,2427.26,64.3
2042,2,2025-04-13,61.1,5.36,86.7,1351.29,25.79
2043,3,2025-04-13,65.19,5.45,53.25,2984.93,38.28
2044,4,2025-04-13,83.62,6.69,79.6,2759.78,59.26
2045,5,2025-04-13,81.98,1.37,71.2,1421.43,70.04
2046,6,2025-04-13,63.19,3.46,70.52,2823.74,56.33
2047,7,2025-04-13,78.13,6.77,68.12,1543.22,73.78
2048,8,2025-04-13,87.32,5.94,75.79,1393.66,48.35
2049,9,2025-04-13,85.88,5.22,76.25,2843.44,47.65
2050,10,2025-04-13,90.16,5.52,93.11,1852.66,60.13
2051,11,2025-04-13,83.5,4.71,66.75,2425.0,73.82
2052,12,2025-04-13,83.19,2.54,77.24,2978.01,54.96
2053,13,2025-04-13,92.45,4.46,88.03,2329.89,77.21
2054,14,2025-04-13,62.27,3.23,55.48,1384.39,64.66
2055,15,2025-04-13,89.53,5.69,94.3,1645.43,52.52
2056,16,2025-04-13,68.13,2.75,40.45,1393.47,29.06
2057,17,2025-04-13,55.07,4.64,49.55,1947.57,20.09
2058,18,2025-04-13,62.63,1.26,85.52,2065.08,50.69
2059,19,2025-04-13,88.43,6.91,78.56,1842.43,48.73
2060,20,2025-04-13,57.4,4.74,70.85,1731.64,40.46
2061,1,2025-04-14,82.8,5.04,83.22,2108.74,45.44
2062,2,2025-04-14,74.42,2.43,53.91,1685.44,34.16
2063,3,2025-04-14,55.42,3.38,82.11,1505.24,58.81
2064,4,2025-04-14,84.6,6.51,77.68,2572.69,71.64
2065,5,2025-04-14,63.2,5.88,72.98,2455.55,31.73
2066,6,2025-04-14,77.61,3.45,78.24,2106.92,52.62
2067,7,2025-04-14,73.96,5.55,90.33,2413.45,57.01
2068,8,2025-04-14,80.38,4.34,84.39,2039.55,73.73
2069,9,2025-04-14,74.86,4.83,73.85,1514.5,61.62
2070,10,2025-04-14,84.58,6.6,76.57,2591.44,63.13
2071,11,2025-04-14,64.8,1.41,48.57,1302.49,47.52
2072,12,2025-04-14,58.89,1.83,46.84,1759.44,56.05
2073,13,2025-04-14,82.45,3.63,83.82,1435.18,35.26
2074,14,2025-04-14,72.47,1.3,57.45,2615.12,54.83
2075,15,2025-04-14,80.71,5.81,85.52,2195.35,63.1
2076,16,2025-04-14,68.42,5.47,86.06,2867.77,62.54
2077,17,2025-04-14,72.4,3.87,73.7,2440.19,59.4
2078,18,2025-04-14,60.11,5.72,86.91,2540.05,65.62
2079,19,2025-04-14,84.89,6.59,88.43,2728.47,76.45
2080,20,2025-04-14,74.04,1.88,53.69,2434.17,66.61
2081,1,2025-04-15,77.96,3.75,75.36,2349.39,58.39
2082,2,2025-04-15,79.6,4.32,56.97,1268.49,20.05
2083,3,2025-04-15,71.81,4.8,57.12,2486.1,71.77
2084,4,2025-04-15,72.81,4.93,68.56,2074.54,69.58
2085,5,2025-04-15,73.25,3.41,75.27,1800.68,53.83
2086,6,2025-04-15,67.52,2.56,76.15,2546.11,21.2
2087,7,2025-04-15,76.14,4.86,75.33,1525.77,64.91
2088,8,2025-04-15,83.76,6.85,99.15,1466.99,63.1
2089,9,2025-04-15,87.11,5.85,86.31,2034.54,71.52
2090,10,2025-04-15,78.93,4.96,84.25,2569.28,48.43
2091,11,2025-04-15,55.48,4.02,49.96,1600.53,70.08
2092,12,2025-04-15,71.21,4.66,74.21,1320.27,51.92
2093,13,2025-04-15,82.89,3.43,88.82,2877.24,47.43
2094,14,2025-04-15,68.73,3.32,52.01,1948.87,62.09
2095,15,2025-04-15,78.39,4.38,86.97,2661.03,63.72
2096,16,2025-04-15,75.87,2.01,78.58,2499.45,25.93
2097,17,2025-04-15,68.8,3.27,65.09,2198.62,43.89
2098,18,2025-04-15,60.66,5.73,44.11,1857.4,60.99
2099,19,2025-04-15,72.12,4.56,83.39,1525.68,55.68
2100,20,2025-04-15,67.68,2.93,54.07,1391.02,54.77
2101,1,2025-04-16,74.5,4.35,73.11,2902.2,72.7
2102,2,2025-04-16,62.34,5.94,73.05,2015.7,68.33
2103,3,2025-04-16,81.74,3.27,42.73,2249.64,22.95
2104,4,2025-04-16,80.19,5.76,78.9,2519.23,52.78
2105,5,2025-04-16,68.62,4.84,48.04,2183.16,49.54
2106,6,2025-04-16,70.92,4.83,70.13,1352.34,56.84
2107,7,2025-04-16,84.01,6.1,69.42,2300.32,59.97
2108,8,2025-04-16,76.01,2.38,81.81,1908.45,74.99
2109,9,2025-04-16,92.57,6.45,87.78,2088.93,58.83
2110,10,2025-04-16,84.35,5.39,76.87,1876.23,49.61
2111,11,2025-04-16,64.91,3.47,40.47,1324.43,52.34
2112,12,2025-04-16,77.86,4.0,57.33,1281.09,69.13
2113,13,2025-04-16,64.04,3.26,42.17,2879.97,57.35
2114,14,2025-04-16,61.86,3.45,77.94,2915.5,69.7
2115,15,2025-04-16,87.23,5.56,84.78,2246.15,47.65
2116,16,2025-04-16,62.24,4.51,61.17,2411.26,25.82
2117,17,2025-04-16,71.8,3.1,79.38,2409.66,49.39
2118,18,2025-04-16,80.29,3.44,54.43,1522.53,47.66
2119,19,2025-04-16,88.23,6.18,84.16,2594.14,45.45
2120,20,2025-04-16,56.57,5.54,59.56,2883.97,23.86
2121,1,2025-04-17,78.82,5.77,75.27,2560.74,78.08
2122,2,2025-04-17,84.41,3.83,61.03,2543.28,41.34
2123,3,2025-04-17,67.22,1.07,68.43,1866.89,26.57
2124,4,2025-04-17,79.56,3.48,73.53,1566.63,52.28
2125,5,2025-04-17,59.46,2.97,60.2,2268.23,24.48
2126,6,2025-04-17,59.36,4.55,85.18,2011.89,60.65
2127,7,2025-04-17,77.75,5.46,75.37,2175.89,59.4
2128,8,2025-04-17,67.25,1.99,68.58,2873.49,23.22
2129,9,2025-04-17,79.52,4.98,85.94,1839.83,76.73
2130,10,2025-04-17,67.66,1.67,40.22,1416.9,46.55
2131,11,2025-04-17,67.16,5.58,78.31,1399.07,41.47
2132,12,2025-04-17,84.19,4.77,44.52,2685.89,67.42
2133,13,2025-04-17,62.31,5.98,72.58,2706.34,39.96
2134,14,2025-04-17,65.38,5.06,40.22,2618.61,29.56
2135,15,2025-04-17,73.03,5.14,86.91,1995.4,58.82
2136,16,2025-04-17,70.63,5.0,40.09,1736.34,20.46
2137,17,2025-04-17,86.26,5.8,66.54,1685.24,48.48
2138,18,2025-04-17,80.95,5.93,50.35,2628.85,27.0
2139,19,2025-04-17,86.41,6.0,80.87,1844.42,71.04
2140,20,2025-04-17,75.6,3.15,81.21,2466.42,52.05
2141,1,2025-04-18,85.52,7.18,79.92,2407.99,46.38
2142,2,2025-04-18,74.68,1.82,78.11,2039.94,63.73
2143,3,2025-04-18,55.9,5.7,71.88,1963.02,41.63
2144,4,2025-04-18,80.47,5.62,79.18,1847.54,55.62
2145,5,2025-04-18,65.09,1.96,88.86,2084.4,22.71
2146,6,2025-04-18,60.19,4.32,53.9,2987.71,65.79
2147,7,2025-04-18,79.99,5.47,86.28,1492.89,58.47
2148,8,2025-04-18,68.45,4.44,60.73,2694.84,52.01
2149,9,2025-04-18,65.27,5.07,81.42,2516.85,23.0
2150,10,2025-04-18,67.08,3.27,43.08,2621.44,26.92
2151,11,2025-04-18,80.74,2.99,47.59,2728.59,54.24
2152,12,2025-04-18,78.86,4.02,65.02,1487.95,59.78
2153,13,2025-04-18,83.69,2.19,65.14,1504.65,20.22
2154,14,2025-04-18,76.39,2.64,53.83,2040.25,47.32
2155,15,2025-04-18,78.1,5.28,91.8,2321.17,73.73
2156,16,2025-04-18,59.02,5.73,77.54,1395.34,51.21
2157,17,2025-04-18,77.44,6.69,65.71,1485.92,71.96
2158,18,2025-04-18,63.9,4.35,77.23,1660.85,67.21
2159,19,2025-04-18,83.93,7.41,69.45,2707.61,62.04
2160,20,2025-04-18,55.49,4.68,84.08,1261.13,69.21
2161,1,2025-04-19,91.65,6.5,88.95,1394.11,75.64
2162,2,2025-04-19,78.53,2.82,86.79,2264.07,30.35
2163,3,2025-04-19,79.21,5.62,68.96,1712.6,28.48
2164,4,2025-04-19,81.81,4.7,84.46,2383.3,52.84
2165,5,2025-04-19,69.03,2.5,63.48,1744.51,39.53
2166,6,2025-04-19,55.34,5.56,70.89,1912.83,46.22
2167,7,2025-04-19,90.77,6.72,76.94,1584.58,73.55
2168,8,2025-04-19,74.75,2.68,56.62,2599.0,46.27
2169,9,2025-04-19,60.81,3.04,63.92,1771.76,41.51
2170,10,2025-04-19,68.52,4.01,43.79,1652.26,52.83
2171,11,2025-04-19,72.71,4.71,57.09,2977.92,69.18
2172,12,2025-04-19,74.61,3.48,88.35,2493.63,22.75
2173,13,2025-04-19,65.61,5.84,61.44,1424.12,66.74
2174,14,2025-04-19,64.92,5.91,46.83,2261.63,29.69
2175,15,2025-04-19,82.27,3.8,82.4,2373.7,54.2
2176,16,2025-04-19,80.48,4.9,59.31,2697.57,53.46
2177,17,2025-04-19,83.56,3.9,79.59,2365.51,54.2
2178,18,2025-04-19,64.61,2.96,85.88,2476.37,54.69
2179,19,2025-04-19,87.08,7.29,73.98,2795.31,55.4
2180,20,2025-04-19,72.23,2.59,68.76,2096.06,48.8
2181,1,2025-04-20,59.3,2.01,40.66,1728.83,71.29
2182,2,2025-04-20,71.25,2.27,79.65,1515.26,54.66
2183,3,2025-04-20,58.11,5.83,69.15,1275.33,61.56
2184,4,2025-04-20,88.38,4.34,84.83,2425.43,64.7
2185,5,2025-04-20,81.3,4.84,62.59,2429.47,68.59
2186,6,2025-04-20,67.91,5.97,59.36,1497.57,60.04
2187,7,2025-04-20,84.73,7.06,75.7,1937.01,70.11
2188,8,2025-04-20,75.66,4.04,78.67,2141.37,50.54
2189,9,2025-04-20,77.69,4.32,71.68,2770.68,65.04
2190,10,2025-04-20,76.17,1.9,77.61,1636.24,29.18
2191,11,2025-04-20,55.13,1.61,86.67,2206.63,50.3
2192,12,2025-04-20,58.52,2.12,83.36,1339.82,45.84
2193,13,2025-04-20,67.45,2.71,81.46,1930.79,44.88
2194,14,2025-04-20,57.14,1.68,75.22,2772.94,56.57
2195,15,2025-04-20,78.17,3.05,87.68,2758.77,64.56
2196,16,2025-04-20,65.73,4.12,85.41,1628.81,65.98
2197,17,2025-04-20,76.63,5.84,72.43,1819.38,68.45
2198,18,2025-04-20,66.34,2.71,84.02,1315.46,70.79
2199,19,2025-04-20,73.52,4.08,69.58,1778.62,49.06
2200,20,2025-04-20,68.3,2.5,80.34,2420.26,72.2
2201,1,2025-04-21,70.55,1.73,82.8,1451.09,43.06
2202,2,2025-04-21,80.31,4.02,88.36,2472.95,64.9
2203,3,2025-04-21,65.96,1.52,86.27,2674.08,37.31
2204,4,2025-04-21,67.98,5.47,79.37,2178.2,38.94
2205,5,2025-04-21,74.96,5.28,60.65,2400.7,66.96
2206,6,2025-04-21,84.12,3.72,65.2,1577.13,23.72
2207,7,2025-04-21,72.49,2.3,56.18,1308.96,61.77
2208,8,2025-04-21,76.32,3.41,69.64,1792.57,47.4
2209,9,2025-04-21,71.21,1.75,55.03,2948.82,39.78
2210,10,2025-04-21,63.37,2.61,42.68,1338.83,67.5
2211,11,2025-04-21,81.21,4.61,82.66,2889.42,55.09
2212,12,2025-04-21,67.07,3.68,40.38,2351.71,64.23
2213,13,2025-04-21,83.85,5.98,76.95,2834.39,45.52
2214,14,2025-04-21,66.33,4.33,77.37,1901.43,28.84
2215,15,2025-04-21,87.13,5.37,76.4,2163.3,51.21
2216,16,2025-04-21,61.47,3.35,50.46,2201.72,55.83
2217,17,2025-04-21,63.37,3.8,62.2,2766.47,30.2
2218,18,2025-04-21,70.8,3.85,83.39,2852.41,63.81
2219,19,2025-04-21,72.93,5.75,85.14,2766.93,46.7
2220,20,2025-04-21,55.03,5.7,89.94,1905.16,39.17
2221,1,2025-04-22,75.56,2.25,76.62,2840.58,39.83
2222,2,2025-04-22,65.25,2.39,82.17,2303.25,37.51
2223,3,2025-04-22,81.93,5.44,85.82,1353.97,62.12
2224,4,2025-04-22,56.53,2.16,60.12,1250.38,69.75
2225,5,2025-04-22,72.78,4.75,71.1,1810.4,68.24
2226,6,2025-04-22,66.41,3.22,61.33,2627.77,52.13
2227,7,2025-04-22,68.1,1.7,49.73,2603.03,63.66
2228,8,2025-04-22,72.02,5.93,77.2,2628.71,54.15
2229,9,2025-04-22,75.4,5.12,87.16,1514.71,21.12
2230,10,2025-04-22,60.1,2.81,61.97,2137.2,63.53
2231,11,2025-04-22,77.36,5.18,68.01,1634.94,53.61
2232,12,2025-04-22,58.09,1.79,59.71,2805.89,48.28
2233,13,2025-04-22,55.43,5.72,75.05,1929.41,53.48
2234,14,2025-04-22,70.47,5.05,79.14,2401.48,35.47
2235,15,2025-04-22,72.47,6.02,89.85,2691.73,49.68
2236,16,2025-04-22,76.4,4.45,59.41,1622.76,40.64
2237,17,2025-04-22,60.37,4.76,47.18,1693.42,66.04
2238,18,2025-04-22,64.18,2.45,40.13,2344.19,44.95
2239,19,2025-04-22,88.03,4.37,77.12,2626.09,59.07
2240,20,2025-04-22,57.39,2.91,89.12,1946.23,22.41
2241,1,2025-04-23,74.79,1.3,83.32,2803.82,36.29
2242,2,2025-04-23,72.73,4.19,62.11,2302.47,38.45
2243,3,2025-04-23,70.33,4.17,45.3,2681.09,40.89
2244,4,2025-04-23,79.62,5.51,53.87,2935.93,42.9
2245,5,2025-04-23,83.7,5.0,88.03,2763.38,55.46
2246,6,2025-04-23,60.33,4.42,47.64,1580.63,48.87
2247,7,2025-04-23,60.85,2.33,52.71,2703.83,45.35
2248,8,2025-04-23,87.07,3.81,68.44,1305.51,68.98
2249,9,2025-04-23,74.16,4.75,82.03,1980.7,25.19
2250,10,2025-04-23,75.54,2.98,60.57,1764.11,46.3
2251,11,2025-04-23,81.35,5.58,78.72,2397.37,40.27
2252,12,2025-04-23,70.23,4.36,67.44,1841.77,55.95
2253,13,2025-04-23,56.43,3.93,89.97,1837.59,26.09
2254,14,2025-04-23,68.21,2.96,40.18,2949.94,28.69
2255,15,2025-04-23,83.04,7.34,87.5,1846.64,59.8
2256,16,2025-04-23,56.9,5.44,54.77,1297.52,65.01
2257,17,2025-04-23,77.98,2.53,71.33,2568.55,43.95
2258,18,2025-04-23,82.72,4.69,86.01,1738.99,47.37
2259,19,2025-04-23,81.78,6.36,74.03,1910.18,62.4
2260,20,2025-04-23,79.63,2.44,60.57,1642.43,27.04
2261,1,2025-04-24,74.47,3.58,80.61,1798.86,23.15
2262,2,2025-04-24,79.9,5.69,65.56,2092.04,25.82
2263,3,2025-04-24,72.54,5.18,45.9,1425.46,31.63
2264,4,2025-04-24,69.65,1.52,70.71,2069.94,35.89
2265,5,2025-04-24,83.41,6.01,78.91,1880.55,50.54
2266,6,2025-04-24,65.7,3.64,84.48,2438.05,70.34
2267,7,2025-04-24,70.9,2.65,86.67,2557.76,46.34
2268,8,2025-04-24,88.21,5.74,76.45,1664.65,59.89
2269,9,2025-04-24,69.1,1.52,40.33,1390.12,20.09
2270,10,2025-04-24,75.72,4.12,82.76,2235.69,56.63
2271,11,2025-04-24,72.73,4.12,64.35,2386.92,53.09
2272,12,2025-04-24,82.54,3.09,54.48,2206.06,22.82
2273,13,2025-04-24,74.99,1.49,49.81,2045.78,23.82
2274,14,2025-04-24,64.45,2.31,72.38,1320.7,38.61
2275,15,2025-04-24,86.61,5.3,93.01,1916.58,81.32
2276,16,2025-04-24,65.74,4.0,46.78,2456.74,66.71
2277,17,2025-04-24,69.12,5.57,76.41,2002.53,59.09
2278,18,2025-04-24,69.78,4.62,68.38,1779.16,59.89
2279,19,2025-04-24,86.6,6.81,68.95,1783.06,59.93
2280,20,2025-04-24,73.5,4.15,63.52,2444.85,43.43
2281,1,2025-04-25,66.91,5.07,83.99,1490.32,62.41
2282,2,2025-04-25,79.31,4.53,64.85,2790.58,43.61
2283,3,2025-04-25,74.17,5.45,41.58,2739.88,70.15
2284,4,2025-04-25,79.15,5.49,65.14,2627.39,45.1
2285,5,2025-04-25,81.13,7.11,80.99,1822.2,54.42
2286,6,2025-04-25,77.9,1.59,53.18,2746.22,44.18
2287,7,2025-04-25,71.68,4.57,62.46,2843.24,71.75
2288,8,2025-04-25,84.4,6.63,71.78,2638.22,57.03
2289,9,2025-04-25,77.74,4.12,82.39,2116.0,70.15
2290,10,2025-04-25,72.71,4.91,84.88,2021.74,63.06
2291,11,2025-04-25,80.24,4.51,69.2,1771.63,53.91
2292,12,2025-04-25,64.63,3.83,88.55,1239.24,65.19
2293,13,2025-04-25,68.06,4.11,52.77,2185.39,70.71
2294,14,2025-04-25,57.86,4.75,40.11,1306.4,60.38
2295,15,2025-04-25,73.24,4.77,88.92,1432.69,71.5
2296,16,2025-04-25,79.73,2.82,78.54,2202.71,47.47
2297,17,2025-04-25,73.42,5.2,77.55,2581.73,67.78
2298,18,2025-04-25,83.63,4.94,84.03,2500.12,50.7
2299,19,2025-04-25,84.63,5.94,97.02,2736.18,60.2
2300,20,2025-04-25,69.5,3.3,78.87,2310.55,53.07
2301,1,2025-04-26,76.06,3.27,80.53,1750.15,38.63
2302,2,2025-04-26,82.74,2.75,87.7,1305.97,36.14
2303,3,2025-04-26,69.64,4.45,70.24,2437.04,39.97
2304,4,2025-04-26,68.44,5.96,76.75,2043.68,44.15
2305,5,2025-04-26,74.51,3.26,81.8,2272.01,64.84
2306,6,2025-04-26,75.63,2.05,67.39,1381.25,69.96
2307,7,2025-04-26,67.22,2.99,86.65,1502.31,68.61
2308,8,2025-04-26,74.47,5.04,77.52,1508.36,64.56
2309,9,2025-04-26,63.18,3.41,56.77,1297.52,35.55
2310,10,2025-04-26,86.68,5.24,61.73,2224.81,69.79
2311,11,2025-04-26,85.74,5.55,89.21,1503.23,73.48
2312,12,2025-04-26,80.95,1.77,78.54,1299.76,64.77
2313,13,2025-04-26,67.96,3.2,60.3,1781.35,56.08
2314,14,2025-04-26,64.73,4.68,48.94,1482.19,73.44
2315,15,2025-04-26,78.23,6.89,76.11,2723.41,57.23
2316,16,2025-04-26,76.66,4.25,87.6,2725.62,44.1
2317,17,2025-04-26,84.28,5.35,80.72,2032.52,45.35
2318,18,2025-04-26,73.11,6.32,72.52,2092.61,61.54
2319,19,2025-04-26,71.86,3.66,84.47,1680.49,25.09
2320,20,2025-04-26,82.44,5.13,86.05,2271.8,68.63
2321,1,2025-04-27,75.57,4.19,60.33,1711.57,41.55
2322,2,2025-04-27,79.01,5.76,83.63,2004.12,72.37
2323,3,2025-04-27,69.57,4.14,75.36,2503.69,62.7
2324,4,2025-04-27,81.05,5.04,56.71,2363.46,56.8
2325,5,2025-04-27,81.88,5.27,89.38,1435.74,53.84
2326,6,2025-04-27,83.16,5.02,61.58,1803.7,28.31
2327,7,2025-04-27,59.23,5.23,79.54,2825.31,62.56
2328,8,2025-04-27,76.0,4.85,68.24,1601.11,62.13
2329,9,2025-04-27,71.06,1.22,82.0,2281.96,73.21
2330,10,2025-04-27,76.9,6.02,85.28,2466.4,74.38
2331,11,2025-04-27,89.71,5.97,73.72,1840.54,65.93
2332,12,2025-04-27,73.24,1.06,82.64,2836.34,47.93
2333,13,2025-04-27,71.4,2.34,49.63,1708.72,66.16
2334,14,2025-04-27,65.2,1.17,81.94,1402.15,59.69
2335,15,2025-04-27,76.08,7.07,95.34,2505.52,74.96
2336,16,2025-04-27,81.69,5.62,63.45,2171.16,70.09
2337,17,2025-04-27,75.9,6.72,93.75,2308.18,50.63
2338,18,2025-04-27,84.51,5.14,84.29,2429.28,61.42
2339,19,2025-04-27,80.18,3.92,74.51,1777.86,24.12
2340,20,2025-04-27,72.51,4.88,69.19,1736.7,57.16
2341,1,2025-04-28,81.08,3.74,73.61,2739.31,48.68
2342,2,2025-04-28,72.24,2.73,42.87,1623.22,47.57
2343,3,2025-04-28,80.93,4.98,70.56,1669.07,71.01
2344,4,2025-04-28,60.7,5.44,78.44,2724.64,21.26
2345,5,2025-04-28,91.91,6.81,79.74,1964.97,60.92
2346,6,2025-04-28,75.09,3.84,80.74,2878.39,39.97
2347,7,2025-04-28,62.54,3.72,45.93,2542.57,57.83
2348,8,2025-04-28,88.74,5.62,65.62,2000.72,54.79
2349,9,2025-04-28,74.17,3.57,57.64,2182.31,48.05
2350,10,2025-04-28,81.96,5.87,81.32,2388.77,76.04
2351,11,2025-04-28,81.38,5.26,66.71,2160.68,50.74
2352,12,2025-04-28,77.19,4.52,89.97,2937.45,54.91
2353,13,2025-04-28,69.11,3.81,77.42,2911.74,28.85
2354,14,2025-04-28,83.86,5.64,82.51,1441.56,48.27
2355,15,2025-04-28,74.16,4.37,76.15,2115.08,48.91
2356,16,2025-04-28,83.45,4.95,80.69,2927.15,50.58
2357,17,2025-04-28,76.92,4.48,87.83,2101.44,60.4
2358,18,2025-04-28,81.86,5.54,92.19,2155.75,72.21
2359,19,2025-04-28,57.93,4.31,43.08,1202.77,32.68
2360,20,2025-04-28,78.15,6.09,61.67,2149.15,60.85
2361,1,2025-04-29,77.54,6.56,69.86,1559.43,61.58
2362,2,2025-04-29,58.84,5.43,64.63,2011.82,29.98
2363,3,2025-04-29,78.57,5.19,92.06,2280.54,46.89
2364,4,2025-04-29,82.77,3.63,61.6,1262.72,59.1
2365,5,2025-04-29,76.26,6.81,81.14,1986.34,68.05
2366,6,2025-04-29,77.44,4.34,63.11,2820.39,54.42
2367,7,2025-04-29,81.53,4.86,52.33,2394.1,63.54
2368,8,2025-04-29,64.33,4.76,42.8,1889.97,58.59
2369,9,2025-04-29,76.67,2.22,69.49,2147.2,33.27
2370,10,2025-04-29,84.3,7.91,72.88,2103.18,70.28
2371,11,2025-04-29,63.69,4.73,62.26,2014.06,56.55
2372,12,2025-04-29,57.05,5.97,68.48,2617.31,31.84
2373,13,2025-04-29,67.43,5.6,83.66,2765.51,37.91
2374,14,2025-04-29,76.56,4.9,56.4,2613.33,27.43
2375,15,2025-04-29,88.98,6.04,72.76,1943.28,48.6
2376,16,2025-04-29,76.44,4.98,71.19,2408.45,58.21
2377,17,2025-04-29,86.3,5.95,68.93,2035.45,72.31
2378,18,2025-04-29,78.06,5.16,67.71,2041.91,58.06
2379,19,2025-04-29,60.47,1.43,64.42,2255.11,25.92
2380,20,2025-04-29,90.54,6.48,74.37,2478.62,73.4
2381,1,2025-04-30,75.66,5.91,88.1,1877.43,63.86
2382,2,2025-04-30,74.23,5.38,76.03,2260.41,41.67
2383,3,2025-04-30,79.48,5.87,66.89,2599.23,49.19
2384,4,2025-04-30,77.29,1.32,72.63,2756.36,34.08
2385,5,2025-04-30,87.31,5.13,77.33,2038.68,59.74
2386,6,2025-04-30,79.62,2.94,81.65,1802.65,66.98
2387,7,2025-04-30,64.68,2.03,43.48,1739.2,55.59
2388,8,2025-04-30,68.13,1.46,40.05,2842.43,24.13
2389,9,2025-04-30,81.86,4.14,83.37,1253.72,63.37
2390,10,2025-04-30,57.56,4.3,68.82,1263.41,66.33
2391,11,2025-04-30,84.89,2.97,75.4,1942.14,61.96
2392,12,2025-04-30,79.98,2.36,47.58,2720.43,70.41
2393,13,2025-04-30,57.7,1.6,86.79,1721.7,32.66
2394,14,2025-04-30,66.7,3.5,80.48,2608.74,60.44
2395,15,2025-04-30,78.8,5.52,92.44,2669.68,59.23
2396,16,2025-04-30,86.32,4.96,79.46,1264.3,63.03
2397,17,2025-04-30,61.72,3.98,80.58,2714.05,34.74
2398,18,2025-04-30,79.13,5.19,76.63,2267.05,55.59
2399,19,2025-04-30,75.11,2.18,78.55,1910.75,67.33
2400,20,2025-04-30,90.58,6.35,85.74,1910.84,66.52
2401,1,2025-05-01,90.51,7.06,77.55,2128.09,78.3
2402,2,2025-05-01,57.32,2.29,62.27,2032.18,60.75
2403,3,2025-05-01,91.84,6.4,90.04,1671.11,61.89
2404,4,2025-05-01,77.61,5.37,74.39,2057.55,54.75
2405,5,2025-05-01,84.53,5.76,80.11,1809.55,59.5
2406,6,2025-05-01,66.78,3.3,74.85,1802.35,36.4
2407,7,2025-05-01,72.78,4.57,41.85,1360.51,30.02
2408,8,2025-05-01,72.63,4.03,70.45,2282.38,25.29
2409,9,2025-05-01,63.77,3.75,88.7,2893.4,20.52
2410,10,2025-05-01,74.71,3.87,50.84,2451.75,25.77
2411,11,2025-05-01,84.42,2.96,68.6,2047.74,34.4
2412,12,2025-05-01,66.53,3.67,72.29,2057.97,41.36
2413,13,2025-05-01,57.02,2.33,75.02,2363.07,23.47
2414,14,2025-05-01,72.71,4.98,77.64,2051.26,56.65
2415,15,2025-05-01,82.22,2.68,70.0,1479.25,58.1
2416,16,2025-05-01,79.92,6.2,89.13,2444.02,70.03
2417,17,2025-05-01,59.44,4.89,75.67,2295.04,32.25
2418,18,2025-05-01,72.92,4.33,75.87,2355.46,63.65
2419,19,2025-05-01,67.3,3.42,47.83,2147.25,37.04
2420,20,2025-05-01,85.76,4.85,66.98,2502.85,74.23
2421,1,2025-05-02,58.69,3.75,57.67,2431.73,48.95
2422,2,2025-05-02,56.47,3.7,55.8,2532.06,65.04
2423,3,2025-05-02,93.51,6.58,66.42,1867.9,68.28
2424,4,2025-05-02,81.69,5.12,64.32,2085.28,73.14
2425,5,2025-05-02,79.92,6.21,92.45,2650.54,77.76
2426,6,2025-05-02,63.87,4.81,52.11,1594.66,36.52
2427,7,2025-05-02,68.33,2.38,68.7,2953.32,30.92
2428,8,2025-05-02,69.39,5.47,47.39,2627.78,71.22
2429,9,2025-05-02,67.91,5.46,65.1,2309.04,24.08
2430,10,2025-05-02,66.34,3.23,75.55,2736.75,65.5
2431,11,2025-05-02,63.69,2.6,71.67,1654.5,27.18
2432,12,2025-05-02,75.44,5.35,71.29,1867.45,53.14
2433,13,2025-05-02,84.11,2.89,68.61,2551.93,71.47
2434,14,2025-05-02,72.42,4.03,44.66,2552.48,46.66
2435,15,2025-05-02,78.73,3.47,76.04,2164.19,52.46
2436,16,2025-05-02,75.4,5.52,83.6,2014.83,33.46
2437,17,2025-05-02,78.99,4.06,52.66,1672.4,72.7
2438,18,2025-05-02,83.11,3.24,84.72,1799.82,54.78
2439,19,2025-05-02,68.16,1.79,47.08,2113.66,48.34
2440,20,2025-05-02,82.86,7.23,91.09,2211.55,63.9
2441,1,2025-05-03,69.78,5.35,66.89,2952.14,26.98
2442,2,2025-05-03,60.62,3.97,71.96,1251.24,23.29
2443,3,2025-05-03,72.68,2.6,57.53,1403.96,32.66
2444,4,2025-05-03,64.66,2.82,41.62,2512.84,23.69
2445,5,2025-05-03,73.02,3.59,86.44,2201.29,45.94
2446,6,2025-05-03,83.13,5.55,78.74,2573.4,38.49
2447,7,2025-05-03,70.33,2.97,74.99,2737.9,56.57
2448,8,2025-05-03,66.88,5.05,65.19,2514.42,26.6
2449,9,2025-05-03,67.1,1.0,64.5,2079.83,54.61
2450,10,2025-05-03,78.91,5.19,79.28,1736.87,50.74
2451,11,2025-05-03,82.96,3.28,69.05,2663.32,59.86
2452,12,2025-05-03,85.35,4.34,81.14,2052.31,49.38
2453,13,2025-05-03,81.38,1.28,72.13,1699.39,40.01
2454,14,2025-05-03,56.39,4.52,70.03,1482.74,53.54
2455,15,2025-05-03,85.52,4.9,61.59,2299.15,58.97
2456,16,2025-05-03,65.67,3.24,47.92,1721.37,33.07
2457,17,2025-05-03,64.98,2.52,43.92,1832.21,47.49
2458,18,2025-05-03,72.24,4.07,85.59,2369.65,66.56
2459,19,2025-05-03,68.44,4.77,69.99,2108.51,37.11
2460,20,2025-05-03,64.46,2.0,67.53,1204.0,30.77
2461,1,2025-05-04,66.76,4.09,63.86,1987.28,31.93
2462,2,2025-05-04,73.58,2.85,78.47,2533.37,73.56
2463,3,2025-05-04,65.48,4.99,82.6,1935.74,42.85
2464,4,2025-05-04,60.45,4.9,66.74,1771.63,50.11
2465,5,2025-05-04,81.65,5.73,87.61,1846.96,70.22
2466,6,2025-05-04,59.67,2.44,88.02,2232.31,37.06
2467,7,2025-05-04,71.25,3.54,70.45,1540.95,49.63
2468,8,2025-05-04,67.24,2.3,86.07,1567.54,67.32
2469,9,2025-05-04,78.35,4.81,86.44,1962.09,28.9
2470,10,2025-05-04,78.63,4.88,71.84,2748.92,53.32
2471,11,2025-05-04,77.05,4.77,56.36,1380.87,20.17
2472,12,2025-05-04,88.21,5.4,87.1,2685.57,50.01
2473,13,2025-05-04,79.09,3.67,70.74,2103.95,23.56
2474,14,2025-05-04,73.85,5.56,80.3,2151.48,28.32
2475,15,2025-05-04,75.55,5.46,77.45,1366.23,46.11
2476,16,2025-05-04,57.57,1.3,63.35,2909.97,61.95
2477,17,2025-05-04,72.4,1.58,58.95,2141.39,26.54
2478,18,2025-05-04,87.27,4.14,84.45,1599.02,44.61
2479,19,2025-05-04,79.18,2.95,67.75,1475.63,55.84
2480,20,2025-05-04,69.33,3.03,84.59,2321.35,22.04
2481,1,2025-05-05,74.52,2.55,79.48,2322.87,38.26
2482,2,2025-05-05,77.81,4.94,71.37,2377.7,49.04
2483,3,2025-05-05,73.42,4.94,66.41,2439.77,52.46
2484,4,2025-05-05,65.48,4.91,78.64,2768.12,56.73
2485,5,2025-05-05,77.92,6.48,87.64,2468.88,43.49
2486,6,2025-05-05,56.05,2.78,69.58,2906.61,50.18
2487,7,2025-05-05,75.58,5.8,83.64,2023.56,65.0
2488,8,2025-05-05,55.31,3.88,45.47,1987.55,51.05
2489,9,2025-05-05,70.06,3.24,43.68,2684.34,72.38
2490,10,2025-05-05,78.49,4.57,77.81,1519.16,69.57
2491,11,2025-05-05,66.39,1.54,49.03,1372.67,23.01
2492,12,2025-05-05,78.59,6.49,67.51,1739.42,49.49
2493,13,2025-05-05,68.24,3.97,62.62,1509.99,67.68
2494,14,2025-05-05,78.6,5.72,69.2,2870.19,63.55
2495,15,2025-05-05,83.66,4.82,78.76,2353.35,56.92
2496,16,2025-05-05,61.95,2.1,77.92,2593.21,25.17
2497,17,2025-05-05,67.73,5.47,48.62,2888.08,65.48
2498,18,2025-05-05,81.03,4.55,74.6,1930.51,58.36
2499,19,2025-05-05,74.14,5.15,65.44,2008.54,62.72
2500,20,2025-05-05,57.59,4.37,68.67,2790.25,65.94
2501,1,2025-05-06,82.96,5.09,67.89,1657.72,47.83
2502,2,2025-05-06,81.6,4.61,82.41,2318.1,60.83
2503,3,2025-05-06,71.05,4.02,73.18,1556.8,65.76
2504,4,2025-05-06,55.1,1.85,74.69,1542.6,30.52
2505,5,2025-05-06,76.31,5.35,71.83,2606.49,52.0
2506,6,2025-05-06,58.69,4.44,57.23,2716.44,51.66
2507,7,2025-05-06,78.74,6.11,86.22,1822.09,70.67
2508,8,2025-05-06,67.97,4.3,61.31,1576.08,48.46
2509,9,2025-05-06,55.98,4.32,72.83,1581.4,49.12
2510,10,2025-05-06,75.86,4.22,75.47,2442.45,60.71
2511,11,2025-05-06,68.17,3.17,70.72,2840.74,63.64
2512,12,2025-05-06,89.46,6.9,80.66,2540.47,62.37
2513,13,2025-05-06,72.26,2.34,70.53,2617.26,31.07
2514,14,2025-05-06,69.67,4.19,64.75,2978.74,65.61
2515,15,2025-05-06,85.2,5.45,83.2,2588.92,57.29
2516,16,2025-05-06,68.17,3.51,78.16,1257.15,24.16
2517,17,2025-05-06,58.7,4.57,78.85,2773.73,46.6
2518,18,2025-05-06,85.2,5.82,83.38,1386.44,64.29
2519,19,2025-05-06,88.07,4.74,73.82,1315.68,45.1
2520,20,2025-05-06,58.58,3.98,65.04,2705.79,60.57
2521,1,2025-05-07,73.44,5.37,87.75,1329.53,39.45
2522,2,2025-05-07,83.32,3.79,86.78,1837.23,67.58
2523,3,2025-05-07,71.6,5.19,71.59,2357.98,48.14
2524,4,2025-05-07,69.32,4.36,66.42,2183.59,42.09
2525,5,2025-05-07,82.56,6.35,95.32,2465.84,71.21
2526,6,2025-05-07,56.29,3.08,43.25,2152.86,21.82
2527,7,2025-05-07,78.26,5.68,88.5,1647.89,58.11
2528,8,2025-05-07,85.08,3.88,70.76,2615.81,55.06
2529,9,2025-05-07,57.79,2.96,86.5,2412.51,29.02
2530,10,2025-05-07,79.08,5.24,67.59,2288.85,71.16
2531,11,2025-05-07,60.85,1.05,84.68,1479.1,70.24
2532,12,2025-05-07,83.54,6.17,90.26,2624.95,78.0
2533,13,2025-05-07,75.15,4.33,78.47,2218.77,41.8
2534,14,2025-05-07,68.42,2.89,81.1,2221.92,42.77
2535,15,2025-05-07,76.78,6.22,73.43,2461.5,69.85
2536,16,2025-05-07,62.04,1.43,66.85,2617.34,39.86
2537,17,2025-05-07,63.05,3.73,42.87,2665.18,65.71
2538,18,2025-05-07,87.18,5.24,81.9,2389.7,73.86
2539,19,2025-05-07,83.14,4.07,72.02,1859.32,71.95
2540,20,2025-05-07,68.94,1.16,69.05,2517.14,26.36
2541,1,2025-05-08,78.69,1.47,83.94,2628.48,62.12
2542,2,2025-05-08,88.85,3.26,69.89,1892.91,53.44
2543,3,2025-05-08,71.47,3.74,83.84,2616.79,46.28
2544,4,2025-05-08,70.41,5.5,74.45,1898.1,61.81
2545,5,2025-05-08,83.11,2.16,58.96,1727.1,69.73
2546,6,2025-05-08,83.6,1.95,40.39,2055.65,58.01
2547,7,2025-05-08,78.0,5.0,84.29,2529.61,65.78
2548,8,2025-05-08,79.39,4.99,85.77,1960.59,66.28
2549,9,2025-05-08,59.72,3.09,51.29,2276.58,24.79
2550,10,2025-05-08,88.03,4.66,82.76,2600.74,82.01
2551,11,2025-05-08,66.29,5.97,42.72,1945.58,60.84
2552,12,2025-05-08,55.65,2.47,48.38,1547.89,68.6
2553,13,2025-05-08,75.26,4.73,68.47,1802.22,61.73
2554,14,2025-05-08,78.95,5.28,78.31,1875.68,56.36
2555,15,2025-05-08,86.1,7.06,88.02,2579.63,57.25
2556,16,2025-05-08,58.18,5.33,45.67,1320.04,28.94
2557,17,2025-05-08,62.89,1.79,75.09,2101.35,74.67
2558,18,2025-05-08,81.61,5.83,61.98,1333.85,57.0
2559,19,2025-05-08,75.71,6.71,89.98,2455.94,67.49
2560,20,2025-05-08,64.64,5.52,55.87,1296.31,39.35
2561,1,2025-05-09,77.21,1.02,52.71,2807.01,55.72
2562,2,2025-05-09,88.23,5.29,76.49,1877.23,50.34
2563,3,2025-05-09,80.68,6.47,80.53,1354.15,77.16
2564,4,2025-05-09,77.4,5.9,58.99,1571.73,61.94
2565,5,2025-05-09,64.52,5.28,79.06,2501.04,59.03
2566,6,2025-05-09,81.19,3.76,87.96,2733.24,24.13
2567,7,2025-05-09,81.84,5.5,76.71,2480.22,57.45
2568,8,2025-05-09,80.62,5.66,67.54,1990.21,69.64
2569,9,2025-05-09,67.76,5.96,54.69,2536.22,63.81
2570,10,2025-05-09,67.68,3.56,60.02,1603.77,64.37
2571,11,2025-05-09,83.24,5.04,44.89,2463.05,53.74
2572,12,2025-05-09,62.14,5.6,61.13,1773.48,23.55
2573,13,2025-05-09,81.98,3.71,86.49,2116.28,58.05
2574,14,2025-05-09,77.74,4.92,63.96,2215.95,62.88
2575,15,2025-05-09,74.26,2.45,61.26,2792.64,33.32
2576,16,2025-05-09,58.16,4.42,87.32,2177.98,66.63
2577,17,2025-05-09,56.37,3.42,61.41,2704.1,61.22
2578,18,2025-05-09,74.16,2.73,72.93,1803.56,47.34
2579,19,2025-05-09,79.43,5.42,75.06,2027.64,70.68
2580,20,2025-05-09,62.46,4.8,63.89,1368.8,43.46
2581,1,2025-05-10,78.15,1.78,87.56,2706.03,24.21
2582,2,2025-05-10,89.22,6.38,69.51,2173.17,52.46
2583,3,2025-05-10,83.86,5.98,70.02,2069.71,50.42
2584,4,2025-05-10,81.96,5.22,78.7,2121.66,47.59
2585,5,2025-05-10,56.49,5.73,77.05,2291.42,54.93
2586,6,2025-05-10,60.16,1.38,87.0,1370.73,52.83
2587,7,2025-05-10,80.86,1.18,74.5,2502.61,69.43
2588,8,2025-05-10,88.19,4.31,84.56,1674.84,77.37
2589,9,2025-05-10,56.62,3.51,50.07,2571.85,28.26
2590,10,2025-05-10,75.03,1.59,86.83,1798.03,27.67
2591,11,2025-05-10,71.63,4.89,84.04,1577.4,72.56
2592,12,2025-05-10,60.56,2.95,64.92,1823.19,65.35
2593,13,2025-05-10,82.35,6.24,86.82,1629.01,49.71
2594,14,2025-05-10,72.09,4.04,74.98,1838.53,66.63
2595,15,2025-05-10,60.4,4.92,73.81,1757.13,28.31
2596,16,2025-05-10,73.28,1.93,61.96,1629.23,46.46
2597,17,2025-05-10,58.36,4.25,62.77,2311.7,53.9
2598,18,2025-05-10,69.81,5.24,75.61,2551.68,69.01
2599,19,2025-05-10,84.44,5.99,85.08,2163.54,71.21
2600,20,2025-05-10,61.71,2.48,79.19,2079.41,45.32
2601,1,2025-05-11,65.45,1.74,66.03,2328.31,43.23
2602,2,2025-05-11,90.0,4.53,70.91,2419.24,54.26
2603,3,2025-05-11,77.67,5.51,84.54,2096.23,58.62
2604,4,2025-05-11,85.15,5.7,71.16,1440.62,47.49
2605,5,2025-05-11,74.59,4.67,82.42,2743.27,58.45
2606,6,2025-05-11,72.54,5.17,52.43,1221.49,48.97
2607,7,2025-05-11,65.6,5.39,87.94,1569.18,53.99
2608,8,2025-05-11,78.85,4.75,85.19,1658.55,52.3
2609,9,2025-05-11,72.88,3.23,58.62,2324.27,24.1
2610,10,2025-05-11,68.47,3.72,53.5,2277.42,50.75
2611,11,2025-05-11,78.18,2.23,40.16,1999.67,35.31
2612,12,2025-05-11,74.5,5.44,80.2,2178.71,25.26
2613,13,2025-05-11,86.1,5.85,74.12,1817.04,58.82
2614,14,2025-05-11,87.5,6.83,75.09,2303.33,73.6
2615,15,2025-05-11,58.03,1.62,65.56,2401.95,64.61
2616,16,2025-05-11,71.94,4.73,65.87,1779.62,64.33
2617,17,2025-05-11,59.09,5.55,54.02,2066.24,73.64
2618,18,2025-05-11,83.89,4.72,65.21,2000.58,46.08
2619,19,2025-05-11,86.78,6.33,64.81,2349.54,68.59
2620,20,2025-05-11,67.05,4.83,51.65,1379.76,63.38
2621,1,2025-05-12,57.07,3.15,44.66,1387.83,72.97
2622,2,2025-05-12,64.97,4.72,41.28,1640.83,31.31
2623,3,2025-05-12,74.78,5.97,77.11,2217.49,54.92
2624,4,2025-05-12,83.08,4.47,66.28,1711.37,55.81
2625,5,2025-05-12,76.77,3.98,72.13,1564.09,47.32
2626,6,2025-05-12,59.42,5.4,86.05,1309.12,43.35
2627,7,2025-05-12,64.85,1.67,73.03,1243.34,59.41
2628,8,2025-05-12,81.56,7.44,66.76,1791.65,79.2
2629,9,2025-05-12,73.64,3.38,80.64,2945.45,21.25
2630,10,2025-05-12,62.02,4.48,75.09,1220.11,73.82
2631,11,2025-05-12,57.96,4.02,80.11,2941.01,42.79
2632,12,2025-05-12,80.79,5.69,77.37,1699.82,43.95
2633,13,2025-05-12,90.33,7.3,78.49,2278.93,73.74
2634,14,2025-05-12,77.49,6.9,69.77,2032.17,57.5
2635,15,2025-05-12,84.61,1.05,79.35,1287.31,60.11
2636,16,2025-05-12,74.38,4.99,70.07,2274.15,33.35
2637,17,2025-05-12,82.74,1.12,51.2,1663.49,54.52
2638,18,2025-05-12,74.84,5.66,73.11,2336.44,65.77
2639,19,2025-05-12,82.22,5.75,69.63,1307.4,65.86
2640,20,2025-05-12,62.56,3.31,66.42,1579.9,60.25
2641,1,2025-05-13,71.06,3.2,48.52,1931.32,35.51
2642,2,2025-05-13,81.86,3.9,47.1,1707.64,43.37
2643,3,2025-05-13,80.91,4.44,67.48,1569.35,75.75
2644,4,2025-05-13,84.99,6.8,86.05,1911.87,68.0
2645,5,2025-05-13,73.95,5.87,86.12,2413.25,61.17
2646,6,2025-05-13,69.43,5.02,82.84,2947.15,56.37
2647,7,2025-05-13,81.34,5.09,81.66,1382.74,22.19
2648,8,2025-05-13,89.39,6.78,68.26,1857.83,56.01
2649,9,2025-05-13,67.4,2.27,54.63,1883.5,43.07
2650,10,2025-05-13,65.96,5.74,65.25,2824.61,29.9
2651,11,2025-05-13,77.83,4.31,72.17,2649.15,61.52
2652,12,2025-05-13,73.98,2.36,77.29,2425.25,62.21
2653,13,2025-05-13,92.44,6.91,81.75,2485.41,79.93
2654,14,2025-05-13,81.27,7.75,63.64,2243.91,79.16
2655,15,2025-05-13,62.65,3.03,84.1,2632.0,28.51
2656,16,2025-05-13,79.35,4.89,73.59,2041.62,49.26
2657,17,2025-05-13,79.17,3.09,52.73,2229.9,70.89
2658,18,2025-05-13,78.61,4.79,74.05,2574.29,60.89
2659,19,2025-05-13,72.15,2.53,61.76,2023.92,43.38
2660,20,2025-05-13,83.51,4.77,74.6,1346.91,26.63
2661,1,2025-05-14,60.69,2.82,59.03,1655.61,38.84
2662,2,2025-05-14,74.73,4.06,45.66,1983.41,51.87
2663,3,2025-05-14,86.85,4.94,83.92,2015.69,55.69
2664,4,2025-05-14,77.01,2.06,84.55,2264.19,56.9
2665,5,2025-05-14,87.9,5.62,85.03,2203.8,44.24
2666,6,2025-05-14,79.15,5.23,63.4,2865.43,27.41
2667,7,2025-05-14,65.96,5.76,40.91,1353.99,40.27
2668,8,2025-05-14,81.5,4.94,85.99,2124.32,58.42
2669,9,2025-05-14,84.8,2.08,52.92,2831.62,71.36
2670,10,2025-05-14,71.49,2.78,76.63,2477.13,56.0
2671,11,2025-05-14,75.35,4.95,65.22,1716.83,61.92
2672,12,2025-05-14,55.79,3.83,57.07,1588.47,20.54
2673,13,2025-05-14,78.82,5.42,81.1,1555.7,53.42
2674,14,2025-05-14,76.85,4.89,67.34,1696.91,69.67
2675,15,2025-05-14,55.69,3.05,61.18,2298.23,21.71
2676,16,2025-05-14,79.43,4.13,65.56,2686.27,65.39
2677,17,2025-05-14,60.9,2.8,42.83,2067.5,65.71
2678,18,2025-05-14,87.71,4.81,89.37,1625.38,55.27
2679,19,2025-05-14,71.93,1.32,45.58,1547.48,57.42
2680,20,2025-05-14,72.46,1.11,81.82,2047.33,29.55
2681,1,2025-05-15,76.76,2.67,67.22,2140.26,52.01
2682,2,2025-05-15,69.35,1.23,66.19,1554.02,61.48
2683,3,2025-05-15,86.99,5.27,91.52,1889.98,61.25
2684,4,2025-05-15,60.27,4.9,71.18,1375.8,20.21
2685,5,2025-05-15,85.44,5.99,79.7,2408.15,57.6
2686,6,2025-05-15,56.18,1.34,45.35,1480.24,45.42
2687,7,2025-05-15,72.99,1.47,61.73,1843.01,39.19
2688,8,2025-05-15,84.32,4.27,41.37,1539.42,32.68
2689,9,2025-05-15,79.41,4.75,42.98,1861.39,72.36
2690,10,2025-05-15,84.52,4.4,72.32,1656.85,31.93
2691,11,2025-05-15,85.28,3.71,81.13,2680.25,73.01
2692,12,2025-05-15,70.9,2.5,52.12,2495.11,33.27
2693,13,2025-05-15,84.09,4.93,65.91,1625.31,70.74
2694,14,2025-05-15,70.94,3.5,63.32,2533.76,45.92
2695,15,2025-05-15,73.19,2.39,82.1,2340.64,57.16
2696,16,2025-05-15,81.01,4.42,76.56,2417.12,48.69
2697,17,2025-05-15,74.98,3.85,53.42,2270.12,64.07
2698,18,2025-05-15,93.34,5.83,80.89,2447.25,50.45
2699,19,2025-05-15,68.29,4.52,82.85,1497.71,40.74
2700,20,2025-05-15,77.37,3.35,65.34,2037.94,52.04
2701,1,2025-05-16,72.59,4.69,82.59,1643.63,48.5
2702,2,2025-05-16,62.45,1.28,86.29,1960.2,44.08
2703,3,2025-05-16,89.05,5.59,71.87,1518.73,46.15
2704,4,2025-05-16,81.76,3.87,69.66,2656.66,51.74
2705,5,2025-05-16,87.84,7.27,71.26,2637.87,56.26
2706,6,2025-05-16,69.99,2.17,49.24,1386.58,71.33
2707,7,2025-05-16,84.95,5.25,62.27,2015.66,32.98
2708,8,2025-05-16,72.87,5.06,72.95,1350.17,68.71
2709,9,2025-05-16,55.17,4.3,87.2,2218.23,42.76
2710,10,2025-05-16,57.3,4.99,67.58,2735.11,70.56
2711,11,2025-05-16,74.77,5.84,59.88,2067.76,69.5
2712,12,2025-05-16,82.8,1.27,85.78,1763.57,24.68
2713,13,2025-05-16,89.29,5.38,72.99,1524.07,77.69
2714,14,2025-05-16,71.16,3.81,85.65,2419.69,56.08
2715,15,2025-05-16,81.83,5.61,71.36,1304.61,73.03
2716,16,2025-05-16,79.82,4.22,88.63,2771.39,57.75
2717,17,2025-05-16,56.49,2.64,85.64,2716.82,38.28
2718,18,2025-05-16,59.49,3.36,40.41,1692.06,29.87
2719,19,2025-05-16,67.02,2.3,42.84,2263.19,34.49
2720,20,2025-05-16,80.83,5.07,80.76,1682.17,54.83
2721,1,2025-05-17,78.95,4.0,83.24,1933.63,70.14
2722,2,2025-05-17,75.13,5.31,57.71,2082.2,50.62
2723,3,2025-05-17,84.25,6.1,91.47,2141.76,63.81
2724,4,2025-05-17,81.05,5.56,80.73,2286.83,40.66
2725,5,2025-05-17,75.71,4.81,81.26,2253.02,69.07
2726,6,2025-05-17,83.42,3.22,54.67,1658.62,42.6
2727,7,2025-05-17,71.9,3.52,54.74,2773.38,70.98
2728,8,2025-05-17,74.04,3.97,56.89,1485.4,50.03
2729,9,2025-05-17,59.62,5.66,69.8,2371.0,45.71
2730,10,2025-05-17,67.33,1.52,42.37,1652.84,67.61
2731,11,2025-05-17,85.41,3.87,64.57,2542.93,76.06
2732,12,2025-05-17,71.11,1.03,84.96,2842.66,50.45
2733,13,2025-05-17,77.75,5.56,70.46,2676.92,50.65
2734,14,2025-05-17,73.34,6.18,69.82,2001.22,49.99
2735,15,2025-05-17,74.05,4.98,45.54,1485.19,72.36
2736,16,2025-05-17,86.05,5.17,91.65,2904.75,47.52
2737,17,2025-05-17,72.29,1.85,78.52,1821.53,52.12
2738,18,2025-05-17,63.03,2.43,63.27,2780.86,41.51
2739,19,2025-05-17,77.04,3.67,83.03,1252.66,29.7
2740,20,2025-05-17,82.47,4.13,75.64,2548.09,56.11
2741,1,2025-05-18,80.17,6.0,86.49,1527.68,64.88
2742,2,2025-05-18,61.79,2.86,56.85,1833.14,68.56
2743,3,2025-05-18,74.29,5.35,68.4,1655.87,78.15
2744,4,2025-05-18,78.66,5.56,84.27,2415.81,67.34
2745,5,2025-05-18,60.64,1.72,43.03,1466.71,37.94
2746,6,2025-05-18,63.28,1.23,67.48,2901.43,21.08
2747,7,2025-05-18,73.43,1.09,61.96,2641.36,45.47
2748,8,2025-05-18,72.4,4.68,86.26,2090.16,67.07
2749,9,2025-05-18,77.64,5.91,71.99,1986.63,37.74
2750,10,2025-05-18,63.79,2.44,88.01,2932.14,66.84
2751,11,2025-05-18,88.76,4.43,64.62,1902.36,74.79
2752,12,2025-05-18,55.04,3.67,74.82,2913.11,47.31
2753,13,2025-05-18,56.14,2.38,83.11,2429.83,45.87
2754,14,2025-05-18,82.49,5.32,95.0,2874.64,68.71
2755,15,2025-05-18,69.1,1.63,72.74,2238.51,28.79
2756,16,2025-05-18,80.95,4.22,87.03,1927.24,52.39
2757,17,2025-05-18,81.85,3.73,87.54,2848.0,38.06
2758,18,2025-05-18,69.47,5.51,65.4,1200.43,35.55
2759,19,2025-05-18,69.54,1.12,48.0,1496.3,37.9
2760,20,2025-05-18,70.18,4.19,71.25,1979.93,71.11
2761,1,2025-05-19,74.12,4.24,87.51,2193.96,65.48
2762,2,2025-05-19,65.84,2.04,83.27,2543.11,26.62
2763,3,2025-05-19,83.62,5.9,67.8,1905.49,73.12
2764,4,2025-05-19,77.13,6.5,72.11,2378.35,51.68
2765,5,2025-05-19,59.62,3.04,71.25,2612.27,41.05
2766,6,2025-05-19,72.15,5.59,53.26,1607.03,45.6
2767,7,2025-05-19,73.35,1.21,86.78,2413.89,29.8
2768,8,2025-05-19,72.02,5.95,66.82,1909.13,67.8
2769,9,2025-05-19,61.11,2.03,82.27,2308.17,27.53
2770,10,2025-05-19,64.39,5.94,43.48,1599.29,43.66
2771,11,2025-05-19,88.05,5.5,80.57,1783.39,81.72
2772,12,2025-05-19,75.79,3.98,79.61,1871.1,43.14
2773,13,2025-05-19,77.82,2.84,77.71,2250.59,74.57
2774,14,2025-05-19,90.86,5.35,96.1,2319.57,79.13
2775,15,2025-05-19,62.2,4.37,42.32,1557.26,35.47
2776,16,2025-05-19,88.04,7.13,84.07,1594.1,46.57
2777,17,2025-05-19,55.81,4.63,72.95,2092.19,34.22
2778,18,2025-05-19,55.73,2.55,78.74,2183.29,43.95
2779,19,2025-05-19,66.39,3.58,63.37,2661.21,55.88
2780,20,2025-05-19,80.49,5.16,77.99,1953.93,44.48
2781,1,2025-05-20,89.78,4.36,83.4,1911.5,48.81
2782,2,2025-05-20,57.8,4.99,69.04,1505.51,45.53
2783,3,2025-05-20,56.51,4.44,58.1,2142.55,70.72
2784,4,2025-05-20,73.08,5.4,88.74,1823.7,62.63
2785,5,2025-05-20,75.57,3.53,72.51,2782.85,49.94
2786,6,2025-05-20,72.22,1.06,58.92,2791.59,41.94
2787,7,2025-05-20,78.78,4.4,66.18,2775.44,28.78
2788,8,2025-05-20,80.64,5.95,76.97,2023.1,57.82
2789,9,2025-05-20,75.33,3.98,47.84,1713.87,56.62
2790,10,2025-05-20,73.29,3.28,70.23,1215.1,26.78
2791,11,2025-05-20,71.73,3.66,53.22,2504.78,53.98
2792,12,2025-05-20,82.42,2.73,76.27,1663.34,49.19
2793,13,2025-05-20,68.68,3.87,87.21,2637.01,34.94
2794,14,2025-05-20,83.76,3.59,67.59,2452.07,57.99
2795,15,2025-05-20,60.48,2.08,73.5,2107.84,21.63
2796,16,2025-05-20,78.74,3.54,84.41,2222.69,46.45
2797,17,2025-05-20,70.94,4.62,40.43,2464.87,44.48
2798,18,2025-05-20,60.19,5.88,78.8,2470.87,66.25
2799,19,2025-05-20,68.16,1.63,76.75,2774.09,49.01
2800,20,2025-05-20,77.36,4.63,74.7,2132.21,67.31
2801,1,2025-05-21,79.23,7.04,79.71,2614.13,65.58
2802,2,2025-05-21,76.68,2.23,81.75,2094.21,49.95
2803,3,2025-05-21,68.49,4.61,41.95,2368.7,53.92
2804,4,2025-05-21,79.5,6.0,92.15,2033.24,51.28
2805,5,2025-05-21,58.45,3.21,54.72,2946.94,27.64
2806,6,2025-05-21,73.0,4.49,65.55,1769.9,43.51
2807,7,2025-05-21,73.93,2.58,57.18,2737.27,28.23
2808,8,2025-05-21,79.77,4.76,69.11,2622.57,74.62
2809,9,2025-05-21,73.48,1.22,73.31,1378.01,74.4
2810,10,2025-05-21,70.75,2.88,84.53,2341.85,66.98
2811,11,2025-05-21,79.1,5.17,73.32,2290.48,41.47
2812,12,2025-05-21,59.65,4.23,52.64,2368.53,60.68
2813,13,2025-05-21,60.6,3.06,61.54,1356.38,32.47
2814,14,2025-05-21,76.53,4.8,86.45,2186.31,51.76
2815,15,2025-05-21,59.83,1.73,51.59,1858.14,55.61
2816,16,2025-05-21,69.07,3.14,84.85,2198.65,62.05
2817,17,2025-05-21,73.15,1.18,85.35,1350.46,22.58
2818,18,2025-05-21,58.19,2.96,81.73,2267.18,37.77
2819,19,2025-05-21,65.19,2.55,76.01,1269.74,25.28
2820,20,2025-05-21,93.26,6.69,88.49,1999.02,73.77
2821,1,2025-05-22,73.56,4.48,74.28,2415.82,62.52
2822,2,2025-05-22,60.93,3.5,87.91,1484.12,42.64
2823,3,2025-05-22,66.91,5.1,85.05,2225.19,25.83
2824,4,2025-05-22,86.1,6.26,85.99,1561.4,60.53
2825,5,2025-05-22,55.03,1.73,41.68,1240.4,34.84
2826,6,2025-05-22,69.05,3.66,64.33,2331.18,49.05
2827,7,2025-05-22,67.93,4.43,57.81,2725.26,73.52
2828,8,2025-05-22,81.26,5.96,66.78,1544.15,63.78
2829,9,2025-05-22,76.51,5.91,87.7,2167.47,47.42
2830,10,2025-05-22,74.49,4.52,75.68,1527.8,60.57
2831,11,2025-05-22,59.91,4.95,66.47,2612.18,70.43
2832,12,2025-05-22,77.88,1.25,83.11,1918.86,71.78
2833,13,2025-05-22,76.86,1.1,72.94,2328.92,74.8
2834,14,2025-05-22,81.52,5.43,83.72,2676.09,60.27
2835,15,2025-05-22,75.37,3.63,87.43,2847.32,58.13
2836,16,2025-05-22,83.12,3.45,88.2,1622.16,65.3
2837,17,2025-05-22,82.41,3.4,79.35,2620.58,64.3
2838,18,2025-05-22,61.33,4.87,45.14,2631.16,42.55
2839,19,2025-05-22,77.49,4.9,74.48,1856.63,55.07
2840,20,2025-05-22,72.1,1.33,71.8,1436.04,27.08
2841,1,2025-05-23,75.84,5.28,91.25,2847.6,57.17
2842,2,2025-05-23,66.72,3.78,59.57,2585.0,44.26
2843,3,2025-05-23,65.52,2.89,88.06,2371.18,74.66
2844,4,2025-05-23,61.69,2.02,53.26,1300.57,67.8
2845,5,2025-05-23,75.75,3.57,41.01,2735.97,31.91
2846,6,2025-05-23,83.68,3.74,66.31,2212.51,67.8
2847,7,2025-05-23,73.58,4.71,50.46,2443.75,65.8
2848,8,2025-05-23,76.63,6.71,70.63,1943.55,63.52
2849,9,2025-05-23,62.88,3.48,67.68,2250.52,62.2
2850,10,2025-05-23,80.41,4.48,59.35,1963.03,41.61
2851,11,2025-05-23,58.9,4.34,49.28,1928.4,71.24
2852,12,2025-05-23,76.41,5.37,83.87,1563.88,43.51
2853,13,2025-05-23,68.59,1.02,78.45,2291.46,22.89
2854,14,2025-05-23,83.44,5.68,86.19,2229.61,61.85
2855,15,2025-05-23,59.89,5.85,49.54,2260.05,43.91
2856,16,2025-05-23,85.09,6.02,69.7,1622.23,62.15
2857,17,2025-05-23,84.45,5.57,62.62,2492.79,51.28
2858,18,2025-05-23,70.82,3.0,47.34,2288.45,25.53
2859,19,2025-05-23,81.54,3.73,67.66,1868.14,56.28
2860,20,2025-05-23,69.82,1.49,72.14,2522.23,30.62
2861,1,2025-05-24,82.34,6.28,75.38,1557.56,68.82
2862,2,2025-05-24,83.3,3.87,71.95,1393.33,38.53
2863,3,2025-05-24,56.3,3.49,61.21,2393.24,62.41
2864,4,2025-05-24,65.7,5.08,66.09,2847.44,67.76
2865,5,2025-05-24,68.92,4.84,57.55,2345.7,71.83
2866,6,2025-05-24,74.6,3.3,71.37,2329.52,47.88
2867,7,2025-05-24,81.92,5.93,50.41,2514.33,45.72
2868,8,2025-05-24,87.75,5.37,93.67,2498.92,54.57
2869,9,2025-05-24,70.47,4.06,55.86,1359.93,61.08
2870,10,2025-05-24,77.78,5.54,77.77,1366.87,62.98
2871,11,2025-05-24,64.31,4.26,52.55,2295.67,64.51
2872,12,2025-05-24,78.98,3.97,68.22,2387.57,37.36
2873,13,2025-05-24,78.51,4.66,61.68,1661.31,66.76
2874,14,2025-05-24,84.76,6.0,66.22,2432.32,67.18
2875,15,2025-05-24,55.17,3.22,56.02,1397.65,49.79
2876,16,2025-05-24,79.43,3.81,69.72,1823.68,45.25
2877,17,2025-05-24,58.16,2.39,77.09,1945.65,72.32
2878,18,2025-05-24,57.32,3.04,60.12,2026.42,40.7
2879,19,2025-05-24,68.83,4.16,68.45,2326.48,47.65
2880,20,2025-05-24,65.26,2.89,55.2,1866.26,66.43
2881,1,2025-05-25,80.38,5.19,59.74,2542.89,68.53
2882,2,2025-05-25,82.27,4.7,61.11,1409.7,61.11
2883,3,2025-05-25,79.05,1.76,52.18,2301.52,36.33
2884,4,2025-05-25,81.17,4.8,49.29,1759.11,46.69
2885,5,2025-05-25,55.7,3.09,44.88,1875.37,65.82
2886,6,2025-05-25,76.19,5.01,84.57,2635.94,49.07
2887,7,2025-05-25,83.53,4.55,43.52,2803.73,42.98
2888,8,2025-05-25,72.36,1.31,68.78,2368.82,26.13
2889,9,2025-05-25,81.03,3.4,82.93,1290.87,41.89
2890,10,2025-05-25,77.7,5.35,65.33,1586.68,65.95
2891,11,2025-05-25,80.65,3.35,70.44,2414.52,25.72
2892,12,2025-05-25,72.26,2.43,62.16,2221.89,54.21
2893,13,2025-05-25,79.67,3.5,59.66,2333.15,45.89
2894,14,2025-05-25,89.01,5.4,92.26,2426.04,72.88
2895,15,2025-05-25,73.65,5.93,77.04,2168.2,43.69
2896,16,2025-05-25,79.94,6.64,82.81,2212.53,65.52
2897,17,2025-05-25,64.73,3.44,56.65,2978.38,20.88
2898,18,2025-05-25,79.37,1.97,78.05,2894.0,41.16
2899,19,2025-05-25,86.65,3.88,74.09,1957.09,42.16
2900,20,2025-05-25,76.05,4.6,84.93,2596.64,40.34
2901,1,2025-05-26,68.18,2.49,76.0,2511.73,48.45
2902,2,2025-05-26,82.04,5.21,65.73,2201.59,56.52
2903,3,2025-05-26,62.24,5.04,80.17,1247.4,69.65
2904,4,2025-05-26,72.82,2.52,76.68,1706.56,34.39
2905,5,2025-05-26,78.1,4.41,67.32,1791.5,53.27
2906,6,2025-05-26,75.59,4.3,92.31,2623.17,65.71
2907,7,2025-05-26,68.02,5.21,69.83,1238.0,47.53
2908,8,2025-05-26,84.8,5.79,42.5,1960.94,70.72
2909,9,2025-05-26,57.18,5.81,54.58,2748.24,43.59
2910,10,2025-05-26,87.19,4.97,88.74,2436.35,76.19
2911,11,2025-05-26,80.96,1.25,88.45,1816.12,48.54
2912,12,2025-05-26,84.36,3.77,54.01,2421.02,34.02
2913,13,2025-05-26,80.68,5.33,69.55,1650.85,47.05
2914,14,2025-05-26,65.97,4.73,66.0,1944.53,44.6
2915,15,2025-05-26,72.68,4.04,48.9,1474.2,37.06
2916,16,2025-05-26,83.74,5.9,67.91,2643.74,62.3
2917,17,2025-05-26,84.86,1.38,68.63,1348.95,27.5
2918,18,2025-05-26,80.84,3.02,50.61,2878.08,65.93
2919,19,2025-05-26,89.33,6.18,77.58,2383.32,50.72
2920,20,2025-05-26,72.41,3.76,63.8,2089.86,46.9
2921,1,2025-05-27,69.82,5.28,76.9,2315.21,67.68
2922,2,2025-05-27,83.82,6.95,72.7,1617.5,58.81
2923,3,2025-05-27,69.85,1.59,55.98,1500.3,37.59
2924,4,2025-05-27,75.44,4.59,47.36,1622.51,58.43
2925,5,2025-05-27,57.88,2.02,57.47,2535.9,63.54
2926,6,2025-05-27,88.59,5.5,81.9,1630.69,72.2
2927,7,2025-05-27,64.77,2.63,66.16,2998.23,36.77
2928,8,2025-05-27,70.56,4.07,54.63,2056.54,57.33
2929,9,2025-05-27,59.78,2.9,58.27,1825.14,44.24
2930,10,2025-05-27,77.19,6.65,92.12,1717.97,80.59
2931,11,2025-05-27,76.72,2.9,66.18,1860.94,49.62
2932,12,2025-05-27,79.79,1.68,47.18,1565.15,58.87
2933,13,2025-05-27,72.38,5.01,62.96,2644.52,54.33
2934,14,2025-05-27,78.26,5.18,78.35,2692.98,68.09
2935,15,2025-05-27,83.12,3.22,86.24,2562.82,66.82
2936,16,2025-05-27,82.96,5.22,68.34,2826.57,60.07
2937,17,2025-05-27,80.85,4.45,82.46,1646.71,30.14
2938,18,2025-05-27,83.05,3.75,89.81,2636.57,58.75
2939,19,2025-05-27,86.98,7.41,78.53,2182.71,75.43
2940,20,2025-05-27,78.66,3.79,63.72,2593.87,44.41
2941,1,2025-05-28,86.52,5.54,85.39,2409.43,59.4
2942,2,2025-05-28,76.59,5.54,90.59,2641.67,66.94
2943,3,2025-05-28,73.16,2.31,43.71,2912.1,56.19
2944,4,2025-05-28,70.88,3.59,47.6,1453.6,40.96
2945,5,2025-05-28,83.15,4.48,77.45,1922.1,61.46
2946,6,2025-05-28,81.08,6.26,85.51,2251.33,56.55
2947,7,2025-05-28,75.6,2.92,55.0,1452.31,37.55
2948,8,2025-05-28,71.41,3.73,69.12,2628.47,20.09
2949,9,2025-05-28,83.99,3.74,65.72,2574.13,71.48
2950,10,2025-05-28,77.88,3.63,44.59,2812.57,45.32
2951,11,2025-05-28,63.47,4.72,85.7,1567.81,42.01
2952,12,2025-05-28,62.33,5.87,65.57,2113.67,38.35
2953,13,2025-05-28,82.37,4.76,71.16,1394.53,51.18
2954,14,2025-05-28,80.19,5.39,63.07,2761.48,39.45
2955,15,2025-05-28,75.52,3.52,80.05,1619.28,69.05
2956,16,2025-05-28,83.97,5.89,92.89,2487.47,68.7
2957,17,2025-05-28,71.66,3.78,88.04,1318.27,48.91
2958,18,2025-05-28,77.41,2.4,48.31,1364.69,72.45
2959,19,2025-05-28,88.77,4.86,84.66,1744.75,51.06
2960,20,2025-05-28,73.51,3.93,60.79,1598.52,69.4
2961,1,2025-05-29,81.94,5.09,66.23,1338.71,52.89
2962,2,2025-05-29,85.97,5.16,70.11,2019.28,54.55
2963,3,2025-05-29,57.08,4.01,81.95,2563.93,23.54
2964,4,2025-05-29,66.91,4.19,47.81,2177.79,20.99
2965,5,2025-05-29,71.72,2.68,76.03,2560.91,55.77
2966,6,2025-05-29,80.97,4.78,59.41,1897.53,67.59
2967,7,2025-05-29,62.09,3.01,86.78,2091.6,69.2
2968,8,2025-05-29,59.7,4.16,54.12,1287.42,59.22
2969,9,2025-05-29,83.68,1.04,76.79,2812.88,57.94
2970,10,2025-05-29,81.53,3.04,57.91,2386.48,46.29
2971,11,2025-05-29,64.37,5.17,53.61,2889.05,46.69
2972,12,2025-05-29,56.06,5.47,73.28,2658.24,72.12
2973,13,2025-05-29,74.7,4.6,75.48,2662.61,78.47
2974,14,2025-05-29,72.27,3.68,64.47,2335.36,46.63
2975,15,2025-05-29,61.67,2.92,73.05,2131.46,72.4
2976,16,2025-05-29,82.37,6.4,89.34,1623.12,57.87
2977,17,2025-05-29,75.45,3.44,42.19,2484.06,43.68
2978,18,2025-05-29,62.24,1.61,59.57,1209.79,65.67
2979,19,2025-05-29,76.77,7.21,80.0,2238.08,69.46
2980,20,2025-05-29,86.57,3.98,67.11,2057.15,47.9
2981,1,2025-05-30,87.78,5.66,64.64,2386.35,59.23
2982,2,2025-05-30,81.38,7.11,91.95,2648.95,54.38
2983,3,2025-05-30,67.04,5.43,72.38,2391.38,57.05
2984,4,2025-05-30,82.22,4.14,54.19,1553.3,53.23
2985,5,2025-05-30,76.85,5.87,77.45,2235.7,43.4
2986,6,2025-05-30,62.71,5.85,67.79,2075.11,68.94
2987,7,2025-05-30,80.55,4.34,71.53,1502.89,42.09
2988,8,2025-05-30,80.81,3.35,74.31,2247.68,44.08
2989,9,2025-05-30,63.86,2.09,83.18,1853.99,40.25
2990,10,2025-05-30,68.51,2.77,75.84,2013.69,47.57
2991,11,2025-05-30,64.45,5.56,52.71,2660.61,57.84
2992,12,2025-05-30,72.81,2.02,71.46,1268.44,63.08
2993,13,2025-05-30,76.55,4.8,83.16,2509.18,59.77
2994,14,2025-05-30,71.81,3.95,82.0,1543.78,52.9
2995,15,2025-05-30,74.82,1.4,52.73,1367.95,43.17
2996,16,2025-05-30,84.82,3.73,85.37,1823.57,70.94
2997,17,2025-05-30,69.75,2.33,41.58,1899.06,73.76
2998,18,2025-05-30,68.47,1.18,78.57,1682.69,29.06
2999,19,2025-05-30,58.41,1.94,50.21,2559.26,53.6
3000,20,2025-05-30,82.0,4.68,95.98,2341.26,61.94
3001,1,2025-05-31,82.77,4.18,89.38,2073.56,77.24
3002,2,2025-05-31,82.17,6.83,73.26,1663.17,68.12
3003,3,2025-05-31,81.01,5.43,55.29,2629.73,65.55
3004,4,2025-05-31,76.38,3.48,83.14,1632.08,37.42
3005,5,2025-05-31,82.88,3.6,80.47,2213.25,53.46
3006,6,2025-05-31,75.18,4.63,78.06,1807.23,51.04
3007,7,2025-05-31,78.06,5.32,82.99,1894.46,45.74
3008,8,2025-05-31,84.99,1.21,83.04,1550.57,73.39
3009,9,2025-05-31,69.67,5.45,76.7,2174.28,64.65
3010,10,2025-05-31,74.61,3.77,72.78,2536.19,63.9
3011,11,2025-05-31,72.45,4.23,76.72,1791.09,66.45
3012,12,2025-05-31,81.43,3.89,41.75,1837.19,46.68
3013,13,2025-05-31,88.69,4.59,62.05,2918.93,68.82
3014,14,2025-05-31,78.79,4.13,70.03,2623.02,67.1
3015,15,2025-05-31,67.74,2.57,85.73,2324.88,50.98
3016,16,2025-05-31,60.4,3.04,48.2,2056.56,29.21
3017,17,2025-05-31,62.93,2.14,77.8,1543.18,67.39
3018,18,2025-05-31,73.47,3.85,89.41,1787.64,42.3
3019,19,2025-05-31,64.63,5.03,45.46,2885.55,23.46
3020,20,2025-05-31,78.12,7.08,84.17,2925.18,66.43
3021,1,2025-06-01,86.15,6.28,78.67,1243.74,70.37
3022,2,2025-06-01,63.04,5.33,61.39,1632.57,33.77
3023,3,2025-06-01,74.85,3.31,66.71,1321.29,73.35
3024,4,2025-06-01,76.67,3.49,84.03,1554.54,55.89
3025,5,2025-06-01,75.0,4.56,87.74,1667.59,62.24
3026,6,2025-06-01,61.87,2.72,46.05,2684.67,37.8
3027,7,2025-06-01,76.76,5.66,87.13,2396.2,56.04
3028,8,2025-06-01,60.28,3.01,63.67,2507.07,20.76
3029,9,2025-06-01,81.05,3.61,70.22,1602.47,30.69
3030,10,2025-06-01,73.56,4.53,89.85,1896.36,61.82
3031,11,2025-06-01,81.7,4.96,53.23,1323.35,57.61
3032,12,2025-06-01,56.13,5.75,46.49,1711.8,42.12
3033,13,2025-06-01,85.26,6.08,76.04,2142.3,69.76
3034,14,2025-06-01,85.56,4.22,67.04,1495.25,47.24
3035,15,2025-06-01,77.14,3.6,89.78,1749.95,20.37
3036,16,2025-06-01,61.88,4.88,72.11,2616.81,32.64
3037,17,2025-06-01,72.03,4.27,60.09,2082.15,34.03
3038,18,2025-06-01,69.7,4.11,72.89,2671.49,50.87
3039,19,2025-06-01,75.96,4.18,80.49,2605.71,25.68
3040,20,2025-06-01,70.59,3.73,70.89,1878.46,43.64
3041,1,2025-06-02,56.9,1.26,51.93,2106.58,24.0
3042,2,2025-06-02,76.78,4.8,62.75,1224.01,48.1
3043,3,2025-06-02,64.29,5.97,63.6,1944.55,58.0
3044,4,2025-06-02,74.0,3.17,66.14,1945.44,58.09
3045,5,2025-06-02,82.67,5.98,92.43,3015.8,74.54
3046,6,2025-06-02,83.97,4.96,79.36,2363.25,48.43
3047,7,2025-06-02,76.19,4.07,86.08,1982.67,73.54
3048,8,2025-06-02,56.28,1.84,55.03,2121.02,25.45
3049,9,2025-06-02,75.37,2.7,79.99,2409.65,63.34
3050,10,2025-06-02,84.5,4.08,75.81,2240.56,63.99
3051,11,2025-06-02,63.31,5.92,82.44,2210.45,74.74
3052,12,2025-06-02,62.66,3.19,89.59,2796.55,28.72
3053,13,2025-06-02,89.68,5.22,78.27,1792.21,62.57
3054,14,2025-06-02,84.93,5.34,90.68,1987.21,73.03
3055,15,2025-06-02,60.65,5.38,74.33,2353.12,58.82
3056,16,2025-06-02,67.23,3.85,69.11,1967.96,62.49
3057,17,2025-06-02,63.75,4.49,69.68,1651.81,32.06
3058,18,2025-06-02,83.07,4.89,73.22,1976.35,66.49
3059,19,2025-06-02,65.61,2.71,62.64,2486.06,68.91
3060,20,2025-06-02,76.2,5.52,76.38,2222.47,70.07
3061,1,2025-06-03,60.76,2.46,67.07,2218.03,29.14
3062,2,2025-06-03,77.76,5.43,58.87,1707.69,34.78
3063,3,2025-06-03,64.73,1.91,81.63,1901.89,55.22
3064,4,2025-06-03,75.59,5.68,73.4,2342.74,72.45
3065,5,2025-06-03,91.07,5.73,90.05,1637.4,68.43
3066,6,2025-06-03,83.71,2.52,64.54,1362.05,28.62
3067,7,2025-06-03,84.62,6.61,73.57,1580.18,66.17
3068,8,2025-06-03,79.77,3.31,89.03,2759.93,66.64
3069,9,2025-06-03,79.01,4.75,63.81,1462.81,61.1
3070,10,2025-06-03,79.58,4.72,75.25,1727.85,60.35
3071,11,2025-06-03,71.66,5.86,74.27,2399.35,56.83
3072,12,2025-06-03,77.63,4.92,59.71,2768.61,38.56
3073,13,2025-06-03,79.61,6.91,88.95,1855.78,50.18
3074,14,2025-06-03,80.15,7.44,93.46,1376.65,56.56
3075,15,2025-06-03,75.79,2.47,74.68,1877.89,45.47
3076,16,2025-06-03,76.61,3.2,77.74,1953.87,50.63
3077,17,2025-06-03,80.41,2.81,59.66,1230.06,50.61
3078,18,2025-06-03,75.56,4.27,67.07,1659.26,60.05
3079,19,2025-06-03,68.06,3.0,76.3,2184.12,62.98
3080,20,2025-06-03,90.13,4.11,73.1,1698.39,45.73
3081,1,2025-06-04,61.69,2.53,62.25,1800.56,27.6
3082,2,2025-06-04,77.29,1.6,68.19,1634.04,44.76
3083,3,2025-06-04,56.7,1.82,72.75,2808.92,31.46
3084,4,2025-06-04,73.86,4.46,92.33,1367.32,77.04
3085,5,2025-06-04,64.91,3.2,70.54,1255.0,22.25
3086,6,2025-06-04,60.57,3.01,79.08,2734.68,50.64
3087,7,2025-06-04,75.37,5.04,77.11,1956.48,70.05
3088,8,2025-06-04,66.11,5.82,42.63,1378.28,41.94
3089,9,2025-06-04,76.66,5.73,82.73,2349.94,59.82
3090,10,2025-06-04,90.09,4.73,77.85,2549.08,49.87
3091,11,2025-06-04,80.12,2.53,53.2,1243.04,28.98
3092,12,2025-06-04,76.15,5.42,53.89,1736.65,50.79
3093,13,2025-06-04,86.35,6.97,86.83,1651.82,67.27
3094,14,2025-06-04,70.63,5.21,70.22,2249.62,53.14
3095,15,2025-06-04,55.24,4.83,65.91,1617.5,70.21
3096,16,2025-06-04,84.57,4.26,76.3,2615.88,40.25
3097,17,2025-06-04,63.73,3.33,49.31,1295.93,27.57
3098,18,2025-06-04,75.85,3.91,63.89,1884.45,48.32
3099,19,2025-06-04,82.14,3.28,89.01,2769.75,33.51
3100,20,2025-06-04,75.26,6.31,84.13,2435.47,57.48
3101,1,2025-06-05,72.95,4.45,73.8,1233.49,55.87
3102,2,2025-06-05,66.16,3.47,62.95,2803.16,45.83
3103,3,2025-06-05,55.88,1.96,72.7,2323.35,66.09
3104,4,2025-06-05,82.96,5.51,79.08,3090.66,66.93
3105,5,2025-06-05,75.3,2.97,52.24,2573.53,46.36
3106,6,2025-06-05,69.47,3.59,49.06,1931.49,44.18
3107,7,2025-06-05,89.17,5.11,92.23,2153.04,48.68
3108,8,2025-06-05,60.94,4.72,60.5,1745.48,65.06
3109,9,2025-06-05,77.98,4.86,71.89,2179.58,63.58
3110,10,2025-06-05,63.91,5.82,80.14,2670.83,73.12
3111,11,2025-06-05,77.44,2.77,67.6,2110.37,38.97
3112,12,2025-06-05,70.93,2.25,52.73,2113.82,49.29
3113,13,2025-06-05,89.69,5.78,75.67,1744.3,56.54
3114,14,2025-06-05,73.57,3.99,41.92,1343.34,29.32
3115,15,2025-06-05,61.55,1.45,85.31,1439.46,36.53
3116,16,2025-06-05,86.87,3.36,73.66,1864.1,55.37
3117,17,2025-06-05,84.28,1.47,80.54,2064.67,64.78
3118,18,2025-06-05,86.7,5.8,69.15,2079.54,67.07
3119,19,2025-06-05,55.6,3.76,52.82,1776.87,41.66
3120,20,2025-06-05,81.91,7.15,72.28,2714.35,63.23
3121,1,2025-06-06,63.44,1.07,43.89,1752.46,55.0
3122,2,2025-06-06,83.14,5.96,84.39,2403.06,55.11
3123,3,2025-06-06,66.06,1.7,52.78,2998.5,40.32
3124,4,2025-06-06,90.36,5.35,93.15,1890.05,63.2
3125,5,2025-06-06,68.65,1.87,53.02,2414.76,24.19
3126,6,2025-06-06,73.06,5.11,65.65,1511.19,74.21
3127,7,2025-06-06,81.95,1.57,55.0,1578.28,38.37
3128,8,2025-06-06,61.36,5.38,72.03,2685.99,38.86
3129,9,2025-06-06,84.53,4.08,81.31,2248.06,64.44
3130,10,2025-06-06,80.07,2.24,87.87,2112.21,73.29
3131,11,2025-06-06,75.59,3.0,65.09,2365.41,55.05
3132,12,2025-06-06,55.55,4.49,66.78,2943.72,56.84
3133,13,2025-06-06,74.52,7.17,76.5,1524.51,49.64
3134,14,2025-06-06,67.92,1.48,87.34,2499.63,62.42
3135,15,2025-06-06,68.63,4.2,47.78,1629.12,20.06
3136,16,2025-06-06,73.43,4.41,85.62,1913.62,44.64
3137,17,2025-06-06,64.61,4.36,43.06,2981.68,62.88
3138,18,2025-06-06,85.37,6.24,66.13,1804.17,75.0
3139,19,2025-06-06,72.45,5.25,51.99,1688.82,60.21
3140,20,2025-06-06,89.43,6.4,74.83,1768.17,73.34
3141,1,2025-06-07,83.18,4.62,59.13,1465.8,47.77
3142,2,2025-06-07,73.21,2.86,79.83,2519.82,44.34
3143,3,2025-06-07,75.74,5.17,80.51,2269.74,53.13
3144,4,2025-06-07,78.19,2.04,41.47,2427.67,24.37
3145,5,2025-06-07,71.18,3.54,78.09,2184.5,49.19
3146,6,2025-06-07,60.6,5.4,87.01,1227.23,66.56
3147,7,2025-06-07,72.08,4.97,74.78,1452.36,54.06
3148,8,2025-06-07,79.41,4.16,69.43,2580.38,48.74
3149,9,2025-06-07,80.99,5.52,75.7,2445.43,57.06
3150,10,2025-06-07,74.21,1.02,50.46,1481.78,25.47
3151,11,2025-06-07,79.15,4.42,83.26,2322.88,59.37
3152,12,2025-06-07,65.24,5.91,85.31,1282.16,42.02
3153,13,2025-06-07,93.67,7.64,69.39,1790.25,65.79
3154,14,2025-06-07,69.85,4.07,42.07,1736.17,63.69
3155,15,2025-06-07,79.74,4.9,40.65,2059.8,54.95
3156,16,2025-06-07,80.82,5.5,81.5,1781.87,68.35
3157,17,2025-06-07,60.39,4.41,72.45,2522.95,54.01
3158,18,2025-06-07,89.28,6.76,89.03,1925.36,69.41
3159,19,2025-06-07,69.66,3.87,57.33,1997.34,43.12
3160,20,2025-06-07,59.06,4.51,41.25,1646.34,72.45
3161,1,2025-06-08,82.03,4.81,49.64,2372.56,24.14
3162,2,2025-06-08,66.59,4.18,66.24,1521.25,38.18
3163,3,2025-06-08,84.68,5.67,42.97,2918.56,36.24
3164,4,2025-06-08,79.22,2.92,58.88,2452.32,31.59
3165,5,2025-06-08,56.13,2.89,80.14,1467.06,67.15
3166,6,2025-06-08,62.05,2.99,47.01,1435.27,74.52
3167,7,2025-06-08,75.05,5.66,58.53,1936.85,67.32
3168,8,2025-06-08,82.24,3.64,84.28,1496.14,34.06
3169,9,2025-06-08,81.3,5.78,66.58,2245.26,74.69
3170,10,2025-06-08,76.79,4.28,62.81,2522.73,62.21
3171,11,2025-06-08,76.37,5.6,77.23,2438.83,42.64
3172,12,2025-06-08,78.92,3.77,75.89,2716.71,65.77
3173,13,2025-06-08,80.0,1.1,69.16,2312.38,54.04
3174,14,2025-06-08,80.15,2.09,81.23,2069.55,35.53
3175,15,2025-06-08,78.66,2.88,72.57,2544.53,62.77
3176,16,2025-06-08,85.06,4.19,62.97,2111.26,56.3
3177,17,2025-06-08,65.42,5.06,78.79,1981.5,35.98
3178,18,2025-06-08,90.79,4.77,68.72,2770.17,64.57
3179,19,2025-06-08,80.28,2.74,48.19,2054.46,72.68
3180,20,2025-06-08,84.46,5.78,74.26,2758.04,49.92
3181,1,2025-06-09,82.21,4.91,77.43,1664.82,71.33
3182,2,2025-06-09,80.29,4.19,71.89,2163.48,58.03
3183,3,2025-06-09,76.4,5.4,43.95,1499.28,40.2
3184,4,2025-06-09,66.76,4.93,86.27,2532.64,40.38
3185,5,2025-06-09,68.36,4.51,65.83,1201.42,49.19
3186,6,2025-06-09,57.84,5.92,72.98,2016.98,42.86
3187,7,2025-06-09,76.32,4.0,64.25,1728.8,42.78
3188,8,2025-06-09,77.94,5.68,66.71,2146.76,43.82
3189,9,2025-06-09,84.56,5.21,92.04,2117.23,64.83
3190,10,2025-06-09,74.07,2.46,49.29,1510.31,45.27
3191,11,2025-06-09,88.75,6.39,77.87,2545.01,59.95
3192,12,2025-06-09,78.6,3.29,77.83,2138.33,42.79
3193,13,2025-06-09,55.51,4.08,75.62,2939.25,57.34
3194,14,2025-06-09,78.88,5.05,57.56,2992.07,25.37
3195,15,2025-06-09,78.31,4.78,61.63,1911.92,44.44
3196,16,2025-06-09,84.33,6.05,86.2,2451.64,59.94
3197,17,2025-06-09,70.15,2.46,59.68,2863.32,74.34
3198,18,2025-06-09,79.49,4.42,85.43,2593.77,43.89
3199,19,2025-06-09,71.43,4.82,44.35,2495.35,60.11
3200,20,2025-06-09,66.93,4.31,79.58,1547.42,73.37
3201,1,2025-06-10,72.27,1.29,87.08,2350.03,31.85
3202,2,2025-06-10,82.93,2.37,68.37,1933.34,37.7
3203,3,2025-06-10,70.82,4.46,86.64,2097.79,53.85
3204,4,2025-06-10,84.57,3.46,67.53,1516.62,49.76
3205,5,2025-06-10,71.1,4.73,52.07,2311.02,35.73
3206,6,2025-06-10,64.04,4.01,50.05,1903.51,32.99
3207,7,2025-06-10,76.36,5.5,68.13,1614.75,60.89
3208,8,2025-06-10,71.69,2.74,66.31,1477.86,27.69
3209,9,2025-06-10,69.3,2.03,45.1,2864.39,38.57
3210,10,2025-06-10,57.89,4.35,87.55,2208.72,45.57
3211,11,2025-06-10,89.71,4.42,86.39,2295.94,76.84
3212,12,2025-06-10,82.77,3.42,78.3,1942.26,52.42
3213,13,2025-06-10,69.3,1.36,45.22,1868.82,56.14
3214,14,2025-06-10,73.87,2.49,53.03,2017.7,59.14
3215,15,2025-06-10,82.63,3.27,73.67,2529.42,55.62
3216,16,2025-06-10,82.02,4.16,69.1,2007.69,66.74
3217,17,2025-06-10,73.2,3.7,71.86,2772.64,27.02
3218,18,2025-06-10,62.68,1.63,81.31,2646.25,49.76
3219,19,2025-06-10,58.56,5.36,73.17,2783.92,64.38
3220,20,2025-06-10,64.28,3.44,75.01,1835.12,42.41
3221,1,2025-06-11,79.22,1.49,72.24,2241.66,26.01
3222,2,2025-06-11,74.62,2.46,78.79,2755.86,51.25
3223,3,2025-06-11,78.13,4.29,71.99,2698.25,44.74
3224,4,2025-06-11,83.67,3.35,63.29,2830.7,68.37
3225,5,2025-06-11,70.06,2.69,81.38,2282.83,65.82
3226,6,2025-06-11,68.16,3.18,84.47,2152.33,38.44
3227,7,2025-06-11,87.94,5.75,84.08,1564.44,63.45
3228,8,2025-06-11,71.68,2.48,47.73,2217.08,45.55
3229,9,2025-06-11,62.55,1.63,60.8,1774.17,44.9
3230,10,2025-06-11,58.88,1.07,48.43,2190.25,41.17
3231,11,2025-06-11,86.08,4.14,67.3,1694.19,78.57
3232,12,2025-06-11,78.29,3.89,89.23,1804.12,70.88
3233,13,2025-06-11,73.89,4.93,72.78,2328.79,22.81
3234,14,2025-06-11,77.67,1.95,62.72,1310.55,67.23
3235,15,2025-06-11,73.25,4.95,68.05,2177.83,61.1
3236,16,2025-06-11,78.44,6.87,97.08,1184.88,74.6
3237,17,2025-06-11,73.98,4.39,77.29,2515.58,53.5
3238,18,2025-06-11,71.14,5.26,55.32,1501.49,68.51
3239,19,2025-06-11,61.01,3.91,84.78,2676.06,46.8
3240,20,2025-06-11,74.65,4.08,57.56,1359.2,53.52
3241,1,2025-06-12,78.14,4.73,87.01,1847.02,66.7
3242,2,2025-06-12,70.12,3.28,88.32,2806.01,55.72
3243,3,2025-06-12,72.87,4.75,61.08,2233.01,50.09
3244,4,2025-06-12,78.58,5.32,72.94,2286.96,46.94
3245,5,2025-06-12,75.3,5.12,70.49,1316.07,45.74
3246,6,2025-06-12,73.99,4.58,76.99,2307.31,41.67
3247,7,2025-06-12,79.12,6.63,81.06,2284.86,58.11
3248,8,2025-06-12,71.08,3.42,69.35,1277.27,22.43
3249,9,2025-06-12,81.06,3.1,67.63,2603.75,73.36
3250,10,2025-06-12,65.4,3.7,41.11,2793.49,56.12
3251,11,2025-06-12,84.62,5.14,67.87,2391.61,39.55
3252,12,2025-06-12,84.7,6.34,70.84,2241.04,52.84
3253,13,2025-06-12,82.23,1.64,57.19,2674.71,58.36
3254,14,2025-06-12,66.21,4.18,65.01,2463.96,50.1
3255,15,2025-06-12,80.5,3.54,84.36,1434.33,69.81
3256,16,2025-06-12,79.91,7.23,77.77,1877.43,55.41
3257,17,2025-06-12,75.08,5.37,66.22,2242.0,68.68
3258,18,2025-06-12,81.93,5.19,66.63,2071.92,45.19
3259,19,2025-06-12,62.28,5.49,42.72,2435.15,31.69
3260,20,2025-06-12,68.18,4.35,70.16,2900.5,25.2
3261,1,2025-06-13,78.53,1.28,75.81,2693.14,33.74
3262,2,2025-06-13,74.23,2.54,78.52,1344.9,20.79
3263,3,2025-06-13,74.91,3.06,65.22,2608.14,50.68
3264,4,2025-06-13,90.98,6.96,87.9,2527.64,73.44
3265,5,2025-06-13,65.72,1.69,65.45,2203.41,71.74
3266,6,2025-06-13,84.26,5.21,72.92,2108.89,60.35
3267,7,2025-06-13,92.38,4.72,70.74,1802.81,72.84
3268,8,2025-06-13,68.34,3.55,46.81,1677.91,54.47
3269,9,2025-06-13,70.26,2.44,40.3,2672.87,57.92
3270,10,2025-06-13,64.34,1.18,73.32,1894.15,62.08
3271,11,2025-06-13,69.47,3.14,85.48,2367.77,66.9
3272,12,2025-06-13,83.78,5.83,86.34,1979.66,55.74
3273,13,2025-06-13,60.34,3.62,45.16,1543.71,68.65
3274,14,2025-06-13,74.43,2.44,70.8,2306.18,66.59
3275,15,2025-06-13,90.69,3.96,69.26,2188.35,59.42
3276,16,2025-06-13,66.37,5.15,67.28,2949.77,67.63
3277,17,2025-06-13,78.82,4.6,66.38,2468.62,70.13
3278,18,2025-06-13,74.08,4.88,59.52,2907.29,49.33
3279,19,2025-06-13,61.37,3.53,44.07,2337.34,24.99
3280,20,2025-06-13,82.68,4.33,80.26,1889.58,73.22
3281,1,2025-06-14,64.49,4.37,66.98,1540.29,63.42
3282,2,2025-06-14,67.43,2.59,76.28,2829.34,44.59
3283,3,2025-06-14,79.29,6.0,65.64,2597.89,55.1
3284,4,2025-06-14,77.66,6.28,86.24,1790.83,74.52
3285,5,2025-06-14,67.7,2.6,68.26,2711.95,55.22
3286,6,2025-06-14,76.95,3.54,73.94,2571.78,51.29
3287,7,2025-06-14,79.25,5.45,74.93,1414.91,61.26
3288,8,2025-06-14,83.94,1.91,57.38,2706.05,24.27
3289,9,2025-06-14,58.05,2.92,48.96,2459.01,34.85
3290,10,2025-06-14,61.23,1.51,79.17,2274.47,48.29
3291,11,2025-06-14,67.35,1.67,75.04,1476.95,25.48
3292,12,2025-06-14,82.78,4.62,71.96,1495.96,61.86
3293,13,2025-06-14,63.9,2.04,53.99,1947.21,29.98
3294,14,2025-06-14,84.99,5.43,58.77,2928.22,33.51
3295,15,2025-06-14,80.9,6.77,84.6,2396.06,51.64
3296,16,2025-06-14,65.8,4.61,44.41,2420.42,72.61
3297,17,2025-06-14,74.65,6.03,81.73,2638.53,52.87
3298,18,2025-06-14,74.77,3.68,48.47,1292.32,68.6
3299,19,2025-06-14,59.25,4.61,52.29,1717.15,45.88
3300,20,2025-06-14,81.32,2.28,84.58,2869.68,71.3
3301,1,2025-06-15,79.08,5.48,42.27,1930.09,24.23
3302,2,2025-06-15,58.48,2.13,40.85,1679.42,56.08
3303,3,2025-06-15,86.81,4.97,66.86,2214.55,60.38
3304,4,2025-06-15,93.65,5.02,75.41,1957.26,62.31
3305,5,2025-06-15,62.82,2.05,68.19,1989.77,49.14
3306,6,2025-06-15,79.74,3.81,75.06,1873.66,51.96
3307,7,2025-06-15,82.72,6.63,75.25,1706.51,62.31
3308,8,2025-06-15,55.79,3.27,55.73,1799.67,57.37
3309,9,2025-06-15,66.75,4.91,65.79,2577.59,54.86
3310,10,2025-06-15,77.43,4.23,56.15,2879.96,67.71
3311,11,2025-06-15,69.91,4.95,75.59,1439.53,31.11
3312,12,2025-06-15,76.99,4.49,69.41,1269.36,61.29
3313,13,2025-06-15,80.48,4.88,64.0,2496.18,39.59
3314,14,2025-06-15,76.56,5.17,88.8,1477.18,41.88
3315,15,2025-06-15,59.01,1.72,47.89,1940.08,67.09
3316,16,2025-06-15,84.16,1.6,40.1,2588.64,54.98
3317,17,2025-06-15,87.8,4.39,66.84,1297.02,51.11
3318,18,2025-06-15,55.45,1.48,46.47,2147.57,53.2
3319,19,2025-06-15,71.34,4.36,53.24,1624.43,23.38
3320,20,2025-06-15,72.58,3.44,44.79,2877.64,38.46
3321,1,2025-06-16,77.77,4.02,88.66,1409.83,71.75
3322,2,2025-06-16,84.92,1.92,54.03,2525.73,48.57
3323,3,2025-06-16,81.3,4.89,89.41,2715.19,62.17
3324,4,2025-06-16,65.89,2.88,85.26,1206.26,30.41
3325,5,2025-06-16,74.26,1.2,42.69,1642.77,71.14
3326,6,2025-06-16,78.92,7.34,85.5,2192.26,60.41
3327,7,2025-06-16,91.73,5.51,75.47,2379.23,72.22
3328,8,2025-06-16,70.09,2.88,84.69,1757.73,41.49
3329,9,2025-06-16,59.82,3.65,51.15,2139.68,63.25
3330,10,2025-06-16,60.91,5.69,56.27,2499.37,31.96
3331,11,2025-06-16,73.04,1.14,47.23,2426.94,62.43
3332,12,2025-06-16,89.4,7.81,94.14,2657.65,53.54
3333,13,2025-06-16,71.02,3.27,70.27,2196.19,56.52
3334,14,2025-06-16,61.8,5.37,72.21,1262.29,42.82
3335,15,2025-06-16,59.69,5.83,74.58,1553.91,72.5
3336,16,2025-06-16,63.35,2.76,49.84,1815.61,65.04
3337,17,2025-06-16,89.0,5.03,79.12,2388.17,53.72
3338,18,2025-06-16,82.79,1.11,52.12,1258.08,55.15
3339,19,2025-06-16,63.04,3.81,58.07,1822.02,47.98
3340,20,2025-06-16,84.74,2.73,85.46,1432.4,30.0
3341,1,2025-06-17,75.94,1.96,40.28,1208.06,43.18
3342,2,2025-06-17,81.65,3.79,70.15,1746.3,65.42
3343,3,2025-06-17,82.43,6.03,78.7,1570.56,76.74
3344,4,2025-06-17,72.93,4.06,73.95,1629.6,63.31
3345,5,2025-06-17,77.39,2.66,46.51,2429.71,64.16
3346,6,2025-06-17,88.04,6.78,70.99,2911.0,59.76
3347,7,2025-06-17,89.98,5.09,82.65,2310.53,81.28
3348,8,2025-06-17,84.7,4.36,58.75,2484.2,48.72
3349,9,2025-06-17,77.79,5.89,47.79,1974.32,34.89
3350,10,2025-06-17,78.69,5.31,65.21,2635.42,64.8
3351,11,2025-06-17,84.85,2.04,43.56,1468.84,66.3
3352,12,2025-06-17,62.99,4.97,42.15,1316.93,57.17
3353,13,2025-06-17,85.71,4.82,88.05,1877.5,45.86
3354,14,2025-06-17,59.91,2.82,76.88,2588.4,35.16
3355,15,2025-06-17,68.33,3.19,63.18,1982.76,55.78
3356,16,2025-06-17,75.04,2.45,48.17,1944.44,71.51
3357,17,2025-06-17,79.76,6.01,83.87,2587.65,51.22
3358,18,2025-06-17,80.18,2.45,78.57,1869.46,53.33
3359,19,2025-06-17,63.92,1.64,45.62,2116.68,36.91
3360,20,2025-06-17,72.59,1.1,53.97,2251.51,65.46
3361,1,2025-06-18,74.74,4.9,43.09,1505.19,30.58
3362,2,2025-06-18,57.14,5.2,54.67,2226.03,74.96
3363,3,2025-06-18,63.5,4.0,40.81,2923.71,35.9
3364,4,2025-06-18,82.53,2.92,77.97,2669.88,62.94
3365,5,2025-06-18,66.38,4.54,72.67,2008.44,50.93
3366,6,2025-06-18,74.42,2.34,53.24,1610.3,71.55
3367,7,2025-06-18,77.61,5.0,68.55,1266.1,55.83
3368,8,2025-06-18,75.3,3.91,86.95,2602.29,43.06
3369,9,2025-06-18,66.09,1.96,45.59,1907.2,55.59
3370,10,2025-06-18,75.02,4.74,83.86,1787.73,63.44
3371,11,2025-06-18,61.0,5.48,49.34,1212.41,27.98
3372,12,2025-06-18,77.01,3.73,89.42,1777.59,59.85
3373,13,2025-06-18,75.75,5.04,86.27,2037.11,55.64
3374,14,2025-06-18,80.31,2.59,84.8,2232.1,39.9
3375,15,2025-06-18,84.49,5.72,75.26,1684.0,23.24
3376,16,2025-06-18,79.34,4.06,65.25,1496.53,59.54
3377,17,2025-06-18,73.73,5.71,45.53,2624.4,27.46
3378,18,2025-06-18,76.02,4.96,49.24,2137.42,67.17
3379,19,2025-06-18,64.18,1.38,75.5,2754.41,34.13
3380,20,2025-06-18,59.5,2.78,71.8,1736.14,38.19
3381,1,2025-06-19,56.32,3.03,53.03,1512.68,33.36
3382,2,2025-06-19,83.11,3.17,69.76,1908.69,44.05
3383,3,2025-06-19,63.35,1.31,44.15,1801.69,72.37
3384,4,2025-06-19,72.98,3.64,63.69,1404.74,56.05
3385,5,2025-06-19,71.92,3.97,73.1,2597.36,41.21
3386,6,2025-06-19,61.69,2.79,75.79,2750.23,32.04
3387,7,2025-06-19,86.2,5.64,65.9,1701.12,54.62
3388,8,2025-06-19,80.56,5.04,67.35,1702.4,48.61
3389,9,2025-06-19,81.22,1.29,74.1,2849.21,43.02
3390,10,2025-06-19,80.39,6.15,59.84,2380.21,62.33
3391,11,2025-06-19,74.66,5.73,63.88,2816.73,31.9
3392,12,2025-06-19,67.36,4.87,60.87,2798.37,31.37
3393,13,2025-06-19,87.14,6.37,74.47,2760.43,68.34
3394,14,2025-06-19,68.73,4.61,86.29,1418.3,52.12
3395,15,2025-06-19,65.82,4.46,69.53,2109.01,21.96
3396,16,2025-06-19,84.51,5.82,84.56,2870.63,37.14
3397,17,2025-06-19,57.33,3.87,54.4,1321.55,26.97
3398,18,2025-06-19,61.34,1.33,42.41,1223.13,29.9
3399,19,2025-06-19,74.07,5.76,70.5,1276.16,41.94
3400,20,2025-06-19,72.44,4.81,65.24,2535.56,69.51
3401,1,2025-06-20,73.34,3.68,60.65,2139.38,53.55
3402,2,2025-06-20,62.11,5.19,44.68,1996.41,50.99
3403,3,2025-06-20,83.67,1.47,45.94,2060.83,44.14
3404,4,2025-06-20,79.21,6.58,71.25,2022.91,63.45
3405,5,2025-06-20,83.25,6.04,87.08,1484.93,65.67
3406,6,2025-06-20,82.22,5.73,42.94,1964.1,36.01
3407,7,2025-06-20,83.53,6.77,74.09,2778.09,72.36
3408,8,2025-06-20,86.16,5.05,91.22,1960.76,56.21
3409,9,2025-06-20,79.79,1.13,64.63,1360.2,20.12
3410,10,2025-06-20,71.8,5.55,65.1,2794.37,56.28
3411,11,2025-06-20,73.44,3.88,57.37,2467.73,49.41
3412,12,2025-06-20,78.9,1.57,60.03,1351.86,21.02
3413,13,2025-06-20,88.16,5.03,74.98,1907.34,73.75
3414,14,2025-06-20,72.17,3.58,90.05,2523.83,43.88
3415,15,2025-06-20,78.42,4.96,87.33,1504.87,40.99
3416,16,2025-06-20,77.37,1.9,72.48,2732.57,42.67
3417,17,2025-06-20,76.63,3.92,85.14,2473.12,52.33
3418,18,2025-06-20,66.49,3.54,60.04,1650.32,73.79
3419,19,2025-06-20,72.28,2.09,49.6,2252.98,73.86
3420,20,2025-06-20,65.57,5.38,88.17,2158.03,29.69
3421,1,2025-06-21,75.82,3.63,65.51,2459.41,57.61
3422,2,2025-06-21,82.12,2.89,72.21,1266.59,73.3
3423,3,2025-06-21,56.86,2.65,56.97,2600.25,45.73
3424,4,2025-06-21,77.6,4.45,68.52,2152.69,53.56
3425,5,2025-06-21,74.06,6.15,86.16,2477.62,54.75
3426,6,2025-06-21,81.92,1.8,77.77,1967.7,42.18
3427,7,2025-06-21,76.22,5.87,70.21,1870.22,76.03
3428,8,2025-06-21,87.01,4.42,77.82,2288.76,70.26
3429,9,2025-06-21,74.16,1.21,72.95,2499.42,54.43
3430,10,2025-06-21,72.01,5.44,81.05,2383.61,73.38
3431,11,2025-06-21,77.66,3.62,89.95,1729.58,49.21
3432,12,2025-06-21,84.89,1.69,75.56,2628.58,74.35
3433,13,2025-06-21,79.45,7.54,79.89,1092.68,79.74
3434,14,2025-06-21,71.49,4.32,76.16,1375.59,60.56
3435,15,2025-06-21,79.05,5.56,51.94,2993.24,64.52
3436,16,2025-06-21,57.11,4.03,47.45,2985.21,60.91
3437,17,2025-06-21,72.69,3.84,71.55,1825.19,64.05
3438,18,2025-06-21,81.51,1.12,80.14,1755.32,48.95
3439,19,2025-06-21,58.99,5.1,69.74,2686.93,23.28
3440,20,2025-06-21,76.33,1.28,65.42,2005.03,67.69
3441,1,2025-06-22,73.02,3.81,68.44,2616.87,64.45
3442,2,2025-06-22,74.57,2.96,62.62,1591.1,41.4
3443,3,2025-06-22,63.07,5.86,63.59,1352.16,39.6
3444,4,2025-06-22,90.21,6.05,73.83,1355.3,76.81
3445,5,2025-06-22,86.57,4.39,71.48,1852.04,58.21
3446,6,2025-06-22,74.74,4.58,82.65,1529.01,60.26
3447,7,2025-06-22,79.78,4.2,80.0,2492.28,74.13
3448,8,2025-06-22,92.69,5.41,82.99,2731.62,62.64
3449,9,2025-06-22,55.0,2.12,86.94,2047.98,26.68
3450,10,2025-06-22,82.27,5.63,62.82,2104.52,74.96
3451,11,2025-06-22,74.35,3.16,57.09,2226.13,70.22
3452,12,2025-06-22,66.29,2.81,48.94,1865.7,33.85
3453,13,2025-06-22,83.28,4.35,82.28,2818.41,62.87
3454,14,2025-06-22,77.82,5.85,69.23,2479.46,44.99
3455,15,2025-06-22,62.8,5.33,57.9,2777.37,58.41
3456,16,2025-06-22,73.31,5.89,75.4,2940.23,23.74
3457,17,2025-06-22,77.97,3.92,77.16,1558.94,54.15
3458,18,2025-06-22,76.68,5.33,65.97,1313.0,68.18
3459,19,2025-06-22,78.08,3.59,53.57,2950.33,62.8
3460,20,2025-06-22,61.74,1.66,69.15,2440.5,45.64
3461,1,2025-06-23,82.03,4.16,64.57,1737.27,65.88
3462,2,2025-06-23,71.07,1.04,74.94,2128.01,41.19
3463,3,2025-06-23,76.72,4.14,75.56,2204.35,54.2
3464,4,2025-06-23,84.88,5.5,75.25,1947.84,70.19
3465,5,2025-06-23,80.65,4.97,80.02,2172.63,56.24
3466,6,2025-06-23,76.24,4.02,80.99,1634.84,61.62
3467,7,2025-06-23,90.18,6.59,78.97,1370.17,71.64
3468,8,2025-06-23,85.16,6.43,80.08,2212.03,47.04
3469,9,2025-06-23,64.36,3.85,71.46,1526.43,34.17
3470,10,2025-06-23,85.73,7.21,69.08,1782.97,50.44
3471,11,2025-06-23,74.97,2.8,70.48,1801.17,49.52
3472,12,2025-06-23,75.76,1.96,55.77,1472.4,47.65
3473,13,2025-06-23,88.67,5.83,68.63,1639.52,49.88
3474,14,2025-06-23,90.21,4.06,91.24,1468.41,46.53
3475,15,2025-06-23,71.97,1.42,44.6,2286.59,20.11
3476,16,2025-06-23,79.69,3.17,63.61,1969.39,56.71
3477,17,2025-06-23,74.02,3.83,72.76,1853.86,48.89
3478,18,2025-06-23,59.84,2.61,40.41,1601.23,39.84
3479,19,2025-06-23,62.29,5.59,77.37,2939.87,64.84
3480,20,2025-06-23,57.66,1.5,56.86,1739.84,42.19
3481,1,2025-06-24,78.07,3.68,81.06,2340.15,54.43
3482,2,2025-06-24,57.86,5.02,40.09,1971.47,56.19
3483,3,2025-06-24,58.78,3.76,49.33,1320.55,34.62
3484,4,2025-06-24,82.68,2.65,58.54,2648.29,67.53
3485,5,2025-06-24,91.6,6.36,93.92,1965.23,66.1
3486,6,2025-06-24,75.25,5.4,74.01,2455.63,45.67
3487,7,2025-06-24,82.7,4.72,69.56,2340.36,76.83
3488,8,2025-06-24,79.15,4.5,82.65,2345.56,72.19
3489,9,2025-06-24,72.31,4.35,61.8,2433.27,40.63
3490,10,2025-06-24,59.15,1.09,65.58,2501.93,53.84
3491,11,2025-06-24,70.05,5.33,83.75,2672.38,65.92
3492,12,2025-06-24,66.03,2.75,54.9,2971.67,24.32
3493,13,2025-06-24,87.01,7.15,85.04,1612.55,70.71
3494,14,2025-06-24,93.62,6.96,79.18,2171.43,78.63
3495,15,2025-06-24,61.34,2.2,40.05,1843.91,34.41
3496,16,2025-06-24,60.57,4.68,45.39,2838.04,38.92
3497,17,2025-06-24,81.46,5.73,63.8,2394.85,73.18
3498,18,2025-06-24,80.27,5.96,71.08,2384.31,53.12
3499,19,2025-06-24,56.99,2.9,43.29,2358.2,37.43
3500,20,2025-06-24,75.98,1.64,85.44,2688.04,73.8
3501,1,2025-06-25,78.58,5.8,77.95,2416.64,66.97
3502,2,2025-06-25,77.69,2.7,89.11,2390.94,74.45
3503,3,2025-06-25,67.49,4.12,54.6,2295.24,40.02
3504,4,2025-06-25,80.34,1.98,53.34,2293.97,31.42
3505,5,2025-06-25,77.23,5.77,75.01,2816.41,70.38
3506,6,2025-06-25,75.26,6.46,90.09,2815.29,70.16
3507,7,2025-06-25,75.65,5.84,40.87,2639.03,74.69
3508,8,2025-06-25,78.9,4.48,70.91,2860.32,59.02
3509,9,2025-06-25,79.54,3.79,85.58,2397.45,43.45
3510,10,2025-06-25,76.08,4.08,63.82,2230.19,61.43
3511,11,2025-06-25,74.82,5.45,63.91,2645.87,55.77
3512,12,2025-06-25,70.92,4.58,53.06,2991.93,53.34
3513,13,2025-06-25,59.33,1.07,89.83,2126.6,56.32
3514,14,2025-06-25,72.61,1.71,78.68,2617.91,65.56
3515,15,2025-06-25,64.73,3.57,49.99,2487.1,72.83
3516,16,2025-06-25,56.35,3.39,50.72,2048.69,61.33
3517,17,2025-06-25,74.9,5.48,81.16,1979.73,45.79
3518,18,2025-06-25,68.76,3.76,80.19,1661.42,21.23
3519,19,2025-06-25,76.81,2.68,66.47,2149.25,62.32
3520,20,2025-06-25,69.83,1.17,41.86,1697.07,65.09
3521,1,2025-06-26,80.41,6.55,88.18,2335.42,54.17
3522,2,2025-06-26,72.48,4.39,48.27,1788.29,33.7
3523,3,2025-06-26,72.17,1.73,82.09,1976.45,34.94
3524,4,2025-06-26,58.03,1.78,88.05,2573.68,62.88
3525,5,2025-06-26,92.87,5.1,66.09,1464.21,63.74
3526,6,2025-06-26,84.89,4.33,77.34,1852.4,65.46
3527,7,2025-06-26,82.84,1.68,73.84,2664.06,27.24
3528,8,2025-06-26,80.69,6.82,80.79,2363.62,45.63
3529,9,2025-06-26,74.46,3.11,76.96,2812.13,52.98
3530,10,2025-06-26,71.84,4.98,87.6,1789.09,48.2
3531,11,2025-06-26,73.38,3.13,80.23,1749.21,63.19
3532,12,2025-06-26,72.14,4.2,57.14,2304.72,20.41
3533,13,2025-06-26,77.9,5.6,88.51,1491.26,55.26
3534,14,2025-06-26,68.08,2.16,47.62,2914.72,47.05
3535,15,2025-06-26,57.57,4.5,64.52,2040.36,72.44
3536,16,2025-06-26,58.67,1.25,86.9,2249.41,70.4
3537,17,2025-06-26,91.19,6.92,88.79,1421.45,48.98
3538,18,2025-06-26,65.72,5.87,58.4,2320.87,34.08
3539,19,2025-06-26,78.18,2.92,74.12,2483.55,57.64
3540,20,2025-06-26,71.04,4.32,41.12,1478.85,24.18
3541,1,2025-06-27,94.73,5.93,84.32,1440.7,72.16
3542,2,2025-06-27,75.0,5.27,67.79,1953.81,43.56
3543,3,2025-06-27,81.51,2.4,43.27,1228.19,26.36
3544,4,2025-06-27,61.33,2.41,55.12,1753.37,24.6
3545,5,2025-06-27,70.91,3.92,57.82,1910.98,40.76
3546,6,2025-06-27,82.43,6.65,65.28,2126.7,68.34
3547,7,2025-06-27,77.08,3.59,62.49,1530.9,42.16
3548,8,2025-06-27,85.25,4.69,77.41,2539.15,65.38
3549,9,2025-06-27,73.96,4.48,72.0,1301.36,48.83
3550,10,2025-06-27,77.04,5.86,64.09,1607.78,65.01
3551,11,2025-06-27,83.38,4.06,84.29,2309.15,63.04
3552,12,2025-06-27,77.92,1.43,55.23,1581.95,42.35
3553,13,2025-06-27,84.31,1.37,89.24,2529.57,54.18
3554,14,2025-06-27,74.93,2.54,55.37,2779.77,52.02
3555,15,2025-06-27,56.19,1.57,70.18,2148.69,59.47
3556,16,2025-06-27,64.92,1.34,45.5,1866.13,49.98
3557,17,2025-06-27,82.15,4.38,71.05,2721.14,49.34
3558,18,2025-06-27,58.91,3.02,48.89,2712.95,38.64
3559,19,2025-06-27,78.94,3.88,76.47,1431.21,60.82
3560,20,2025-06-27,80.93,3.6,41.15,2363.04,45.27
3561,1,2025-06-28,56.96,5.44,80.96,2095.89,34.2
3562,2,2025-06-28,72.59,3.18,66.12,1712.92,67.23
3563,3,2025-06-28,79.77,3.03,61.39,1293.89,37.03
3564,4,2025-06-28,77.67,4.93,76.73,1410.11,49.62
3565,5,2025-06-28,68.69,3.22,70.94,2545.81,56.75
3566,6,2025-06-28,83.55,6.56,76.97,2397.17,72.51
3567,7,2025-06-28,82.11,1.52,60.77,1788.77,35.67
3568,8,2025-06-28,91.68,5.6,84.39,1983.2,76.45
3569,9,2025-06-28,84.02,5.17,63.92,2214.55,55.54
3570,10,2025-06-28,71.45,5.62,64.8,1762.18,63.15
3571,11,2025-06-28,81.77,5.69,73.43,2367.27,57.93
3572,12,2025-06-28,69.94,2.44,66.59,1975.93,28.58
3573,13,2025-06-28,74.5,2.54,47.78,2782.5,34.83
3574,14,2025-06-28,68.13,1.77,77.22,2607.79,21.3
3575,15,2025-06-28,58.82,2.38,40.18,1726.63,51.4
3576,16,2025-06-28,56.26,1.81,57.02,2485.33,72.47
3577,17,2025-06-28,82.36,3.54,59.52,2718.66,49.23
3578,18,2025-06-28,62.16,1.8,45.86,2231.31,41.43
3579,19,2025-06-28,85.98,5.54,83.24,1845.11,62.97
3580,20,2025-06-28,58.41,4.6,89.05,2847.49,48.59
3581,1,2025-06-29,63.18,2.76,50.87,1650.08,69.88
3582,2,2025-06-29,71.98,2.95,85.6,2115.47,51.55
3583,3,2025-06-29,56.75,4.95,47.19,2902.05,25.31
3584,4,2025-06-29,65.88,4.48,81.51,1767.08,53.13
3585,5,2025-06-29,78.5,5.7,69.84,1862.89,60.56
3586,6,2025-06-29,89.36,5.53,72.15,2660.98,60.38
3587,7,2025-06-29,71.84,2.27,86.56,2275.41,38.29
3588,8,2025-06-29,78.84,4.88,67.41,1440.63,57.54
3589,9,2025-06-29,86.19,6.12,93.6,1893.15,47.25
3590,10,2025-06-29,82.55,6.34,68.06,2525.56,51.98
3591,11,2025-06-29,74.08,5.31,85.22,1799.68,66.56
3592,12,2025-06-29,67.29,2.39,45.48,2882.96,29.31
3593,13,2025-06-29,58.14,4.62,58.32,2335.8,27.14
3594,14,2025-06-29,72.57,1.98,69.4,2043.89,27.28
3595,15,2025-06-29,81.64,2.49,59.04,2534.27,53.7
3596,16,2025-06-29,77.33,1.17,63.68,1884.1,22.78
3597,17,2025-06-29,87.04,5.12,88.85,1590.03,63.15
3598,18,2025-06-29,69.68,5.33,48.35,2388.42,45.21
3599,19,2025-06-29,87.07,4.34,86.36,2887.82,73.51
3600,20,2025-06-29,75.03,4.86,89.11,2655.29,20.53
3601,1,2025-06-30,71.12,5.49,57.86,1355.56,52.18
3602,2,2025-06-30,71.49,5.82,65.59,2008.04,63.97
3603,3,2025-06-30,69.74,2.68,48.99,2285.01,29.43
3604,4,2025-06-30,68.62,4.98,69.09,1929.76,36.01
3605,5,2025-06-30,72.44,6.13,88.28,1780.93,55.55
3606,6,2025-06-30,90.3,5.51,77.35,2009.94,58.96
3607,7,2025-06-30,79.55,5.88,83.83,1984.8,20.77
3608,8,2025-06-30,81.59,6.62,79.79,2509.65,54.76
3609,9,2025-06-30,79.91,6.58,78.28,1968.75,78.15
3610,10,2025-06-30,79.86,3.91,89.11,1979.98,69.98
3611,11,2025-06-30,76.09,4.17,70.33,1744.54,50.37
3612,12,2025-06-30,79.13,2.44,81.2,2097.88,51.28
3613,13,2025-06-30,72.36,4.15,74.26,2980.85,58.69
3614,14,2025-06-30,73.66,5.37,56.39,1484.05,65.28
3615,15,2025-06-30,77.24,1.63,52.32,2512.03,33.56
3616,16,2025-06-30,66.86,3.87,88.3,1585.68,61.36
3617,17,2025-06-30,71.69,5.83,85.5,1884.81,63.44
3618,18,2025-06-30,82.36,2.48,80.74,2170.35,45.2
3619,19,2025-06-30,79.51,5.88,87.16,1568.18,62.81
3620,20,2025-06-30,69.66,4.99,74.48,2479.57,46.64
3621,1,2025-07-01,60.56,1.74,80.02,2994.0,33.1
3622,2,2025-07-01,79.49,5.22,70.71,2397.18,50.44
3623,3,2025-07-01,76.14,2.97,80.74,2979.64,62.97
3624,4,2025-07-01,67.66,3.73,48.67,2926.42,65.83
3625,5,2025-07-01,87.8,4.52,77.1,2954.27,69.29
3626,6,2025-07-01,78.98,5.49,92.25,2360.7,60.33
3627,7,2025-07-01,74.75,3.27,49.67,2232.03,52.06
3628,8,2025-07-01,74.69,5.71,92.32,2671.74,71.78
3629,9,2025-07-01,78.46,3.55,89.52,2252.59,64.68
3630,10,2025-07-01,88.52,6.79,78.47,1264.67,53.67
3631,11,2025-07-01,75.46,5.38,62.42,1881.8,51.16
3632,12,2025-07-01,70.56,4.23,61.0,2093.37,45.86
3633,13,2025-07-01,59.44,1.73,82.89,2423.51,27.22
3634,14,2025-07-01,74.37,5.05,79.7,2714.52,30.55
3635,15,2025-07-01,70.4,4.34,83.69,2428.46,21.55
3636,16,2025-07-01,61.98,3.22,45.2,1787.99,21.72
3637,17,2025-07-01,77.7,5.57,73.05,1522.25,47.31
3638,18,2025-07-01,72.45,2.9,78.26,2820.38,67.93
3639,19,2025-07-01,80.94,6.65,71.94,1936.81,70.4
3640,20,2025-07-01,73.85,4.51,83.58,2757.63,31.61
3641,1,2025-07-02,83.1,4.17,87.25,1499.47,36.65
3642,2,2025-07-02,82.21,5.55,82.27,2472.03,77.04
3643,3,2025-07-02,76.77,2.7,67.55,1274.8,71.11
3644,4,2025-07-02,82.94,2.73,45.92,2201.98,51.51
3645,5,2025-07-02,84.05,5.96,93.58,1911.25,63.15
3646,6,2025-07-02,89.16,6.19,73.39,2519.48,54.26
3647,7,2025-07-02,63.72,2.93,61.55,1972.82,20.6
3648,8,2025-07-02,79.0,6.53,87.91,1710.43,55.82
3649,9,2025-07-02,80.73,6.3,93.64,1620.43,63.47
3650,10,2025-07-02,77.0,6.31,81.31,2288.23,71.53
3651,11,2025-07-02,79.58,4.08,91.48,2665.2,69.86
3652,12,2025-07-02,81.53,3.8,86.25,2414.19,64.3
3653,13,2025-07-02,65.34,5.39,62.65,1802.77,63.96
3654,14,2025-07-02,62.81,5.19,61.72,1730.93,32.87
3655,15,2025-07-02,80.37,5.51,53.59,1608.05,68.02
3656,16,2025-07-02,58.77,2.89,56.81,1822.25,43.0
3657,17,2025-07-02,82.16,4.82,76.49,1398.11,55.27
3658,18,2025-07-02,70.69,4.86,81.66,1475.28,62.07
3659,19,2025-07-02,69.59,2.08,81.15,1755.62,71.34
3660,20,2025-07-02,71.07,4.42,58.24,2242.11,67.93
3661,1,2025-07-03,68.9,4.88,60.46,2122.04,48.15
3662,2,2025-07-03,84.47,5.87,89.26,1769.09,61.42
3663,3,2025-07-03,60.3,3.49,43.84,2662.3,73.08
3664,4,2025-07-03,68.12,5.31,88.26,1816.49,61.66
3665,5,2025-07-03,80.07,5.18,69.09,2015.74,69.64
3666,6,2025-07-03,79.96,6.41,83.44,1494.12,68.6
3667,7,2025-07-03,68.4,2.02,81.64,2309.24,70.18
3668,8,2025-07-03,57.55,5.49,75.24,1673.96,70.09
3669,9,2025-07-03,79.51,7.08,82.03,1831.9,56.03
3670,10,2025-07-03,80.7,5.88,79.31,2464.12,68.24
3671,11,2025-07-03,72.63,6.5,92.73,1956.41,70.53
3672,12,2025-07-03,78.02,4.36,79.52,2000.0,66.42
3673,13,2025-07-03,57.95,5.25,41.16,1505.25,64.0
3674,14,2025-07-03,61.85,5.75,60.41,1852.59,22.3
3675,15,2025-07-03,68.79,3.86,73.19,2254.84,40.07
3676,16,2025-07-03,73.55,1.02,69.26,1840.61,23.52
3677,17,2025-07-03,87.34,5.44,89.61,2346.87,78.2
3678,18,2025-07-03,75.39,5.24,81.63,1963.8,51.66
3679,19,2025-07-03,71.33,2.42,81.23,1617.4,31.59
3680,20,2025-07-03,83.31,4.88,82.54,2204.59,69.04
3681,1,2025-07-04,81.53,5.33,57.13,2227.32,22.31
3682,2,2025-07-04,76.39,3.81,79.6,2206.48,36.2
3683,3,2025-07-04,61.25,1.59,79.73,1930.06,62.4
3684,4,2025-07-04,62.64,5.29,53.15,2246.98,31.07
3685,5,2025-07-04,85.63,6.59,95.63,2499.56,64.0
3686,6,2025-07-04,63.54,4.44,51.69,2551.7,54.68
3687,7,2025-07-04,83.71,4.52,85.83,2016.99,50.09
3688,8,2025-07-04,79.53,5.16,44.99,2731.17,28.78
3689,9,2025-07-04,90.64,7.32,86.8,1793.87,65.19
3690,10,2025-07-04,85.91,6.81,85.96,1782.85,57.48
3691,11,2025-07-04,78.01,5.86,66.1,2618.92,59.46
3692,12,2025-07-04,77.63,4.57,61.76,2193.38,53.93
3693,13,2025-07-04,75.82,3.62,52.45,2963.54,58.58
3694,14,2025-07-04,59.88,5.04,73.18,1616.78,58.63
3695,15,2025-07-04,83.99,3.38,67.79,1870.53,55.97
3696,16,2025-07-04,60.74,4.37,78.36,1449.19,69.22
3697,17,2025-07-04,73.47,4.07,51.78,2911.38,63.02
3698,18,2025-07-04,86.02,5.09,68.57,2099.9,73.53
3699,19,2025-07-04,70.47,3.91,61.78,1947.0,53.92
3700,20,2025-07-04,83.89,2.81,57.25,1796.16,30.03
3701,1,2025-07-05,57.2,4.4,45.6,2342.04,72.29
3702,2,2025-07-05,78.61,3.42,79.91,1843.52,36.93
3703,3,2025-07-05,65.99,4.99,81.18,2188.86,73.38
3704,4,2025-07-05,55.42,1.94,46.73,1384.82,55.84
3705,5,2025-07-05,84.45,4.51,76.81,2583.17,52.98
3706,6,2025-07-05,83.83,2.04,40.31,1693.75,59.77
3707,7,2025-07-05,61.89,3.43,65.41,1321.62,74.3
3708,8,2025-07-05,82.27,5.41,62.69,2271.79,64.97
3709,9,2025-07-05,74.61,4.96,69.55,2300.42,55.75
3710,10,2025-07-05,82.96,4.72,50.39,1241.57,29.94
3711,11,2025-07-05,81.73,6.12,82.91,2660.91,58.52
3712,12,2025-07-05,75.55,5.67,80.76,2956.73,73.09
3713,13,2025-07-05,56.92,5.77,69.9,2505.67,66.47
3714,14,2025-07-05,55.99,5.48,68.34,2774.66,24.13
3715,15,2025-07-05,74.44,3.67,86.07,2587.31,69.41
3716,16,2025-07-05,83.84,5.68,78.48,1837.01,43.56
3717,17,2025-07-05,64.35,3.49,60.88,1844.58,56.52
3718,18,2025-07-05,85.87,3.83,76.25,2502.09,68.18
3719,19,2025-07-05,74.8,3.61,74.87,2337.44,64.34
3720,20,2025-07-05,68.69,2.55,48.28,1672.21,72.66
3721,1,2025-07-06,69.99,2.79,82.4,2181.83,63.18
3722,2,2025-07-06,73.06,5.29,76.57,2449.55,44.42
3723,3,2025-07-06,76.48,1.51,47.11,2036.43,20.0
3724,4,2025-07-06,80.27,2.46,61.73,1685.76,43.17
3725,5,2025-07-06,78.31,3.62,70.73,2658.27,50.12
3726,6,2025-07-06,76.57,5.43,54.68,2035.26,52.46
3727,7,2025-07-06,69.14,1.46,73.52,1436.8,52.86
3728,8,2025-07-06,64.86,2.85,80.27,2276.93,60.16
3729,9,2025-07-06,76.95,4.71,68.96,1832.43,64.89
3730,10,2025-07-06,80.54,4.09,67.35,2328.07,41.51
3731,11,2025-07-06,69.2,4.4,43.96,2984.57,51.42
3732,12,2025-07-06,75.43,5.46,80.61,1236.31,74.01
3733,13,2025-07-06,61.3,5.25,68.23,2298.29,25.3
3734,14,2025-07-06,81.11,2.57,40.15,2410.6,61.32
3735,15,2025-07-06,81.19,6.05,75.74,1588.07,65.39
3736,16,2025-07-06,66.01,3.6,53.09,2410.3,36.0
3737,17,2025-07-06,73.01,2.36,44.45,2488.95,28.96
3738,18,2025-07-06,89.92,7.32,73.0,2603.3,70.44
3739,19,2025-07-06,78.18,4.15,68.76,2673.5,58.46
3740,20,2025-07-06,80.05,4.8,89.07,2968.15,67.02
3741,1,2025-07-07,79.85,3.9,58.95,2824.85,74.28
3742,2,2025-07-07,80.26,5.12,64.09,2444.33,58.92
3743,3,2025-07-07,71.7,2.9,70.05,2960.88,63.17
3744,4,2025-07-07,77.91,5.62,80.78,2285.54,65.63
3745,5,2025-07-07,82.97,4.22,79.33,1556.0,67.58
3746,6,2025-07-07,69.92,1.62,40.54,2480.95,39.48
3747,7,2025-07-07,57.31,1.69,86.14,2573.04,34.24
3748,8,2025-07-07,84.78,4.54,59.19,1397.42,72.33
3749,9,2025-07-07,78.22,5.04,78.08,2234.76,56.02
3750,10,2025-07-07,77.22,4.37,80.73,2652.59,64.3
3751,11,2025-07-07,70.48,4.15,73.12,2739.12,57.44
3752,12,2025-07-07,76.42,7.0,95.88,1407.48,54.81
3753,13,2025-07-07,73.88,3.21,73.46,2780.93,61.91
3754,14,2025-07-07,59.34,3.52,78.59,1949.27,33.51
3755,15,2025-07-07,82.64,5.31,76.44,2181.18,70.17
3756,16,2025-07-07,82.25,2.49,65.77,1716.72,55.28
3757,17,2025-07-07,81.3,3.81,60.77,1659.74,39.43
3758,18,2025-07-07,79.45,7.38,85.44,1932.96,74.75
3759,19,2025-07-07,73.75,3.98,77.35,2267.32,71.22
3760,20,2025-07-07,80.56,4.93,51.93,2085.95,35.17
3761,1,2025-07-08,70.71,4.96,67.05,2186.77,60.76
3762,2,2025-07-08,74.21,4.25,72.48,1459.83,71.97
3763,3,2025-07-08,73.4,5.64,64.33,1953.22,40.24
3764,4,2025-07-08,73.77,3.54,58.85,1634.03,71.17
3765,5,2025-07-08,75.69,5.68,70.65,1999.86,57.11
3766,6,2025-07-08,58.84,4.78,52.26,2502.75,22.41
3767,7,2025-07-08,80.61,1.52,53.54,2863.23,40.73
3768,8,2025-07-08,82.57,5.89,84.1,2243.94,21.49
3769,9,2025-07-08,73.76,5.97,77.18,2173.25,64.9
3770,10,2025-07-08,74.68,3.41,85.68,2405.62,50.38
3771,11,2025-07-08,83.58,3.68,63.33,1378.94,48.1
3772,12,2025-07-08,63.51,2.29,61.03,2641.73,46.67
3773,13,2025-07-08,75.61,4.53,61.07,2462.1,60.77
3774,14,2025-07-08,64.54,1.09,68.01,1612.81,21.37
3775,15,2025-07-08,76.33,6.75,69.79,1703.2,69.95
3776,16,2025-07-08,76.22,3.29,73.62,1640.95,51.44
3777,17,2025-07-08,65.86,5.18,48.16,1408.05,74.75
3778,18,2025-07-08,84.12,5.94,40.08,1566.41,48.99
3779,19,2025-07-08,77.54,4.33,71.0,2804.54,45.58
3780,20,2025-07-08,57.07,3.42,50.83,2059.51,71.86
3781,1,2025-07-09,68.91,3.23,86.14,2358.35,66.6
3782,2,2025-07-09,87.65,6.78,89.14,2229.08,66.51
3783,3,2025-07-09,78.56,1.9,60.75,1607.46,72.11
3784,4,2025-07-09,79.5,6.54,88.85,2118.15,59.97
3785,5,2025-07-09,84.72,5.81,92.07,2127.43,62.53
3786,6,2025-07-09,81.66,3.8,54.27,2604.05,20.11
3787,7,2025-07-09,62.66,2.0,85.91,2541.37,69.13
3788,8,2025-07-09,64.57,1.94,55.43,1537.66,51.01
3789,9,2025-07-09,78.85,5.31,61.34,2728.38,71.77
3790,10,2025-07-09,74.75,6.18,84.79,1492.27,66.65
3791,11,2025-07-09,75.29,3.19,76.73,2181.35,55.54
3792,12,2025-07-09,64.17,3.4,51.96,2231.11,21.56
3793,13,2025-07-09,77.08,3.08,69.5,2173.18,68.71
3794,14,2025-07-09,56.5,2.52,45.57,2980.67,65.98
3795,15,2025-07-09,87.03,4.77,85.06,2757.86,68.4
3796,16,2025-07-09,70.11,5.67,63.45,2050.94,51.82
3797,17,2025-07-09,65.75,5.57,86.56,2782.61,22.66
3798,18,2025-07-09,66.17,2.48,41.04,1459.07,44.07
3799,19,2025-07-09,76.28,4.18,71.05,1629.75,46.43
3800,20,2025-07-09,80.81,4.75,57.44,2749.69,33.15
3801,1,2025-07-10,84.2,5.94,68.93,2855.26,44.99
3802,2,2025-07-10,81.12,5.97,68.95,1451.32,72.31
3803,3,2025-07-10,60.76,1.97,82.66,2949.83,38.16
3804,4,2025-07-10,73.24,6.09,84.06,2249.68,47.86
3805,5,2025-07-10,81.21,5.25,75.04,1554.44,70.79
3806,6,2025-07-10,59.79,2.41,84.49,1907.97,72.45
3807,7,2025-07-10,77.66,4.36,64.72,1600.57,24.23
3808,8,2025-07-10,73.06,2.48,57.7,2271.3,66.33
3809,9,2025-07-10,77.1,5.42,89.15,2388.63,56.73
3810,10,2025-07-10,80.08,5.18,70.29,1861.51,54.41
3811,11,2025-07-10,70.7,5.99,63.84,2314.9,43.14
3812,12,2025-07-10,67.8,5.85,47.37,1720.15,44.74
3813,13,2025-07-10,70.02,4.57,88.67,2015.8,48.6
3814,14,2025-07-10,79.11,4.11,85.63,1599.81,25.97
3815,15,2025-07-10,72.99,6.13,90.25,1455.14,69.88
3816,16,2025-07-10,86.78,5.72,62.46,2323.33,63.39
3817,17,2025-07-10,80.16,3.61,72.59,1895.59,48.01
3818,18,2025-07-10,70.08,5.74,51.22,1669.55,34.46
3819,19,2025-07-10,84.79,6.41,91.14,1658.53,55.39
3820,20,2025-07-10,72.43,5.92,76.56,2726.66,31.71
3821,1,2025-07-11,81.32,4.42,79.11,2271.77,70.0
3822,2,2025-07-11,85.87,7.53,78.71,1534.12,63.68
3823,3,2025-07-11,55.17,5.29,88.17,2140.39,62.78
3824,4,2025-07-11,88.27,4.76,94.13,2564.86,71.21
3825,5,2025-07-11,78.49,6.28,78.12,1738.6,78.55
3826,6,2025-07-11,76.85,4.11,79.6,2763.23,55.23
3827,7,2025-07-11,60.72,1.37,78.32,2725.07,39.3
3828,8,2025-07-11,56.67,2.02,49.06,2212.89,33.51
3829,9,2025-07-11,78.4,4.35,89.13,2836.44,66.57
3830,10,2025-07-11,89.37,3.98,76.65,2666.71,68.89
3831,11,2025-07-11,84.27,5.82,67.84,1359.0,46.6
3832,12,2025-07-11,62.45,4.53,41.4,2027.83,49.1
3833,13,2025-07-11,78.15,3.58,84.5,1757.39,74.54
3834,14,2025-07-11,78.84,3.24,70.48,2082.61,42.76
3835,15,2025-07-11,72.88,7.17,94.11,1789.83,65.36
3836,16,2025-07-11,72.71,5.02,86.1,2635.26,53.5
3837,17,2025-07-11,84.11,5.02,73.93,1624.17,60.74
3838,18,2025-07-11,58.5,4.51,67.98,1592.72,73.83
3839,19,2025-07-11,78.27,5.12,86.63,2544.56,67.21
3840,20,2025-07-11,71.99,4.95,76.31,1401.42,63.06
3841,1,2025-07-12,88.15,5.32,66.85,1610.77,50.18
3842,2,2025-07-12,92.94,4.56,67.26,1485.58,74.58
3843,3,2025-07-12,82.51,5.68,65.34,1895.06,43.8
3844,4,2025-07-12,75.86,6.64,92.17,1615.46,73.34
3845,5,2025-07-12,82.41,6.62,70.85,2680.31,75.21
3846,6,2025-07-12,80.01,2.32,66.24,1796.4,45.66
3847,7,2025-07-12,65.36,5.19,56.43,2969.18,29.38
3848,8,2025-07-12,59.25,2.26,78.37,1954.07,33.48
3849,9,2025-07-12,74.05,4.73,66.8,2789.01,67.15
3850,10,2025-07-12,78.03,6.69,82.23,1565.02,66.81
3851,11,2025-07-12,86.05,4.98,69.78,2175.99,48.44
3852,12,2025-07-12,82.64,5.49,70.61,1614.7,58.39
3853,13,2025-07-12,88.05,6.57,76.66,1272.63,70.25
3854,14,2025-07-12,68.02,4.25,82.22,2276.79,69.88
3855,15,2025-07-12,85.38,6.27,81.2,2488.94,84.32
3856,16,2025-07-12,87.07,6.69,74.95,2572.29,73.46
3857,17,2025-07-12,70.83,3.57,77.8,1766.99,54.13
3858,18,2025-07-12,83.12,4.88,80.29,2581.52,43.44
3859,19,2025-07-12,75.82,4.58,74.33,2321.36,71.66
3860,20,2025-07-12,65.28,2.38,42.93,2806.02,21.65
3861,1,2025-07-13,75.64,6.46,78.87,2687.55,62.19
3862,2,2025-07-13,85.74,7.16,94.55,2895.26,55.43
3863,3,2025-07-13,70.44,1.81,46.63,2570.47,52.93
3864,4,2025-07-13,80.48,3.8,69.55,2321.06,69.85
3865,5,2025-07-13,90.99,4.2,90.55,2160.04,50.99
3866,6,2025-07-13,68.71,5.85,44.96,1759.27,24.9
3867,7,2025-07-13,82.76,2.78,78.6,1394.32,40.92
3868,8,2025-07-13,59.61,1.35,52.17,1691.99,50.18
3869,9,2025-07-13,71.75,5.88,70.3,1400.49,61.06
3870,10,2025-07-13,74.11,4.1,81.4,1629.57,41.66
3871,11,2025-07-13,86.38,4.45,89.28,1204.67,59.4
3872,12,2025-07-13,66.7,3.52,69.95,1615.03,55.66
3873,13,2025-07-13,91.34,7.02,75.73,2050.51,57.37
3874,14,2025-07-13,68.76,2.14,69.84,2756.26,68.4
3875,15,2025-07-13,69.27,1.39,45.44,2730.95,73.06
3876,16,2025-07-13,85.71,4.62,91.52,2682.5,74.47
3877,17,2025-07-13,75.47,6.06,85.99,2179.58,47.83
3878,18,2025-07-13,72.85,2.56,55.53,1292.0,49.28
3879,19,2025-07-13,81.62,5.15,75.57,2694.51,59.95
3880,20,2025-07-13,74.55,2.67,70.36,2842.49,50.57
3881,1,2025-07-14,84.09,7.07,75.41,2725.75,49.75
3882,2,2025-07-14,58.38,4.18,70.55,1413.22,61.86
3883,3,2025-07-14,80.1,3.23,56.09,1703.58,31.48
3884,4,2025-07-14,82.66,5.21,78.17,2849.86,52.98
3885,5,2025-07-14,83.73,4.3,90.8,1514.21,71.3
3886,6,2025-07-14,77.15,5.71,69.74,2749.18,30.08
3887,7,2025-07-14,74.19,3.0,50.31,2716.81,46.81
3888,8,2025-07-14,77.39,1.53,80.86,1484.61,39.92
3889,9,2025-07-14,83.48,3.36,65.68,1427.94,59.24
3890,10,2025-07-14,75.14,3.41,75.85,1823.6,57.99
3891,11,2025-07-14,87.72,5.88,67.32,2433.73,62.42
3892,12,2025-07-14,77.02,5.57,81.35,2710.47,44.32
3893,13,2025-07-14,88.17,6.62,74.42,2549.21,68.02
3894,14,2025-07-14,72.98,1.71,67.47,2389.69,56.37
3895,15,2025-07-14,76.11,3.79,47.66,2450.36,46.48
3896,16,2025-07-14,70.75,5.17,61.61,2680.44,53.44
3897,17,2025-07-14,79.64,5.94,93.35,2871.25,61.72
3898,18,2025-07-14,63.26,1.39,54.28,2229.34,31.3
3899,19,2025-07-14,84.09,4.93,83.53,2585.11,65.49
3900,20,2025-07-14,70.54,2.97,74.66,2612.93,59.37
3901,1,2025-07-15,77.51,3.04,48.49,2432.53,60.68
3902,2,2025-07-15,71.5,5.33,47.23,2386.51,43.51
3903,3,2025-07-15,65.62,1.47,74.76,1311.3,44.21
3904,4,2025-07-15,86.11,4.94,80.17,1733.31,54.12
3905,5,2025-07-15,74.11,5.92,88.98,2872.7,58.29
3906,6,2025-07-15,74.45,2.47,61.01,2713.48,65.38
3907,7,2025-07-15,65.39,1.5,50.5,1922.48,31.04
3908,8,2025-07-15,60.25,2.83,82.97,2912.88,33.32
3909,9,2025-07-15,78.26,5.05,85.41,1743.3,73.47
3910,10,2025-07-15,86.13,5.08,72.58,1997.47,54.37
3911,11,2025-07-15,72.41,2.54,71.94,1919.34,43.25
3912,12,2025-07-15,86.33,5.73,66.76,1833.14,65.26
3913,13,2025-07-15,82.11,6.85,89.34,1677.28,68.43
3914,14,2025-07-15,55.23,3.57,45.28,2337.92,49.21
3915,15,2025-07-15,71.54,3.96,75.55,2247.11,55.25
3916,16,2025-07-15,79.62,4.99,69.55,1592.24,58.5
3917,17,2025-07-15,75.2,4.46,68.5,2185.92,46.92
3918,18,2025-07-15,75.59,4.38,60.31,1856.97,47.42
3919,19,2025-07-15,83.17,4.72,92.11,2021.47,62.39
3920,20,2025-07-15,57.33,1.42,70.71,2646.93,69.55
3921,1,2025-07-16,72.08,1.58,56.31,2483.75,63.62
3922,2,2025-07-16,69.67,5.75,80.01,2610.15,38.95
3923,3,2025-07-16,73.51,5.76,61.15,1865.81,25.11
3924,4,2025-07-16,80.08,5.37,81.18,1984.79,59.16
3925,5,2025-07-16,86.2,6.15,83.12,2598.8,53.94
3926,6,2025-07-16,55.7,2.01,60.11,2484.49,37.11
3927,7,2025-07-16,72.78,5.23,88.06,1993.76,44.52
3928,8,2025-07-16,74.37,2.48,74.99,1748.22,33.91
3929,9,2025-07-16,76.93,7.23,74.27,2086.77,50.21
3930,10,2025-07-16,78.58,5.23,89.86,1750.88,44.57
3931,11,2025-07-16,73.7,3.85,77.81,1997.9,52.85
3932,12,2025-07-16,81.55,4.53,63.15,1729.18,62.91
3933,13,2025-07-16,75.88,5.51,72.01,1674.52,65.72
3934,14,2025-07-16,55.77,2.84,62.94,2815.09,53.6
3935,15,2025-07-16,76.75,5.87,87.22,1958.85,41.03
3936,16,2025-07-16,78.56,5.6,75.84,1337.12,61.88
3937,17,2025-07-16,84.52,5.72,88.64,2773.78,63.79
3938,18,2025-07-16,75.47,4.92,64.28,2606.52,66.16
3939,19,2025-07-16,85.05,6.72,82.11,2677.25,74.83
3940,20,2025-07-16,79.47,5.58,50.56,2395.76,44.04
3941,1,2025-07-17,66.84,5.51,75.12,1373.6,72.04
3942,2,2025-07-17,82.96,3.37,79.53,2097.09,69.83
3943,3,2025-07-17,73.67,3.63,65.6,1748.21,66.95
3944,4,2025-07-17,86.22,6.33,79.3,1394.79,65.46
3945,5,2025-07-17,94.41,5.9,87.88,2510.0,52.56
3946,6,2025-07-17,76.53,5.02,44.82,2170.04,55.71
3947,7,2025-07-17,80.67,4.91,85.59,2906.86,61.91
3948,8,2025-07-17,75.12,5.81,59.62,2741.96,49.81
3949,9,2025-07-17,87.86,5.72,64.94,2156.55,49.1
3950,10,2025-07-17,74.33,4.21,71.04,2726.68,55.6
3951,11,2025-07-17,82.7,3.63,77.86,1537.86,60.64
3952,12,2025-07-17,85.69,3.71,93.12,2321.71,60.24
3953,13,2025-07-17,78.18,2.03,87.85,2176.94,41.91
3954,14,2025-07-17,59.3,4.76,62.43,2083.65,28.38
3955,15,2025-07-17,83.5,5.7,49.81,1740.04,37.65
3956,16,2025-07-17,89.72,6.72,69.92,2957.98,68.24
3957,17,2025-07-17,81.26,6.38,85.43,2511.64,77.5
3958,18,2025-07-17,70.94,4.61,62.2,2548.61,70.53
3959,19,2025-07-17,80.95,4.79,79.47,1367.93,67.12
3960,20,2025-07-17,63.77,4.13,46.2,2122.64,69.42
3961,1,2025-07-18,81.13,2.97,82.25,2567.36,63.1
3962,2,2025-07-18,69.07,5.27,72.97,2520.65,72.12
3963,3,2025-07-18,76.83,5.81,72.09,1519.78,21.93
3964,4,2025-07-18,75.58,7.22,71.96,2932.78,77.84
3965,5,2025-07-18,83.7,4.98,67.41,1631.05,72.08
3966,6,2025-07-18,79.49,4.11,60.99,2358.97,54.82
3967,7,2025-07-18,57.76,2.98,48.58,1365.43,39.3
3968,8,2025-07-18,56.55,3.12,86.3,2156.32,57.91
3969,9,2025-07-18,85.82,6.6,69.7,2349.09,51.35
3970,10,2025-07-18,81.94,6.3,73.71,2821.87,66.99
3971,11,2025-07-18,79.99,5.68,60.42,2336.33,54.35
3972,12,2025-07-18,78.29,5.89,71.74,2085.53,66.02
3973,13,2025-07-18,74.11,1.2,89.38,2940.69,43.3
3974,14,2025-07-18,83.03,3.29,76.76,1995.01,61.57
3975,15,2025-07-18,74.53,3.43,53.59,2478.57,58.43
3976,16,2025-07-18,77.46,4.8,91.59,2162.85,54.88
3977,17,2025-07-18,93.92,5.84,91.05,2665.15,73.75
3978,18,2025-07-18,80.32,6.17,62.13,1571.54,53.73
3979,19,2025-07-18,55.57,1.38,48.18,1907.82,61.39
3980,20,2025-07-18,75.77,2.87,78.02,2229.59,66.11
3981,1,2025-07-19,64.46,5.84,72.34,1998.35,25.39
3982,2,2025-07-19,78.1,1.75,87.86,1959.4,28.0
3983,3,2025-07-19,74.73,3.46,61.42,1562.58,50.55
3984,4,2025-07-19,79.16,5.83,42.97,2931.24,23.35
3985,5,2025-07-19,74.53,6.26,83.17,1538.4,64.04
3986,6,2025-07-19,80.14,4.06,70.15,2384.47,61.63
3987,7,2025-07-19,79.75,4.78,63.71,1668.9,50.05
3988,8,2025-07-19,71.55,4.98,66.1,2623.66,28.23
3989,9,2025-07-19,85.51,5.09,78.1,2602.81,50.21
3990,10,2025-07-19,73.78,5.23,79.84,2166.88,46.65
3991,11,2025-07-19,75.46,5.27,80.82,2000.8,49.54
3992,12,2025-07-19,81.48,7.13,77.31,2397.49,56.25
3993,13,2025-07-19,68.02,3.67,84.91,2009.14,44.22
3994,14,2025-07-19,80.64,5.14,87.48,1740.84,42.96
3995,15,2025-07-19,84.5,1.23,72.6,1988.13,69.91
3996,16,2025-07-19,70.04,4.94,84.73,1609.81,21.82
3997,17,2025-07-19,79.58,4.55,93.22,1710.72,55.04
3998,18,2025-07-19,82.19,4.24,77.93,2304.97,72.25
3999,19,2025-07-19,57.43,1.71,55.06,1920.39,71.94
4000,20,2025-07-19,84.15,1.91,63.36,2727.26,52.97
4001,1,2025-07-20,65.45,4.83,80.4,2388.94,48.79
4002,2,2025-07-20,56.04,3.33,67.64,2418.41,36.45
4003,3,2025-07-20,61.8,4.24,74.73,2144.41,68.02
4004,4,2025-07-20,66.78,4.85,69.9,2712.83,61.35
4005,5,2025-07-20,87.33,4.67,76.89,2149.16,72.65
4006,6,2025-07-20,65.34,4.04,58.74,1606.22,35.79
4007,7,2025-07-20,81.2,3.8,74.45,1485.99,67.13
4008,8,2025-07-20,68.34,1.71,48.04,2455.74,36.91
4009,9,2025-07-20,92.81,5.24,92.69,1201.23,49.94
4010,10,2025-07-20,74.76,5.76,85.53,2335.29,63.05
4011,11,2025-07-20,78.76,4.1,70.86,2265.18,64.9
4012,12,2025-07-20,68.05,5.45,43.52,2571.01,68.72
4013,13,2025-07-20,69.94,5.36,42.73,1924.58,67.23
4014,14,2025-07-20,85.57,5.87,86.01,2305.72,66.77
4015,15,2025-07-20,59.31,2.29,55.94,2898.94,38.63
4016,16,2025-07-20,61.36,1.64,55.19,2950.64,74.21
4017,17,2025-07-20,75.66,3.77,76.7,1503.72,57.06
4018,18,2025-07-20,89.03,4.32,77.14,1983.81,69.9
4019,19,2025-07-20,72.93,4.54,40.65,1976.49,64.95
4020,20,2025-07-20,67.34,1.56,79.26,2654.09,48.54
4021,1,2025-07-21,69.54,1.21,80.35,2366.63,23.51
4022,2,2025-07-21,81.05,4.43,75.01,1580.91,41.03
4023,3,2025-07-21,84.98,3.6,70.12,2244.7,51.08
4024,4,2025-07-21,70.57,5.39,77.64,1407.87,53.07
4025,5,2025-07-21,79.83,7.55,81.18,1805.62,70.43
4026,6,2025-07-21,84.96,3.84,56.3,2303.87,50.34
4027,7,2025-07-21,78.44,6.0,68.51,2517.92,48.82
4028,8,2025-07-21,78.12,5.52,72.07,2895.8,57.8
4029,9,2025-07-21,66.18,3.55,55.3,2049.47,38.49
4030,10,2025-07-21,76.81,6.25,62.48,2828.99,72.25
4031,11,2025-07-21,80.3,4.13,94.56,2499.94,73.04
4032,12,2025-07-21,66.84,2.87,58.81,2705.4,66.55
4033,13,2025-07-21,79.9,1.15,57.45,1237.48,48.12
4034,14,2025-07-21,76.98,4.7,78.0,2547.03,63.12
4035,15,2025-07-21,57.89,4.01,64.38,1606.35,28.36
4036,16,2025-07-21,72.01,3.97,75.25,1786.09,28.38
4037,17,2025-07-21,84.0,5.37,74.59,2040.25,59.56
4038,18,2025-07-21,78.05,7.16,73.35,1425.49,53.55
4039,19,2025-07-21,56.48,3.18,60.83,2412.73,32.9
4040,20,2025-07-21,68.5,5.96,86.59,1396.32,32.06
4041,1,2025-07-22,80.69,2.25,70.6,2969.09,33.39
4042,2,2025-07-22,84.86,3.2,86.52,1667.37,63.97
4043,3,2025-07-22,60.42,3.21,71.65,2645.62,42.93
4044,4,2025-07-22,77.6,4.69,76.62,2867.86,40.72
4045,5,2025-07-22,77.6,5.64,81.42,1549.82,56.99
4046,6,2025-07-22,82.39,5.27,53.48,2432.28,74.31
4047,7,2025-07-22,85.59,4.57,82.49,2222.38,63.65
4048,8,2025-07-22,82.79,5.6,79.96,2783.84,73.89
4049,9,2025-07-22,81.14,1.57,73.49,2717.25,74.04
4050,10,2025-07-22,89.09,4.53,90.66,1682.84,44.97
4051,11,2025-07-22,80.07,5.59,60.75,1454.7,41.75
4052,12,2025-07-22,67.85,3.77,54.52,2610.79,56.69
4053,13,2025-07-22,62.05,5.37,74.25,1595.7,71.21
4054,14,2025-07-22,81.01,5.88,79.49,2215.56,75.52
4055,15,2025-07-22,61.99,5.01,45.11,1970.18,30.15
4056,16,2025-07-22,67.87,2.35,82.31,2305.03,25.92
4057,17,2025-07-22,82.15,4.7,78.24,2416.01,46.61
4058,18,2025-07-22,61.2,1.43,58.04,2333.91,24.25
4059,19,2025-07-22,84.35,2.73,45.68,1396.7,44.44
4060,20,2025-07-22,55.14,3.43,54.48,1537.79,36.87
4061,1,2025-07-23,84.34,3.89,49.57,1507.46,29.66
4062,2,2025-07-23,83.8,5.31,71.67,2733.05,44.83
4063,3,2025-07-23,70.67,2.71,87.35,2980.49,71.31
4064,4,2025-07-23,74.89,4.19,71.72,1899.85,56.69
4065,5,2025-07-23,73.12,5.37,80.09,2035.61,59.53
4066,6,2025-07-23,79.3,1.28,46.24,2816.78,60.74
4067,7,2025-07-23,76.59,3.71,71.87,1708.05,64.09
4068,8,2025-07-23,66.07,1.65,87.91,1626.41,50.09
4069,9,2025-07-23,55.18,5.81,82.24,1356.83,44.83
4070,10,2025-07-23,90.34,5.38,67.21,1544.55,67.24
4071,11,2025-07-23,60.38,1.48,57.97,2303.44,35.18
4072,12,2025-07-23,83.22,1.55,74.24,1737.82,24.21
4073,13,2025-07-23,81.43,2.14,63.76,2812.03,48.47
4074,14,2025-07-23,75.16,4.38,77.01,2258.28,64.92
4075,15,2025-07-23,68.7,5.01,73.73,2234.45,47.96
4076,16,2025-07-23,69.78,3.0,85.28,2225.31,40.01
4077,17,2025-07-23,74.02,6.84,68.88,1619.26,59.08
4078,18,2025-07-23,60.86,5.43,81.16,2287.45,45.06
4079,19,2025-07-23,55.52,2.56,86.85,1695.85,38.72
4080,20,2025-07-23,62.08,4.31,58.88,1204.64,39.67
4081,1,2025-07-24,76.71,4.37,70.73,2120.93,66.13
4082,2,2025-07-24,78.44,3.51,85.25,2915.67,55.37
4083,3,2025-07-24,78.47,2.11,61.34,2742.79,23.26
4084,4,2025-07-24,85.47,6.01,70.91,1978.38,52.97
4085,5,2025-07-24,83.21,6.67,73.83,2449.04,58.06
4086,6,2025-07-24,69.05,1.95,55.26,1864.48,30.71
4087,7,2025-07-24,87.22,5.73,78.28,2682.56,67.21
4088,8,2025-07-24,68.75,3.34,84.12,2461.18,24.93
4089,9,2025-07-24,74.64,2.21,85.84,1896.15,25.01
4090,10,2025-07-24,77.86,4.47,76.19,1567.77,74.82
4091,11,2025-07-24,82.73,5.43,48.67,1273.3,42.7
4092,12,2025-07-24,71.2,4.23,72.94,1501.06,48.64
4093,13,2025-07-24,61.11,5.25,70.46,2308.83,49.58
4094,14,2025-07-24,88.69,5.78,81.04,1955.13,58.22
4095,15,2025-07-24,70.74,4.01,68.48,2176.27,55.78
4096,16,2025-07-24,80.4,3.23,72.85,2393.11,40.27
4097,17,2025-07-24,79.61,5.38,97.74,2290.44,71.03
4098,18,2025-07-24,62.85,1.37,54.36,2120.39,65.35
4099,19,2025-07-24,65.07,4.38,77.89,2558.14,44.97
4100,20,2025-07-24,71.92,3.63,71.44,2313.18,68.71
4101,1,2025-07-25,83.12,2.69,82.39,2241.79,47.03
4102,2,2025-07-25,84.3,3.67,71.51,2465.64,74.35
4103,3,2025-07-25,67.98,3.66,68.7,2217.13,59.21
4104,4,2025-07-25,93.56,4.57,77.27,1744.55,65.63
4105,5,2025-07-25,79.11,6.62,94.71,1580.28,57.69
4106,6,2025-07-25,80.8,3.09,65.6,1445.52,28.43
4107,7,2025-07-25,80.59,4.91,73.66,2217.79,76.25
4108,8,2025-07-25,63.85,2.6,85.42,1391.53,55.53
4109,9,2025-07-25,63.0,1.62,70.89,2079.3,67.4
4110,10,2025-07-25,69.81,3.5,41.61,2693.29,24.31
4111,11,2025-07-25,58.74,2.76,70.28,1574.5,43.25
4112,12,2025-07-25,71.39,2.91,62.2,1787.29,37.92
4113,13,2025-07-25,66.61,4.68,75.28,1355.8,68.2
4114,14,2025-07-25,80.58,3.22,68.38,1645.21,31.01
4115,15,2025-07-25,78.66,3.94,90.26,2402.52,65.33
4116,16,2025-07-25,69.01,3.69,61.11,1762.57,64.37
4117,17,2025-07-25,70.26,5.89,69.99,1871.54,46.49
4118,18,2025-07-25,71.82,3.48,68.45,1905.56,51.43
4119,19,2025-07-25,71.99,4.34,87.53,2997.44,74.9
4120,20,2025-07-25,58.7,5.47,68.41,2211.53,64.99
4121,1,2025-07-26,79.35,2.99,78.27,2234.22,47.56
4122,2,2025-07-26,78.14,5.35,94.43,2516.31,51.12
4123,3,2025-07-26,69.21,1.65,78.76,2267.65,42.1
4124,4,2025-07-26,92.38,7.36,77.84,2243.26,49.28
4125,5,2025-07-26,57.01,4.56,74.7,1838.16,66.66
4126,6,2025-07-26,57.53,4.5,52.65,2030.98,63.29
4127,7,2025-07-26,83.05,4.67,74.22,1722.32,31.05
4128,8,2025-07-26,55.55,2.77,64.76,2393.42,71.27
4129,9,2025-07-26,75.41,5.99,78.63,2029.71,51.53
4130,10,2025-07-26,56.24,5.6,67.29,2240.79,38.19
4131,11,2025-07-26,66.49,3.26,49.45,1797.13,48.68
4132,12,2025-07-26,72.3,3.21,66.25,2372.27,61.83
4133,13,2025-07-26,71.45,1.23,46.95,2944.08,20.27
4134,14,2025-07-26,73.74,3.56,67.58,2427.83,22.63
4135,15,2025-07-26,82.31,5.8,78.38,2438.24,43.84
4136,16,2025-07-26,84.87,3.23,67.9,2367.02,73.75
4137,17,2025-07-26,82.27,4.92,52.73,2800.22,29.45
4138,18,2025-07-26,67.36,3.26,56.01,1680.49,32.06
4139,19,2025-07-26,72.25,5.32,54.27,1581.39,71.05
4140,20,2025-07-26,66.94,5.24,46.32,1247.1,72.49
4141,1,2025-07-27,77.96,3.84,67.26,2452.21,67.07
4142,2,2025-07-27,82.49,6.17,96.39,1695.57,66.93
4143,3,2025-07-27,69.22,5.28,60.09,1650.09,38.75
4144,4,2025-07-27,55.05,1.04,78.09,2042.48,58.83
4145,5,2025-07-27,73.22,4.37,57.9,2844.9,65.71
4146,6,2025-07-27,75.59,4.11,43.74,1814.84,31.73
4147,7,2025-07-27,58.52,1.27,73.54,1830.52,31.21
4148,8,2025-07-27,69.97,3.37,66.57,1292.58,69.4
4149,9,2025-07-27,62.07,4.82,86.05,2190.61,29.9
4150,10,2025-07-27,66.03,3.34,64.62,1263.86,26.32
4151,11,2025-07-27,61.91,2.14,40.37,2864.93,30.25
4152,12,2025-07-27,86.08,5.4,84.08,1621.2,50.32
4153,13,2025-07-27,65.7,3.97,65.16,2298.34,74.28
4154,14,2025-07-27,77.52,4.46,47.89,1942.05,43.78
4155,15,2025-07-27,73.49,4.49,85.87,1920.47,75.39
4156,16,2025-07-27,73.04,6.35,70.69,1928.9,50.54
4157,17,2025-07-27,81.45,4.53,56.44,2544.4,36.58
4158,18,2025-07-27,60.06,3.58,71.95,1582.58,68.47
4159,19,2025-07-27,75.61,5.15,65.58,1777.79,30.28
4160,20,2025-07-27,76.5,3.23,70.62,1581.11,34.06
4161,1,2025-07-28,85.22,4.64,69.33,1732.85,58.94
4162,2,2025-07-28,84.99,6.83,71.74,2866.21,48.27
4163,3,2025-07-28,70.38,4.01,84.7,1789.04,45.18
4164,4,2025-07-28,55.63,1.95,53.47,1407.05,25.62
4165,5,2025-07-28,66.72,3.51,68.87,1958.54,50.58
4166,6,2025-07-28,57.22,5.56,60.31,2903.87,57.63
4167,7,2025-07-28,83.23,2.01,64.32,2117.41,71.94
4168,8,2025-07-28,69.43,5.78,63.94,1750.4,46.36
4169,9,2025-07-28,80.67,1.93,69.79,1935.01,30.7
4170,10,2025-07-28,81.77,1.44,51.62,1597.08,46.85
4171,11,2025-07-28,78.25,4.68,87.2,2190.27,27.42
4172,12,2025-07-28,72.73,4.2,81.5,2198.16,53.06
4173,13,2025-07-28,73.69,5.29,57.59,1754.75,45.28
4174,14,2025-07-28,67.67,1.62,60.79,1274.91,31.49
4175,15,2025-07-28,81.55,6.77,65.25,2837.35,76.62
4176,16,2025-07-28,79.26,4.71,67.66,2039.0,56.08
4177,17,2025-07-28,81.41,1.79,56.87,2908.74,49.03
4178,18,2025-07-28,56.38,3.74,56.75,2793.03,43.3
4179,19,2025-07-28,55.45,1.27,75.17,2586.48,35.71
4180,20,2025-07-28,77.45,3.41,81.85,2512.47,61.88
4181,1,2025-07-29,72.71,3.99,88.91,2852.17,67.76
4182,2,2025-07-29,88.85,6.93,84.8,2613.66,47.58
4183,3,2025-07-29,73.81,3.9,63.6,2210.04,44.31
4184,4,2025-07-29,83.72,4.13,89.59,2248.61,61.97
4185,5,2025-07-29,76.63,4.38,76.21,2765.78,52.51
4186,6,2025-07-29,59.69,2.96,71.74,2485.7,30.03
4187,7,2025-07-29,72.79,2.92,83.63,2726.12,42.45
4188,8,2025-07-29,58.12,2.28,53.01,2116.15,38.63
4189,9,2025-07-29,63.12,1.12,60.15,2676.12,41.02
4190,10,2025-07-29,56.94,4.38,88.68,2202.76,36.43
4191,11,2025-07-29,71.98,4.13,69.38,2465.45,27.77
4192,12,2025-07-29,76.19,3.81,86.08,1806.1,66.83
4193,13,2025-07-29,81.95,3.9,67.49,2558.64,24.15
4194,14,2025-07-29,83.8,3.19,60.51,2807.08,21.16
4195,15,2025-07-29,78.75,6.32,82.52,2463.22,72.12
4196,16,2025-07-29,79.69,5.06,82.54,2235.3,76.18
4197,17,2025-07-29,82.78,4.98,60.47,2413.51,52.55
4198,18,2025-07-29,84.37,5.81,80.45,1691.41,23.2
4199,19,2025-07-29,77.23,4.83,89.09,1406.39,69.01
4200,20,2025-07-29,74.55,2.16,52.03,1386.78,46.95
4201,1,2025-07-30,92.28,5.73,65.61,1770.53,62.26
4202,2,2025-07-30,73.03,1.61,56.32,1848.22,68.24
4203,3,2025-07-30,80.46,3.64,71.08,2638.08,53.64
4204,4,2025-07-30,76.44,3.05,65.02,2650.65,25.85
4205,5,2025-07-30,73.42,5.06,61.62,1680.04,43.77
4206,6,2025-07-30,78.17,5.62,73.71,1813.69,26.64
4207,7,2025-07-30,57.95,2.84,44.06,1417.33,71.95
4208,8,2025-07-30,57.81,2.92,46.58,2578.63,40.39
4209,9,2025-07-30,81.7,4.17,69.6,1914.98,28.97
4210,10,2025-07-30,72.77,1.49,53.53,1286.58,26.25
4211,11,2025-07-30,68.74,3.69,68.93,1917.58,40.08
4212,12,2025-07-30,77.64,6.09,91.06,2336.9,46.92
4213,13,2025-07-30,73.47,5.22,66.59,1752.91,56.82
4214,14,2025-07-30,68.31,1.23,88.74,1222.72,64.99
4215,15,2025-07-30,84.42,4.13,79.68,2629.31,45.79
4216,16,2025-07-30,76.13,5.84,90.23,2601.79,53.23
4217,17,2025-07-30,64.27,3.84,66.63,2259.66,28.07
4218,18,2025-07-30,64.83,3.06,55.02,2877.69,61.29
4219,19,2025-07-30,77.82,5.65,69.54,1955.63,59.61
4220,20,2025-07-30,73.27,2.23,57.99,1310.13,25.72
4221,1,2025-07-31,83.19,4.64,69.22,2301.87,52.15
4222,2,2025-07-31,58.19,4.43,60.1,2520.69,67.01
4223,3,2025-07-31,78.96,5.55,80.1,2233.41,63.56
4224,4,2025-07-31,82.56,5.43,65.59,2162.2,51.58
4225,5,2025-07-31,80.62,4.5,62.72,1768.62,58.3
4226,6,2025-07-31,57.49,2.11,68.54,2736.22,55.76
4227,7,2025-07-31,67.11,1.13,88.6,1333.89,20.42
4228,8,2025-07-31,74.83,2.36,73.85,1730.18,26.02
4229,9,2025-07-31,77.07,1.79,49.69,2809.7,21.57
4230,10,2025-07-31,68.17,4.49,59.52,2979.58,48.99
4231,11,2025-07-31,75.08,3.17,82.67,2274.81,53.98
4232,12,2025-07-31,89.74,4.96,82.9,2835.17,56.61
4233,13,2025-07-31,59.77,3.08,59.41,1823.63,67.13
4234,14,2025-07-31,75.79,1.5,61.42,1911.07,43.08
4235,15,2025-07-31,75.83,6.19,65.06,1451.06,52.61
4236,16,2025-07-31,68.17,4.31,81.38,2104.68,46.14
4237,17,2025-07-31,67.28,2.81,83.57,1447.05,45.32
4238,18,2025-07-31,57.35,1.14,75.62,2724.07,68.24
4239,19,2025-07-31,60.63,5.36,70.37,2330.55,55.51
4240,20,2025-07-31,71.07,5.2,60.89,2107.16,56.98
4241,1,2025-08-01,75.08,4.18,77.02,1544.12,20.55
4242,2,2025-08-01,62.59,2.4,47.25,2266.8,68.08
4243,3,2025-08-01,88.93,5.07,69.71,1334.63,75.27
4244,4,2025-08-01,79.79,1.05,40.68,1213.24,33.6
4245,5,2025-08-01,90.31,4.68,87.24,2360.55,47.5
4246,6,2025-08-01,81.27,3.16,76.79,1466.5,39.36
4247,7,2025-08-01,71.45,1.19,76.97,2641.56,22.55
4248,8,2025-08-01,64.75,1.28,74.11,2029.71,53.1
4249,9,2025-08-01,55.21,2.95,59.75,2745.74,62.78
4250,10,2025-08-01,77.88,5.55,65.82,1547.22,48.69
4251,11,2025-08-01,84.77,4.64,73.41,1954.43,49.19
4252,12,2025-08-01,75.15,3.38,43.32,2850.92,45.17
4253,13,2025-08-01,60.56,3.06,86.15,2226.98,36.45
4254,14,2025-08-01,75.2,1.9,59.24,1378.68,67.0
4255,15,2025-08-01,88.82,5.93,89.57,1903.8,61.06
4256,16,2025-08-01,83.88,4.43,84.62,2191.07,42.36
4257,17,2025-08-01,62.97,5.21,66.71,2178.25,72.39
4258,18,2025-08-01,81.07,5.37,88.99,2159.15,65.16
4259,19,2025-08-01,73.14,4.11,57.12,2245.59,43.11
4260,20,2025-08-01,68.15,2.39,75.76,1737.85,29.25
4261,1,2025-08-02,58.04,2.38,71.17,2381.34,49.59
4262,2,2025-08-02,64.29,3.76,84.37,1513.99,56.51
4263,3,2025-08-02,94.4,5.22,71.63,2171.81,77.27
4264,4,2025-08-02,82.81,1.92,60.53,1492.6,70.36
4265,5,2025-08-02,78.39,5.63,73.19,1955.48,69.81
4266,6,2025-08-02,77.84,5.18,88.83,2894.97,22.31
4267,7,2025-08-02,82.46,2.61,87.92,1896.66,43.02
4268,8,2025-08-02,69.62,5.01,73.26,1303.03,69.64
4269,9,2025-08-02,71.99,1.01,71.02,2451.15,59.66
4270,10,2025-08-02,73.33,5.64,71.66,2625.8,65.07
4271,11,2025-08-02,86.76,6.04,74.01,2184.26,43.72
4272,12,2025-08-02,76.44,2.76,76.45,1493.38,46.53
4273,13,2025-08-02,66.94,1.34,88.96,2507.19,52.73
4274,14,2025-08-02,59.27,1.13,62.68,2847.6,52.47
4275,15,2025-08-02,87.19,4.13,72.62,2128.15,73.82
4276,16,2025-08-02,76.86,4.52,65.75,1770.37,66.95
4277,17,2025-08-02,58.41,2.6,68.41,2680.28,50.87
4278,18,2025-08-02,71.93,1.11,49.69,1252.63,60.94
4279,19,2025-08-02,79.42,4.69,86.48,1473.42,44.53
4280,20,2025-08-02,70.58,4.04,81.54,1453.4,55.64
4281,1,2025-08-03,81.74,3.41,58.28,2084.76,53.62
4282,2,2025-08-03,63.13,2.88,83.27,1785.34,65.69
4283,3,2025-08-03,63.32,5.84,54.68,1709.25,43.02
4284,4,2025-08-03,83.27,5.31,83.21,2080.11,46.13
4285,5,2025-08-03,86.06,5.69,90.21,2543.26,57.8
4286,6,2025-08-03,62.26,2.93,74.07,2725.43,53.93
4287,7,2025-08-03,71.78,2.82,59.93,1459.9,56.69
4288,8,2025-08-03,69.72,5.42,56.31,1355.67,45.68
4289,9,2025-08-03,70.91,2.2,89.69,1322.33,35.66
4290,10,2025-08-03,82.07,4.33,62.07,2000.9,42.42
4291,11,2025-08-03,75.97,6.27,91.61,2102.84,72.56
4292,12,2025-08-03,79.61,3.49,83.68,2908.12,73.27
4293,13,2025-08-03,81.59,3.88,68.27,2518.88,41.68
4294,14,2025-08-03,75.58,1.15,81.03,1783.93,49.42
4295,15,2025-08-03,77.79,6.53,72.15,1662.44,75.91
4296,16,2025-08-03,76.97,4.26,82.18,2194.09,63.21
4297,17,2025-08-03,73.71,3.66,81.54,1974.3,48.0
4298,18,2025-08-03,64.45,1.54,71.95,1986.06,42.54
4299,19,2025-08-03,71.36,4.68,82.27,2248.65,46.34
4300,20,2025-08-03,75.63,2.85,83.35,1531.16,36.95
4301,1,2025-08-04,77.14,2.31,59.29,2821.0,38.42
4302,2,2025-08-04,75.65,5.68,70.05,2492.87,50.87
4303,3,2025-08-04,83.98,5.84,49.78,1770.9,40.87
4304,4,2025-08-04,71.35,5.07,85.23,1546.06,53.04
4305,5,2025-08-04,76.07,5.59,89.68,2150.02,72.79
4306,6,2025-08-04,68.4,3.43,54.51,2361.35,28.23
4307,7,2025-08-04,60.41,5.42,43.41,1429.31,56.43
4308,8,2025-08-04,84.99,3.75,81.17,1633.88,41.46
4309,9,2025-08-04,79.35,5.96,71.18,1648.14,52.32
4310,10,2025-08-04,74.23,3.62,59.5,2128.71,61.46
4311,11,2025-08-04,78.34,6.82,81.71,1982.3,72.22
4312,12,2025-08-04,56.6,1.72,85.74,1906.27,53.56
4313,13,2025-08-04,72.95,5.71,76.1,2607.61,48.26
4314,14,2025-08-04,84.21,5.08,47.35,2720.22,36.01
4315,15,2025-08-04,87.24,7.61,84.21,2617.87,63.1
4316,16,2025-08-04,88.77,6.48,89.88,1728.14,62.35
4317,17,2025-08-04,75.56,5.14,69.44,1365.69,24.4
4318,18,2025-08-04,59.15,1.91,77.59,1814.22,25.3
4319,19,2025-08-04,74.27,4.32,74.99,1650.19,54.24
4320,20,2025-08-04,84.89,3.44,40.06,2167.37,69.83
4321,1,2025-08-05,69.94,2.86,70.72,2551.63,31.31
4322,2,2025-08-05,69.46,2.4,79.41,2419.73,50.58
4323,3,2025-08-05,81.42,2.55,53.61,2344.48,24.27
4324,4,2025-08-05,71.55,3.58,68.18,2624.56,49.63
4325,5,2025-08-05,83.76,3.41,42.76,1839.94,38.86
4326,6,2025-08-05,60.22,4.1,84.27,1699.72,38.77
4327,7,2025-08-05,83.79,3.1,47.43,1688.58,25.12
4328,8,2025-08-05,59.09,4.33,44.0,1840.28,73.92
4329,9,2025-08-05,82.59,3.95,61.4,2030.01,41.08
4330,10,2025-08-05,78.05,3.34,73.15,2010.96,23.22
4331,11,2025-08-05,85.19,7.0,87.09,2438.4,80.11
4332,12,2025-08-05,64.01,5.13,63.44,2377.36,73.01
4333,13,2025-08-05,70.2,3.53,80.48,2132.94,42.98
4334,14,2025-08-05,63.95,2.94,54.78,2282.5,64.13
4335,15,2025-08-05,91.49,5.27,75.2,2607.46,69.16
4336,16,2025-08-05,90.9,5.75,68.39,1874.44,63.88
4337,17,2025-08-05,69.73,1.35,47.73,1750.25,26.07
4338,18,2025-08-05,55.2,2.18,79.06,2665.37,71.11
4339,19,2025-08-05,83.1,3.7,94.66,2754.22,58.26
4340,20,2025-08-05,56.26,4.24,81.22,2241.86,54.13
4341,1,2025-08-06,76.84,4.42,45.85,2679.0,56.47
4342,2,2025-08-06,81.56,4.76,67.94,2271.25,45.56
4343,3,2025-08-06,80.86,5.41,89.39,2048.86,57.76
4344,4,2025-08-06,86.04,5.86,90.65,1450.48,58.31
4345,5,2025-08-06,76.56,2.92,78.32,2152.45,49.06
4346,6,2025-08-06,63.74,2.91,82.46,1409.76,66.7
4347,7,2025-08-06,81.08,4.9,81.23,2667.08,39.59
4348,8,2025-08-06,69.61,3.84,79.53,1953.69,23.21
4349,9,2025-08-06,75.04,4.86,80.35,1745.56,44.98
4350,10,2025-08-06,62.16,5.94,42.66,2439.7,69.48
4351,11,2025-08-06,81.15,7.1,90.75,3034.93,69.34
4352,12,2025-08-06,80.73,2.69,69.78,2502.67,47.13
4353,13,2025-08-06,77.48,4.99,90.47,1801.69,70.44
4354,14,2025-08-06,76.43,2.53,40.87,2882.19,65.95
4355,15,2025-08-06,80.11,1.55,78.0,2933.83,34.47
4356,16,2025-08-06,68.42,2.36,76.58,1231.04,46.11
4357,17,2025-08-06,70.23,1.89,87.94,1465.09,66.59
4358,18,2025-08-06,83.25,4.43,74.49,1601.77,43.51
4359,19,2025-08-06,85.8,6.65,69.54,1630.67,55.88
4360,20,2025-08-06,67.15,3.31,89.96,2997.64,44.04
4361,1,2025-08-07,56.27,4.26,41.79,2796.94,52.92
4362,2,2025-08-07,83.24,5.62,81.88,2489.96,58.93
4363,3,2025-08-07,64.04,4.32,44.26,1300.97,41.71
4364,4,2025-08-07,83.62,6.96,64.9,2445.72,62.77
4365,5,2025-08-07,55.57,3.4,64.91,1809.24,38.07
4366,6,2025-08-07,83.41,2.06,65.45,2572.18,60.45
4367,7,2025-08-07,78.27,4.24,73.96,2029.99,47.75
4368,8,2025-08-07,60.94,3.71,52.23,1860.36,74.34
4369,9,2025-08-07,82.12,4.64,77.4,1898.07,49.18
4370,10,2025-08-07,69.1,5.05,88.08,2007.84,32.57
4371,11,2025-08-07,86.64,3.58,65.53,1902.04,58.14
4372,12,2025-08-07,75.73,4.61,83.97,2300.81,52.62
4373,13,2025-08-07,85.67,5.27,83.07,2165.73,58.15
4374,14,2025-08-07,65.78,3.01,82.04,1352.9,60.54
4375,15,2025-08-07,71.68,3.75,46.48,1356.52,20.96
4376,16,2025-08-07,74.75,3.25,80.43,2062.59,42.91
4377,17,2025-08-07,58.39,2.31,83.24,2899.85,47.59
4378,18,2025-08-07,72.75,5.94,44.72,2434.88,26.6
4379,19,2025-08-07,84.95,5.85,94.66,2839.6,79.76
4380,20,2025-08-07,60.09,1.14,80.46,2582.07,69.0
4381,1,2025-08-08,72.2,1.77,78.69,2151.68,33.23
4382,2,2025-08-08,72.5,4.23,82.86,2006.31,71.69
4383,3,2025-08-08,77.33,4.09,75.95,2752.09,47.88
4384,4,2025-08-08,78.97,7.44,69.57,2403.57,55.38
4385,5,2025-08-08,59.91,3.26,87.04,2834.54,47.83
4386,6,2025-08-08,61.29,1.24,69.15,2434.06,64.55
4387,7,2025-08-08,73.23,3.33,71.43,2655.37,59.76
4388,8,2025-08-08,61.78,1.22,42.66,2849.53,67.94
4389,9,2025-08-08,78.7,4.53,69.32,2259.47,59.91
4390,10,2025-08-08,78.77,1.14,40.77,2687.09,32.52
4391,11,2025-08-08,75.31,5.86,71.74,1633.66,49.72
4392,12,2025-08-08,85.83,5.41,63.68,2249.97,42.27
4393,13,2025-08-08,89.74,4.73,77.83,1731.04,66.99
4394,14,2025-08-08,81.46,2.55,68.04,2801.08,40.53
4395,15,2025-08-08,75.65,3.73,81.43,1571.45,41.84
4396,16,2025-08-08,74.17,3.75,86.46,2185.07,54.54
4397,17,2025-08-08,58.56,1.93,73.67,2556.98,67.61
4398,18,2025-08-08,78.65,2.11,66.11,1436.35,61.02
4399,19,2025-08-08,75.9,4.92,84.45,2495.92,56.72
4400,20,2025-08-08,72.41,2.93,82.29,2719.05,67.98
4401,1,2025-08-09,76.86,5.89,83.46,2413.3,57.13
4402,2,2025-08-09,81.97,5.79,78.92,1834.54,60.87
4403,3,2025-08-09,68.5,4.32,55.99,2835.5,45.52
4404,4,2025-08-09,81.66,6.8,78.48,1721.11,74.69
4405,5,2025-08-09,70.04,4.66,83.74,1817.9,58.49
4406,6,2025-08-09,76.57,3.17,68.12,1927.81,38.58
4407,7,2025-08-09,71.3,6.12,73.97,1501.6,51.96
4408,8,2025-08-09,68.8,5.39,50.51,1320.08,31.98
4409,9,2025-08-09,83.77,5.15,68.88,1892.93,52.18
4410,10,2025-08-09,75.29,1.78,72.83,1823.73,62.75
4411,11,2025-08-09,89.23,5.76,80.44,2207.64,63.0
4412,12,2025-08-09,84.76,5.61,60.39,2418.68,52.7
4413,13,2025-08-09,87.9,5.06,78.26,1436.44,77.1
4414,14,2025-08-09,66.91,1.62,75.16,2558.06,28.71
4415,15,2025-08-09,73.29,4.16,81.44,1878.84,34.09
4416,16,2025-08-09,77.75,6.15,88.28,1876.95,63.14
4417,17,2025-08-09,66.75,3.28,53.3,2109.81,40.87
4418,18,2025-08-09,71.79,3.46,44.17,2484.02,27.85
4419,19,2025-08-09,76.18,4.94,66.93,1489.82,56.14
4420,20,2025-08-09,78.58,4.58,68.61,2277.45,59.4
4421,1,2025-08-10,56.35,5.05,85.5,2759.54,50.27
4422,2,2025-08-10,83.33,4.44,95.12,1844.53,51.97
4423,3,2025-08-10,58.27,5.62,44.49,1628.26,24.94
4424,4,2025-08-10,84.3,5.5,52.84,1358.38,42.42
4425,5,2025-08-10,83.96,3.78,63.28,1785.91,49.0
4426,6,2025-08-10,80.28,4.54,76.23,1402.55,43.16
4427,7,2025-08-10,85.05,4.47,90.14,2055.46,56.31
4428,8,2025-08-10,56.93,3.83,60.66,1615.81,34.28
4429,9,2025-08-10,74.21,5.39,90.78,2076.2,53.8
4430,10,2025-08-10,62.94,2.54,57.11,1693.27,67.1
4431,11,2025-08-10,84.91,6.38,89.13,2733.84,67.02
4432,12,2025-08-10,79.93,6.13,91.03,1518.84,68.03
4433,13,2025-08-10,67.12,1.49,85.21,1460.61,45.07
4434,14,2025-08-10,56.47,2.5,72.77,1386.67,29.51
4435,15,2025-08-10,77.98,5.97,78.88,2962.65,32.95
4436,16,2025-08-10,80.94,5.7,78.7,1428.4,45.64
4437,17,2025-08-10,84.81,5.29,51.96,2417.05,71.82
4438,18,2025-08-10,74.76,5.09,80.04,1428.74,52.04
4439,19,2025-08-10,80.08,5.42,86.08,2618.81,51.15
4440,20,2025-08-10,72.22,1.54,65.54,2539.18,62.51
4441,1,2025-08-11,55.08,1.13,48.66,1630.18,49.26
4442,2,2025-08-11,87.18,7.6,71.86,1803.92,59.73
4443,3,2025-08-11,78.68,3.88,59.13,2765.06,44.89
4444,4,2025-08-11,76.09,3.83,52.45,1577.22,31.34
4445,5,2025-08-11,84.46,4.46,76.11,1535.53,53.46
4446,6,2025-08-11,68.13,5.62,58.63,1762.3,54.91
4447,7,2025-08-11,80.0,6.17,68.09,1738.01,56.27
4448,8,2025-08-11,67.01,2.88,69.89,1207.04,48.78
4449,9,2025-08-11,89.21,7.56,94.22,1826.37,75.75
4450,10,2025-08-11,82.19,5.79,52.61,2740.94,31.0
4451,11,2025-08-11,84.55,3.78,50.74,2122.4,24.32
4452,12,2025-08-11,78.18,4.86,80.41,2406.77,54.05
4453,13,2025-08-11,62.74,2.42,44.51,1963.67,31.82
4454,14,2025-08-11,63.07,1.02,62.91,1739.19,60.27
4455,15,2025-08-11,72.99,4.58,74.15,1808.9,57.39
4456,16,2025-08-11,77.04,5.58,70.32,2268.86,57.9
4457,17,2025-08-11,79.27,3.47,75.85,2611.53,60.91
4458,18,2025-08-11,75.06,1.14,61.4,1520.27,63.54
4459,19,2025-08-11,77.24,7.0,76.64,2370.25,61.43
4460,20,2025-08-11,71.44,3.38,54.09,1650.58,73.16
4461,1,2025-08-12,67.89,2.74,86.28,2768.7,57.67
4462,2,2025-08-12,75.35,1.03,77.57,2189.18,60.05
4463,3,2025-08-12,82.87,2.76,80.31,2613.97,53.81
4464,4,2025-08-12,84.95,3.9,46.47,1518.48,26.33
4465,5,2025-08-12,83.31,4.05,81.34,1920.36,43.1
4466,6,2025-08-12,84.63,5.03,59.71,1520.43,67.42
4467,7,2025-08-12,88.71,4.77,83.74,2207.63,64.09
4468,8,2025-08-12,73.37,5.05,73.37,2871.06,29.29
4469,9,2025-08-12,83.79,5.84,79.52,2111.63,43.84
4470,10,2025-08-12,71.02,3.45,79.35,1288.6,40.89
4471,11,2025-08-12,71.97,2.4,86.9,1924.44,65.16
4472,12,2025-08-12,84.23,4.44,85.96,3006.58,51.37
4473,13,2025-08-12,73.7,3.28,74.48,2240.13,70.51
4474,14,2025-08-12,58.08,3.21,58.66,2248.87,23.43
4475,15,2025-08-12,75.61,4.21,72.82,2319.48,63.33
4476,16,2025-08-12,77.44,5.23,84.16,1502.15,66.37
4477,17,2025-08-12,68.25,5.61,61.32,2082.43,38.44
4478,18,2025-08-12,84.34,5.97,83.02,2657.02,60.27
4479,19,2025-08-12,81.82,4.52,89.23,1847.59,66.07
4480,20,2025-08-12,75.15,4.28,42.58,2041.91,24.86
4481,1,2025-08-13,79.37,4.71,75.24,2857.93,32.77
4482,2,2025-08-13,60.66,3.01,51.14,1828.8,28.17
4483,3,2025-08-13,80.27,3.47,70.47,1931.92,63.26
4484,4,2025-08-13,84.59,3.1,80.9,1398.4,56.22
4485,5,2025-08-13,76.29,5.1,64.16,2850.73,51.94
4486,6,2025-08-13,80.16,5.91,81.07,2363.63,56.14
4487,7,2025-08-13,75.36,3.84,72.77,1666.49,66.82
4488,8,2025-08-13,55.7,4.82,40.03,1367.12,50.07
4489,9,2025-08-13,89.39,3.74,78.28,2440.45,59.2
4490,10,2025-08-13,83.96,3.84,76.7,1344.53,48.26
4491,11,2025-08-13,78.78,4.64,77.56,1954.21,56.79
4492,12,2025-08-13,88.75,6.07,94.02,1839.08,59.46
4493,13,2025-08-13,61.15,5.87,54.18,1691.03,48.85
4494,14,2025-08-13,73.25,1.35,87.8,1949.52,37.92
4495,15,2025-08-13,79.09,4.56,89.44,1636.2,60.21
4496,16,2025-08-13,81.93,4.97,88.95,1677.78,67.66
4497,17,2025-08-13,67.41,3.19,58.4,1440.8,55.67
4498,18,2025-08-13,55.53,5.02,56.3,1491.99,66.14
4499,19,2025-08-13,81.31,5.81,72.31,2245.76,51.54
4500,20,2025-08-13,81.03,4.65,59.26,2490.26,34.08
4501,1,2025-08-14,71.94,2.23,85.93,2919.83,25.83
4502,2,2025-08-14,69.5,3.91,60.34,2704.51,53.7
4503,3,2025-08-14,88.71,3.89,77.68,2350.81,62.54
4504,4,2025-08-14,68.93,3.12,52.48,2493.05,37.99
4505,5,2025-08-14,90.26,4.6,90.8,1595.51,63.7
4506,6,2025-08-14,87.52,5.14,69.33,1912.01,70.08
4507,7,2025-08-14,73.59,6.43,71.7,1974.59,47.69
4508,8,2025-08-14,81.24,3.73,79.87,1992.8,56.55
4509,9,2025-08-14,85.89,5.11,91.16,2498.46,74.5
4510,10,2025-08-14,55.84,5.39,87.84,1802.51,71.2
4511,11,2025-08-14,75.74,4.4,86.57,1508.15,59.37
4512,12,2025-08-14,85.42,6.65,86.66,2357.68,75.92
4513,13,2025-08-14,67.07,2.78,47.59,1662.17,36.36
4514,14,2025-08-14,55.42,5.22,45.19,2958.39,37.64
4515,15,2025-08-14,81.28,4.87,83.34,2708.14,67.97
4516,16,2025-08-14,68.13,2.17,51.19,1276.72,63.86
4517,17,2025-08-14,75.33,5.36,87.96,2453.31,45.44
4518,18,2025-08-14,73.22,2.14,49.01,1955.14,24.67
4519,19,2025-08-14,93.74,4.59,72.33,2432.57,73.51
4520,20,2025-08-14,65.06,4.97,86.89,2685.14,70.62
4521,1,2025-08-15,81.47,1.41,89.36,2947.41,50.3
4522,2,2025-08-15,72.03,5.3,84.6,1937.52,45.33
4523,3,2025-08-15,90.77,5.06,84.61,2938.29,67.61
4524,4,2025-08-15,58.4,1.39,60.18,2454.73,32.1
4525,5,2025-08-15,88.52,7.26,91.83,2554.67,62.1
4526,6,2025-08-15,87.5,4.71,77.12,2670.83,59.33
4527,7,2025-08-15,78.92,5.04,67.23,2623.14,62.18
4528,8,2025-08-15,76.39,3.57,63.32,1372.17,28.58
4529,9,2025-08-15,94.88,7.35,76.46,2982.81,48.97
4530,10,2025-08-15,79.16,2.84,48.92,2180.53,30.47
4531,11,2025-08-15,85.33,3.56,76.5,2151.69,74.58
4532,12,2025-08-15,89.0,7.42,96.12,1818.22,65.66
4533,13,2025-08-15,58.07,1.61,46.82,1610.68,73.63
4534,14,2025-08-15,75.7,3.4,53.42,2337.71,73.25
4535,15,2025-08-15,77.98,6.46,90.09,1625.63,54.68
4536,16,2025-08-15,58.87,5.84,62.51,1924.35,41.18
4537,17,2025-08-15,72.86,5.36,86.09,2775.88,59.9
4538,18,2025-08-15,77.31,5.59,43.3,1770.12,72.72
4539,19,2025-08-15,86.08,7.37,98.72,2367.58,62.36
4540,20,2025-08-15,73.92,1.63,71.72,2485.24,63.38
4541,1,2025-08-16,76.83,1.47,86.01,2702.91,67.47
4542,2,2025-08-16,72.71,3.35,61.4,1628.13,64.7
4543,3,2025-08-16,89.16,5.07,79.25,2147.46,56.79
4544,4,2025-08-16,65.75,3.36,71.65,1443.82,62.49
4545,5,2025-08-16,78.37,2.15,68.68,1528.79,53.02
4546,6,2025-08-16,80.57,4.81,85.38,1622.18,65.45
4547,7,2025-08-16,85.78,5.48,74.64,3020.62,61.05
4548,8,2025-08-16,74.0,2.88,65.69,1739.0,58.92
4549,9,2025-08-16,81.01,5.75,60.31,2508.72,34.6
4550,10,2025-08-16,80.32,5.21,60.71,2417.04,56.6
4551,11,2025-08-16,78.83,5.65,71.6,2469.94,71.13
4552,12,2025-08-16,78.67,5.97,83.52,2320.75,54.53
4553,13,2025-08-16,56.66,1.32,50.15,2242.81,34.84
4554,14,2025-08-16,82.11,1.65,60.16,1706.92,41.81
4555,15,2025-08-16,88.55,6.22,74.21,2983.92,76.67
4556,16,2025-08-16,78.35,5.18,62.07,2709.96,20.58
4557,17,2025-08-16,78.2,5.44,63.86,2371.6,51.44
4558,18,2025-08-16,76.74,2.28,67.97,1489.62,59.29
4559,19,2025-08-16,84.53,4.75,86.31,2553.97,60.04
4560,20,2025-08-16,70.51,4.42,81.16,2118.15,59.67
4561,1,2025-08-17,81.5,4.62,40.66,1625.21,47.52
4562,2,2025-08-17,81.84,4.37,71.78,1366.15,55.78
4563,3,2025-08-17,83.91,7.35,71.69,2313.59,54.48
4564,4,2025-08-17,76.46,2.55,80.9,2690.76,72.71
4565,5,2025-08-17,64.15,5.36,60.48,2686.06,39.3
4566,6,2025-08-17,76.28,5.3,69.64,2014.31,31.2
4567,7,2025-08-17,75.37,5.37,81.57,2007.29,54.23
4568,8,2025-08-17,71.22,5.72,77.7,2124.68,41.85
4569,9,2025-08-17,65.74,4.03,42.8,2233.07,53.97
4570,10,2025-08-17,72.98,4.86,64.27,1721.79,47.32
4571,11,2025-08-17,82.45,6.44,91.96,2574.04,54.3
4572,12,2025-08-17,84.66,5.52,83.64,1721.54,69.77
4573,13,2025-08-17,64.83,5.26,69.02,1937.11,40.09
4574,14,2025-08-17,79.87,2.75,40.91,1407.46,24.99
4575,15,2025-08-17,84.69,4.32,74.44,1838.15,62.48
4576,16,2025-08-17,68.95,3.13,71.73,2848.28,36.41
4577,17,2025-08-17,73.8,4.36,67.4,1915.54,76.11
4578,18,2025-08-17,69.81,1.09,83.05,1874.96,73.94
4579,19,2025-08-17,78.15,7.64,87.92,2879.76,74.89
4580,20,2025-08-17,55.02,2.94,86.24,1713.25,40.21
4581,1,2025-08-18,65.58,3.61,50.43,1905.27,45.44
4582,2,2025-08-18,75.65,4.69,71.45,1724.11,65.02
4583,3,2025-08-18,89.7,7.13,79.54,2084.77,82.11
4584,4,2025-08-18,76.71,3.65,54.25,1760.95,30.76
4585,5,2025-08-18,64.42,4.3,77.34,1965.45,72.17
4586,6,2025-08-18,81.04,4.83,61.61,2617.28,73.34
4587,7,2025-08-18,80.73,5.34,67.95,1590.96,65.16
4588,8,2025-08-18,83.09,4.93,84.68,2053.7,49.99
4589,9,2025-08-18,69.21,3.8,82.24,1284.87,34.44
4590,10,2025-08-18,74.97,4.16,83.26,1736.19,57.89
4591,11,2025-08-18,78.07,4.62,93.86,2603.51,77.4
4592,12,2025-08-18,69.64,3.88,57.46,2614.58,37.78
4593,13,2025-08-18,83.24,4.05,81.5,1440.84,26.31
4594,14,2025-08-18,74.37,3.28,78.4,1260.97,23.47
4595,15,2025-08-18,77.2,2.81,84.07,1777.8,61.26
4596,16,2025-08-18,64.3,4.87,69.82,1748.58,69.71
4597,17,2025-08-18,87.15,5.09,77.73,2931.12,65.5
4598,18,2025-08-18,63.34,3.17,52.1,2000.29,70.47
4599,19,2025-08-18,77.05,4.82,62.04,1818.36,43.05
4600,20,2025-08-18,75.52,1.51,54.83,1914.72,55.92
4601,1,2025-08-19,76.18,1.47,60.24,2132.26,52.32
4602,2,2025-08-19,82.69,5.42,68.52,1849.71,58.48
4603,3,2025-08-19,63.19,4.7,48.66,1358.05,26.74
4604,4,2025-08-19,57.46,1.83,86.2,2882.24,48.79
4605,5,2025-08-19,75.81,4.92,68.58,2591.65,34.84
4606,6,2025-08-19,67.12,2.79,76.36,2074.41,39.67
4607,7,2025-08-19,80.66,7.03,69.58,2268.44,65.55
4608,8,2025-08-19,77.42,4.09,73.94,2855.64,43.04
4609,9,2025-08-19,70.52,4.93,62.43,2518.06,42.53
4610,10,2025-08-19,75.6,3.86,77.22,2091.81,64.3
4611,11,2025-08-19,74.85,2.99,61.82,2326.54,70.7
4612,12,2025-08-19,55.05,4.88,48.71,2026.4,27.23
4613,13,2025-08-19,77.62,2.18,45.81,2877.67,55.64
4614,14,2025-08-19,84.29,3.54,60.51,2446.12,31.44
4615,15,2025-08-19,86.93,3.79,72.69,2659.83,59.18
4616,16,2025-08-19,75.65,5.77,75.96,1779.92,58.53
4617,17,2025-08-19,83.39,4.72,69.52,1821.15,72.36
4618,18,2025-08-19,71.57,5.54,85.41,2312.31,36.28
4619,19,2025-08-19,75.54,4.39,54.67,2954.84,52.97
4620,20,2025-08-19,62.92,3.28,44.1,1621.99,46.98
4621,1,2025-08-20,73.17,3.0,71.9,2705.7,43.72
4622,2,2025-08-20,92.85,6.84,78.61,2015.85,70.04
4623,3,2025-08-20,71.09,3.11,64.09,2626.08,27.64
4624,4,2025-08-20,63.04,2.57,55.68,1208.58,28.11
4625,5,2025-08-20,60.43,1.85,46.39,2185.68,41.93
4626,6,2025-08-20,69.0,3.69,65.74,1723.58,46.1
4627,7,2025-08-20,77.02,5.29,93.38,2155.77,77.32
4628,8,2025-08-20,77.37,5.57,89.68,2195.95,71.72
4629,9,2025-08-20,70.06,4.64,61.25,2744.02,41.74
4630,10,2025-08-20,83.37,4.03,66.07,1893.87,71.07
4631,11,2025-08-20,61.8,5.68,74.64,2488.23,57.45
4632,12,2025-08-20,60.36,4.9,57.24,1842.93,36.61
4633,13,2025-08-20,68.4,1.77,41.39,1292.29,34.53
4634,14,2025-08-20,70.48,4.05,74.07,2312.7,47.08
4635,15,2025-08-20,74.92,6.24,81.41,1568.25,53.22
4636,16,2025-08-20,65.94,1.26,50.6,2960.96,66.19
4637,17,2025-08-20,80.4,1.73,42.52,2828.29,74.74
4638,18,2025-08-20,56.57,4.29,81.54,2607.29,33.56
4639,19,2025-08-20,74.17,3.27,52.16,1982.48,56.53
4640,20,2025-08-20,69.49,2.82,65.39,2246.81,44.3
4641,1,2025-08-21,69.6,1.47,76.68,2522.88,45.73
4642,2,2025-08-21,74.35,6.42,78.42,2626.83,62.05
4643,3,2025-08-21,77.45,5.57,54.55,2414.82,37.96
4644,4,2025-08-21,72.82,2.45,81.58,1883.67,25.76
4645,5,2025-08-21,73.36,3.32,76.92,2144.09,28.44
4646,6,2025-08-21,80.04,4.85,66.93,2238.31,45.16
4647,7,2025-08-21,77.99,6.15,90.78,1713.31,66.55
4648,8,2025-08-21,86.09,4.33,75.92,2260.04,61.13
4649,9,2025-08-21,56.29,3.09,75.77,2759.7,34.32
4650,10,2025-08-21,85.25,6.09,88.37,1513.39,66.86
4651,11,2025-08-21,80.3,4.56,42.62,1232.67,29.11
4652,12,2025-08-21,63.59,4.76,82.44,1594.4,57.2
4653,13,2025-08-21,66.96,4.0,60.3,2489.57,46.48
4654,14,2025-08-21,75.54,5.96,49.8,2325.69,23.01
4655,15,2025-08-21,87.18,6.0,84.61,1758.4,56.95
4656,16,2025-08-21,59.53,4.56,58.46,2449.83,63.71
4657,17,2025-08-21,71.51,4.31,78.23,2262.88,48.59
4658,18,2025-08-21,71.98,2.14,74.71,2355.86,27.32
4659,19,2025-08-21,80.01,3.63,71.1,1457.85,48.71
4660,20,2025-08-21,81.48,4.5,68.75,2171.1,31.59
4661,1,2025-08-22,72.34,4.15,60.98,1256.21,72.32
4662,2,2025-08-22,87.24,6.81,86.48,2631.64,74.93
4663,3,2025-08-22,71.36,3.4,63.38,1883.68,53.68
4664,4,2025-08-22,75.63,4.94,81.49,1553.11,38.19
4665,5,2025-08-22,75.07,3.2,88.59,1781.27,68.83
4666,6,2025-08-22,75.98,6.55,75.88,1974.59,48.19
4667,7,2025-08-22,82.09,6.53,77.74,1767.12,56.47
4668,8,2025-08-22,87.04,7.8,67.9,1405.27,60.9
4669,9,2025-08-22,66.51,5.32,67.11,1952.31,44.15
4670,10,2025-08-22,82.71,4.84,70.29,2315.75,62.6
4671,11,2025-08-22,64.04,2.97,76.54,2349.15,44.22
4672,12,2025-08-22,82.03,4.24,63.8,2141.22,55.92
4673,13,2025-08-22,70.07,4.96,62.29,1530.21,61.53
4674,14,2025-08-22,55.58,2.21,81.35,1203.64,70.58
4675,15,2025-08-22,81.43,6.08,80.54,2440.22,54.25
4676,16,2025-08-22,80.42,3.58,64.23,2103.05,42.92
4677,17,2025-08-22,73.94,2.89,76.34,2139.47,59.81
4678,18,2025-08-22,62.95,4.47,76.32,1710.47,35.58
4679,19,2025-08-22,69.47,1.8,65.93,2089.72,52.98
4680,20,2025-08-22,69.35,3.7,77.65,1487.33,49.23
4681,1,2025-08-23,66.62,3.84,68.89,1669.53,67.7
4682,2,2025-08-23,85.37,4.74,96.28,1593.0,69.36
4683,3,2025-08-23,84.3,4.03,84.89,2913.75,70.16
4684,4,2025-08-23,77.43,5.05,75.64,2711.1,40.79
4685,5,2025-08-23,67.18,2.58,85.72,2486.4,50.55
4686,6,2025-08-23,78.97,4.22,73.23,2023.2,46.63
4687,7,2025-08-23,76.66,6.69,70.51,2490.2,54.17
4688,8,2025-08-23,62.62,4.62,44.97,1502.0,68.72
4689,9,2025-08-23,58.98,1.22,52.28,1283.82,73.91
4690,10,2025-08-23,71.23,3.5,72.49,1476.27,46.48
4691,11,2025-08-23,73.53,4.29,61.55,2637.56,45.66
4692,12,2025-08-23,71.12,2.91,79.76,2328.27,52.35
4693,13,2025-08-23,78.98,5.31,66.5,2312.0,58.78
4694,14,2025-08-23,71.9,5.29,88.53,2201.9,64.72
4695,15,2025-08-23,75.08,6.51,98.0,2092.93,64.15
4696,16,2025-08-23,72.39,3.86,79.06,2748.2,58.83
4697,17,2025-08-23,83.49,4.61,77.02,2799.61,47.93
4698,18,2025-08-23,81.66,3.36,76.43,2472.31,22.6
4699,19,2025-08-23,82.28,2.68,52.42,2492.17,26.47
4700,20,2025-08-23,71.26,5.5,65.93,2552.42,67.52
4701,1,2025-08-24,62.42,1.07,68.83,2182.55,38.17
4702,2,2025-08-24,89.1,5.56,78.92,2172.7,76.99
4703,3,2025-08-24,57.41,2.01,40.22,1967.18,42.24
4704,4,2025-08-24,79.01,3.19,86.39,2032.6,46.02
4705,5,2025-08-24,76.72,3.5,53.71,1227.03,42.0
4706,6,2025-08-24,80.15,5.0,83.32,1778.14,57.29
4707,7,2025-08-24,84.84,5.76,67.82,2383.61,66.88
4708,8,2025-08-24,76.39,1.17,46.69,2707.33,32.88
4709,9,2025-08-24,65.7,1.32,73.16,2591.89,68.3
4710,10,2025-08-24,83.55,2.94,84.65,1865.48,66.01
4711,11,2025-08-24,74.83,4.97,53.14,1807.11,58.39
4712,12,2025-08-24,78.27,3.17,86.5,2768.14,65.4
4713,13,2025-08-24,75.2,5.55,83.93,1417.4,53.8
4714,14,2025-08-24,78.76,3.41,80.77,2071.95,51.5
4715,15,2025-08-24,79.76,5.93,64.03,1546.45,77.27
4716,16,2025-08-24,78.58,3.97,82.42,2444.86,63.48
4717,17,2025-08-24,80.48,6.18,73.56,2229.56,55.02
4718,18,2025-08-24,75.1,2.56,79.57,2751.29,35.6
4719,19,2025-08-24,83.32,2.16,48.33,2039.53,40.08
4720,20,2025-08-24,72.3,5.17,70.76,1347.11,62.06
4721,1,2025-08-25,84.56,1.81,60.05,2561.54,51.05
4722,2,2025-08-25,57.44,1.28,58.37,2011.07,64.43
4723,3,2025-08-25,59.48,1.23,56.29,1916.48,64.9
4724,4,2025-08-25,79.36,4.38,73.44,2414.56,58.79
4725,5,2025-08-25,59.82,3.42,56.45,2676.8,31.58
4726,6,2025-08-25,86.21,5.33,72.65,1862.19,69.65
4727,7,2025-08-25,87.67,7.44,91.95,2480.3,57.24
4728,8,2025-08-25,73.32,5.58,78.44,1262.94,21.17
4729,9,2025-08-25,59.55,3.68,44.12,1270.65,31.29
4730,10,2025-08-25,70.86,3.83,75.12,2097.22,47.55
4731,11,2025-08-25,82.26,2.63,60.95,2072.16,37.77
4732,12,2025-08-25,80.93,5.64,82.93,2567.74,52.71
4733,13,2025-08-25,75.57,5.82,90.37,2411.43,70.99
4734,14,2025-08-25,74.17,4.61,63.71,2457.93,62.91
4735,15,2025-08-25,74.87,6.75,71.23,2003.83,73.15
4736,16,2025-08-25,74.11,3.48,86.07,2884.28,52.29
4737,17,2025-08-25,86.2,5.49,66.26,1265.02,69.31
4738,18,2025-08-25,68.58,1.52,45.32,1704.35,60.31
4739,19,2025-08-25,67.25,2.92,74.27,2207.48,70.54
4740,20,2025-08-25,75.26,5.67,88.69,1953.69,66.74
4741,1,2025-08-26,73.73,5.22,89.26,1587.81,39.79
4742,2,2025-08-26,82.64,4.28,89.17,1322.45,23.65
4743,3,2025-08-26,73.01,5.01,80.45,1672.59,57.22
4744,4,2025-08-26,84.36,5.03,72.65,2513.26,61.92
4745,5,2025-08-26,72.08,3.44,56.84,2933.57,67.29
4746,6,2025-08-26,84.12,2.8,73.13,2221.68,34.29
4747,7,2025-08-26,59.43,5.65,40.23,1267.64,61.87
4748,8,2025-08-26,70.13,4.33,40.08,2013.67,33.58
4749,9,2025-08-26,77.37,3.15,82.38,2896.39,23.67
4750,10,2025-08-26,84.94,5.51,72.1,1953.42,40.76
4751,11,2025-08-26,72.86,3.57,86.95,2720.85,62.76
4752,12,2025-08-26,85.29,5.93,69.68,1447.51,71.56
4753,13,2025-08-26,82.8,5.11,85.72,2549.0,47.1
4754,14,2025-08-26,81.64,3.39,84.08,2865.11,47.33
4755,15,2025-08-26,92.39,6.31,79.41,1457.16,59.89
4756,16,2025-08-26,82.56,5.81,68.98,2559.7,49.67
4757,17,2025-08-26,87.76,5.52,91.0,1402.31,52.8
4758,18,2025-08-26,61.25,3.65,62.77,2822.54,57.41
4759,19,2025-08-26,59.11,5.75,82.84,1328.36,69.27
4760,20,2025-08-26,79.52,5.08,64.26,2750.46,70.75
4761,1,2025-08-27,57.55,2.58,48.27,1581.77,47.22
4762,2,2025-08-27,80.34,5.07,46.05,2876.15,35.19
4763,3,2025-08-27,63.11,2.09,58.18,1277.81,49.67
4764,4,2025-08-27,88.78,6.83,66.57,1684.27,73.36
4765,5,2025-08-27,81.31,3.02,54.59,2148.11,40.54
4766,6,2025-08-27,70.64,2.52,48.14,1533.11,45.54
4767,7,2025-08-27,66.7,2.76,56.78,2447.62,66.28
4768,8,2025-08-27,81.58,2.56,47.08,1515.73,47.15
4769,9,2025-08-27,55.69,4.02,47.32,1847.21,58.94
4770,10,2025-08-27,84.66,4.47,83.15,1817.32,71.57
4771,11,2025-08-27,73.71,6.04,74.0,1510.81,67.71
4772,12,2025-08-27,81.8,5.25,67.47,2235.83,66.73
4773,13,2025-08-27,76.87,4.69,83.61,2213.93,58.76
4774,14,2025-08-27,79.01,3.77,89.48,2154.55,58.93
4775,15,2025-08-27,83.25,4.83,82.74,2178.27,57.96
4776,16,2025-08-27,82.67,4.01,79.67,1865.49,48.96
4777,17,2025-08-27,90.32,6.56,70.77,2385.52,65.06
4778,18,2025-08-27,73.72,3.3,41.18,1912.49,25.45
4779,19,2025-08-27,76.5,5.74,57.65,2645.83,22.39
4780,20,2025-08-27,91.83,5.7,82.26,2176.78,49.89
4781,1,2025-08-28,70.83,1.14,64.4,2521.18,44.11
4782,2,2025-08-28,58.78,3.28,40.39,1342.54,30.24
4783,3,2025-08-28,67.44,2.07,45.84,2564.99,29.28
4784,4,2025-08-28,88.96,5.55,89.78,1622.62,78.72
4785,5,2025-08-28,55.32,2.33,56.68,1473.91,42.3
4786,6,2025-08-28,71.55,1.63,86.91,1320.95,65.08
4787,7,2025-08-28,63.92,3.24,69.1,1202.21,27.2
4788,8,2025-08-28,62.42,3.48,45.27,2893.28,58.34
4789,9,2025-08-28,78.45,1.63,87.51,1857.81,65.75
4790,10,2025-08-28,73.54,6.44,68.3,2389.88,63.56
4791,11,2025-08-28,84.96,4.31,62.57,2818.27,61.69
4792,12,2025-08-28,91.01,7.23,81.45,2612.01,46.15
4793,13,2025-08-28,71.12,3.67,82.54,1829.66,57.54
4794,14,2025-08-28,77.09,5.36,68.77,1504.23,62.29
4795,15,2025-08-28,77.96,3.37,69.72,1398.32,59.92
4796,16,2025-08-28,89.05,6.76,84.47,2459.48,57.19
4797,17,2025-08-28,81.95,4.22,88.57,2283.03,43.64
4798,18,2025-08-28,59.01,1.11,81.36,2576.1,66.76
4799,19,2025-08-28,76.88,2.73,89.6,1698.63,49.46
4800,20,2025-08-28,74.71,5.81,74.41,1872.59,62.04
4801,1,2025-08-29,69.55,2.68,62.44,1545.51,59.97
4802,2,2025-08-29,79.52,2.27,53.55,2799.9,26.76
4803,3,2025-08-29,79.14,1.19,62.0,1734.84,27.91
4804,4,2025-08-29,76.98,1.04,77.91,2202.01,20.82
4805,5,2025-08-29,61.26,2.38,50.0,2507.21,25.66
4806,6,2025-08-29,75.49,3.59,48.35,1999.85,59.98
4807,7,2025-08-29,72.25,4.79,63.5,1796.65,40.64
4808,8,2025-08-29,70.65,3.6,88.31,2710.6,55.79
4809,9,2025-08-29,77.46,5.51,48.29,2816.09,66.68
4810,10,2025-08-29,87.75,4.61,72.92,1703.51,62.59
4811,11,2025-08-29,81.63,4.42,89.02,2824.32,68.71
4812,12,2025-08-29,59.21,1.91,44.13,2429.04,54.46
4813,13,2025-08-29,59.8,4.62,42.26,2521.08,20.67
4814,14,2025-08-29,77.82,5.39,92.98,2376.05,67.53
4815,15,2025-08-29,76.74,3.85,82.62,1907.69,47.33
4816,16,2025-08-29,66.33,3.83,72.0,1539.7,67.93
4817,17,2025-08-29,82.48,6.63,81.29,2283.17,68.95
4818,18,2025-08-29,76.29,5.48,54.69,1767.35,37.64
4819,19,2025-08-29,75.89,3.98,64.9,1541.8,66.94
4820,20,2025-08-29,78.67,3.1,73.48,2242.04,67.51
4821,1,2025-08-30,62.32,2.5,79.65,2658.83,53.18
4822,2,2025-08-30,57.92,2.3,45.62,2119.17,36.24
4823,3,2025-08-30,78.81,3.28,77.81,2419.25,34.25
4824,4,2025-08-30,72.22,1.35,73.73,2415.82,68.61
4825,5,2025-08-30,83.31,3.14,72.15,2977.42,41.82
4826,6,2025-08-30,57.87,1.91,89.86,2068.46,55.23
4827,7,2025-08-30,78.78,4.37,68.43,1544.61,46.72
4828,8,2025-08-30,59.93,3.83,51.05,2400.08,37.89
4829,9,2025-08-30,80.37,1.54,74.62,1476.35,58.77
4830,10,2025-08-30,93.12,6.77,77.86,2157.83,82.6
4831,11,2025-08-30,85.47,4.7,79.61,2362.31,49.77
4832,12,2025-08-30,78.96,5.22,69.07,2528.98,31.26
4833,13,2025-08-30,72.61,2.86,48.25,2307.23,64.41
4834,14,2025-08-30,85.27,5.63,77.73,1306.77,73.87
4835,15,2025-08-30,84.45,5.5,74.06,2667.85,59.79
4836,16,2025-08-30,80.01,5.58,49.97,1205.85,23.48
4837,17,2025-08-30,73.83,5.78,68.59,1752.06,66.67
4838,18,2025-08-30,57.46,4.57,63.35,1302.37,26.26
4839,19,2025-08-30,61.85,3.86,73.66,1682.64,65.01
4840,20,2025-08-30,75.09,4.84,85.85,1935.22,60.05
4841,1,2025-08-31,74.7,1.61,46.11,2065.87,29.28
4842,2,2025-08-31,57.4,1.66,84.7,1758.53,36.32
4843,3,2025-08-31,57.46,1.84,48.32,2423.46,66.87
4844,4,2025-08-31,80.4,3.51,72.18,2836.16,55.74
4845,5,2025-08-31,55.9,1.58,77.16,1822.19,57.59
4846,6,2025-08-31,61.71,1.44,68.33,1409.84,21.63
4847,7,2025-08-31,80.91,3.57,83.81,2502.43,59.2
4848,8,2025-08-31,77.77,4.77,83.58,2580.67,47.21
4849,9,2025-08-31,55.24,3.17,62.12,1295.02,71.06
4850,10,2025-08-31,78.22,4.69,57.95,2436.91,52.93
4851,11,2025-08-31,91.47,6.84,75.67,2075.5,76.25
4852,12,2025-08-31,70.03,5.04,65.14,2073.42,72.14
4853,13,2025-08-31,74.88,3.69,80.0,1708.64,62.08
4854,14,2025-08-31,85.46,4.09,68.01,1841.51,72.17
4855,15,2025-08-31,82.24,3.97,72.69,2542.22,54.38
4856,16,2025-08-31,80.38,5.93,79.77,2160.67,23.18
4857,17,2025-08-31,79.06,6.69,83.58,2717.32,69.75
4858,18,2025-08-31,77.15,1.26,61.53,1941.35,34.68
4859,19,2025-08-31,72.2,2.4,52.24,2648.82,48.19
4860,20,2025-08-31,85.95,5.38,85.77,2279.83,58.84
4861,1,2025-09-01,70.8,2.66,76.67,1752.44,44.78
4862,2,2025-09-01,65.08,2.08,50.46,1608.52,41.49
4863,3,2025-09-01,57.27,4.06,68.16,1426.6,60.23
4864,4,2025-09-01,62.44,3.71,86.43,2531.6,74.14
4865,5,2025-09-01,73.97,4.61,83.95,2628.87,35.7
4866,6,2025-09-01,58.97,5.86,87.32,1540.69,41.61
4867,7,2025-09-01,75.49,3.29,62.25,2021.9,59.66
4868,8,2025-09-01,84.88,4.65,83.06,1820.71,51.52
4869,9,2025-09-01,77.48,2.05,49.75,2470.86,56.7
4870,10,2025-09-01,58.4,5.58,47.15,2387.41,27.73
4871,11,2025-09-01,60.28,5.31,85.27,2942.52,30.07
4872,12,2025-09-01,56.7,3.46,77.48,2941.43,50.19
4873,13,2025-09-01,60.58,1.15,72.13,2002.76,71.6
4874,14,2025-09-01,88.52,4.89,69.64,2714.38,71.38
4875,15,2025-09-01,78.1,5.76,80.25,2294.28,65.09
4876,16,2025-09-01,68.79,3.05,78.79,2040.73,37.43
4877,17,2025-09-01,64.66,5.62,86.85,2470.62,53.11
4878,18,2025-09-01,68.3,5.32,72.5,2784.17,59.78
4879,19,2025-09-01,71.38,1.74,61.63,1603.68,33.12
4880,20,2025-09-01,71.03,6.16,81.73,2809.74,70.51
4881,1,2025-09-02,60.96,4.51,43.51,2494.95,23.44
4882,2,2025-09-02,69.97,3.07,70.29,2793.39,68.88
4883,3,2025-09-02,67.62,5.53,76.0,2164.69,47.78
4884,4,2025-09-02,74.36,1.06,74.97,2297.18,35.87
4885,5,2025-09-02,81.94,4.99,84.69,2241.31,29.03
4886,6,2025-09-02,62.08,4.71,64.52,2108.26,59.16
4887,7,2025-09-02,88.57,5.41,80.78,1637.22,76.01
4888,8,2025-09-02,83.69,5.82,67.5,1716.81,68.7
4889,9,2025-09-02,69.93,5.98,61.99,1626.61,21.9
4890,10,2025-09-02,73.75,4.81,53.37,1210.59,72.06
4891,11,2025-09-02,61.1,4.81,53.47,1472.65,33.65
4892,12,2025-09-02,63.75,2.33,77.9,1365.8,47.28
4893,13,2025-09-02,64.95,2.31,77.44,1277.99,31.83
4894,14,2025-09-02,58.92,4.35,49.49,1299.52,23.62
4895,15,2025-09-02,80.88,6.61,87.41,2077.16,78.59
4896,16,2025-09-02,71.89,3.03,85.2,1790.78,49.48
4897,17,2025-09-02,69.65,3.44,81.62,2698.51,51.61
4898,18,2025-09-02,82.1,5.51,60.85,2005.35,60.52
4899,19,2025-09-02,67.51,4.62,40.99,1506.26,52.27
4900,20,2025-09-02,81.74,5.65,70.46,1560.22,50.68
4901,1,2025-09-03,59.5,5.6,71.77,1580.88,41.28
4902,2,2025-09-03,57.9,3.39,67.88,2720.94,37.88
4903,3,2025-09-03,58.57,5.44,84.61,2696.01,48.26
4904,4,2025-09-03,84.56,2.55,85.47,2894.95,65.33
4905,5,2025-09-03,63.23,3.82,58.67,1277.54,36.53
4906,6,2025-09-03,74.31,4.7,72.91,1356.81,61.15
4907,7,2025-09-03,73.43,6.79,81.28,2842.86,67.38
4908,8,2025-09-03,75.64,3.91,85.51,1706.96,62.91
4909,9,2025-09-03,74.56,5.31,74.17,1333.03,31.87
4910,10,2025-09-03,77.45,1.08,47.1,2685.67,37.47
4911,11,2025-09-03,59.18,2.65,82.93,1242.27,29.57
4912,12,2025-09-03,64.31,1.41,80.57,2611.1,46.03
4913,13,2025-09-03,56.6,3.54,82.92,2669.33,31.09
4914,14,2025-09-03,70.23,2.97,41.79,1372.32,25.5
4915,15,2025-09-03,70.68,3.05,73.8,2473.84,54.8
4916,16,2025-09-03,84.16,4.34,71.94,1872.53,44.48
4917,17,2025-09-03,72.48,4.81,79.44,1437.52,60.55
4918,18,2025-09-03,72.45,5.53,65.84,2009.55,65.21
4919,19,2025-09-03,63.28,1.32,68.47,2734.5,33.83
4920,20,2025-09-03,82.69,4.78,93.27,2758.47,65.03
4921,1,2025-09-04,65.59,3.01,67.57,2761.64,23.26
4922,2,2025-09-04,59.69,1.68,71.92,1232.47,30.45
4923,3,2025-09-04,76.2,4.78,87.68,2413.54,51.71
4924,4,2025-09-04,75.88,3.25,58.48,1582.23,30.13
4925,5,2025-09-04,78.34,2.4,56.26,2183.07,57.58
4926,6,2025-09-04,81.35,3.97,52.75,1403.94,29.2
4927,7,2025-09-04,76.54,6.78,79.77,1390.32,59.1
4928,8,2025-09-04,84.21,4.13,81.58,1513.47,75.74
4929,9,2025-09-04,64.27,4.03,68.24,1565.24,25.24
4930,10,2025-09-04,65.78,4.25,52.05,2309.99,45.53
4931,11,2025-09-04,82.8,2.01,64.72,1789.22,64.95
4932,12,2025-09-04,83.07,3.73,45.0,1532.87,56.35
4933,13,2025-09-04,62.66,1.12,84.87,2407.33,21.81
4934,14,2025-09-04,71.63,4.85,72.87,1895.03,42.78
4935,15,2025-09-04,83.95,5.65,73.98,2124.23,62.02
4936,16,2025-09-04,86.32,5.56,64.05,2450.72,45.75
4937,17,2025-09-04,72.17,4.42,82.91,2505.86,56.81
4938,18,2025-09-04,87.04,5.36,87.73,1746.92,65.33
4939,19,2025-09-04,66.06,1.4,88.75,1860.29,55.75
4940,20,2025-09-04,70.53,4.62,82.6,1705.29,49.53
4941,1,2025-09-05,82.0,3.84,68.29,1781.47,52.56
4942,2,2025-09-05,58.34,2.32,86.26,1457.0,21.16
4943,3,2025-09-05,84.41,1.25,45.31,2436.75,20.41
4944,4,2025-09-05,73.22,1.35,72.14,1222.43,38.94
4945,5,2025-09-05,84.23,3.34,79.63,1502.79,66.85
4946,6,2025-09-05,82.19,2.26,55.28,2525.19,35.84
4947,7,2025-09-05,83.17,2.67,55.06,1669.37,61.4
4948,8,2025-09-05,92.22,6.41,82.67,2193.39,60.41
4949,9,2025-09-05,66.82,2.16,62.86,1353.44,68.66
4950,10,2025-09-05,75.52,3.68,78.65,2083.05,63.52
4951,11,2025-09-05,79.55,5.55,46.1,1885.52,39.18
4952,12,2025-09-05,63.83,3.67,61.74,2135.58,42.78
4953,13,2025-09-05,77.83,4.16,85.43,2689.2,44.41
4954,14,2025-09-05,69.82,3.22,81.72,2036.47,48.21
4955,15,2025-09-05,73.31,3.8,70.65,2192.61,56.29
4956,16,2025-09-05,77.83,4.15,79.08,2523.97,72.01
4957,17,2025-09-05,83.82,5.42,65.75,2424.71,68.08
4958,18,2025-09-05,83.27,4.99,91.29,2711.47,45.56
4959,19,2025-09-05,81.02,2.48,41.91,1469.62,23.94
4960,20,2025-09-05,77.31,4.38,77.83,1525.55,70.31
4961,1,2025-09-06,74.6,4.69,76.44,1842.15,58.58
4962,2,2025-09-06,68.63,1.55,67.91,2544.9,70.34
4963,3,2025-09-06,71.94,1.72,73.09,2872.86,68.56
4964,4,2025-09-06,73.57,3.14,58.03,2158.41,40.11
4965,5,2025-09-06,68.15,4.14,81.63,2748.95,56.55
4966,6,2025-09-06,67.34,5.28,69.08,2556.5,28.26
4967,7,2025-09-06,72.88,5.04,71.08,1701.62,60.19
4968,8,2025-09-06,92.09,4.83,73.81,1999.0,79.93
4969,9,2025-09-06,79.17,2.29,78.57,2793.04,70.78
4970,10,2025-09-06,66.78,1.75,43.31,1518.81,39.74
4971,11,2025-09-06,64.59,5.99,54.07,1675.56,36.02
4972,12,2025-09-06,61.0,2.97,51.39,2902.13,25.47
4973,13,2025-09-06,55.48,2.24,42.31,2840.92,47.92
4974,14,2025-09-06,76.9,2.96,85.34,1906.83,62.97
4975,15,2025-09-06,77.09,5.05,68.98,2761.13,46.23
4976,16,2025-09-06,78.15,6.24,79.34,2759.88,76.04
4977,17,2025-09-06,89.67,3.76,63.13,1801.79,66.76
4978,18,2025-09-06,86.73,6.41,73.98,1353.01,59.47
4979,19,2025-09-06,78.04,2.71,84.59,2953.69,44.33
4980,20,2025-09-06,88.25,7.07,83.56,2133.56,56.7
4981,1,2025-09-07,79.75,4.08,89.82,2629.1,63.29
4982,2,2025-09-07,79.71,3.78,83.77,2053.0,46.99
4983,3,2025-09-07,61.14,4.14,83.19,1597.8,30.18
4984,4,2025-09-07,58.25,5.75,67.71,2556.91,60.8
4985,5,2025-09-07,70.8,5.3,71.08,2426.82,50.41
4986,6,2025-09-07,79.37,4.12,50.61,1740.18,69.49
4987,7,2025-09-07,77.56,2.75,72.09,2072.43,64.44
4988,8,2025-09-07,62.02,4.24,78.78,2880.5,55.8
4989,9,2025-09-07,66.64,3.06,47.71,2515.91,73.35
4990,10,2025-09-07,83.35,3.72,68.67,2782.43,51.32
4991,11,2025-09-07,71.19,5.41,51.62,2651.92,43.48
4992,12,2025-09-07,77.33,3.26,61.38,2322.32,41.21
4993,13,2025-09-07,80.91,1.64,51.93,1220.65,63.47
4994,14,2025-09-07,78.53,4.29,70.68,2627.42,56.02
4995,15,2025-09-07,73.2,4.26,68.7,2634.98,46.06
4996,16,2025-09-07,93.01,6.7,81.93,2455.38,58.11
4997,17,2025-09-07,79.31,4.78,71.33,1239.11,78.32
4998,18,2025-09-07,80.33,4.95,76.08,2601.69,66.87
4999,19,2025-09-07,80.48,2.77,64.89,1294.46,69.88
5000,20,2025-09-07,85.44,5.16,75.71,2257.63,70.8
5001,1,2025-09-08,74.11,5.2,84.86,1889.25,68.12
5002,2,2025-09-08,61.29,2.58,67.64,1671.36,23.04
5003,3,2025-09-08,78.5,3.76,84.3,1641.36,40.81
5004,4,2025-09-08,81.23,4.44,80.32,2256.95,42.71
5005,5,2025-09-08,82.73,5.61,79.37,2355.26,41.59
5006,6,2025-09-08,78.92,2.56,84.24,2046.13,56.56
5007,7,2025-09-08,71.22,5.91,73.65,1604.07,48.1
5008,8,2025-09-08,59.23,4.01,45.07,2986.2,73.45
5009,9,2025-09-08,74.64,3.01,71.67,1395.5,60.74
5010,10,2025-09-08,81.83,1.85,52.89,2663.48,65.12
5011,11,2025-09-08,76.04,5.02,68.49,1642.44,40.46
5012,12,2025-09-08,64.58,4.58,68.02,1959.27,66.65
5013,13,2025-09-08,83.2,1.13,69.97,2775.07,42.42
5014,14,2025-09-08,82.04,5.36,75.74,2534.19,64.2
5015,15,2025-09-08,88.03,5.19,89.27,2990.74,63.38
5016,16,2025-09-08,56.17,4.29,80.67,1238.41,52.87
5017,17,2025-09-08,88.68,5.78,89.95,1346.13,47.73
5018,18,2025-09-08,77.03,4.94,85.55,1958.51,63.82
5019,19,2025-09-08,71.17,1.13,69.94,1456.03,64.12
5020,20,2025-09-08,81.65,5.03,87.22,2014.57,60.62
5021,1,2025-09-09,82.22,6.4,93.3,2074.86,65.64
5022,2,2025-09-09,76.96,4.93,50.15,2897.43,20.18
5023,3,2025-09-09,69.36,3.61,64.4,2699.97,61.57
5024,4,2025-09-09,73.31,2.56,55.04,2613.25,65.23
5025,5,2025-09-09,85.82,6.12,64.46,2639.84,55.44
5026,6,2025-09-09,71.8,3.21,75.19,2221.36,43.14
5027,7,2025-09-09,86.36,4.26,87.26,1563.24,63.39
5028,8,2025-09-09,72.17,3.68,59.01,1632.42,51.54
5029,9,2025-09-09,62.58,3.37,74.78,1917.31,26.28
5030,10,2025-09-09,63.22,2.14,71.83,1567.74,22.06
5031,11,2025-09-09,81.92,4.21,83.27,1605.6,57.39
5032,12,2025-09-09,79.3,2.31,51.36,2592.33,41.11
5033,13,2025-09-09,76.55,1.03,82.69,2402.39,25.65
5034,14,2025-09-09,86.92,4.73,94.79,1652.56,54.7
5035,15,2025-09-09,80.05,5.09,72.84,2181.78,79.04
5036,16,2025-09-09,55.48,1.82,54.94,1262.78,27.67
5037,17,2025-09-09,81.8,4.53,72.37,2110.34,51.74
5038,18,2025-09-09,80.97,6.12,80.51,2061.61,62.36
5039,19,2025-09-09,76.89,2.48,86.32,2667.32,62.8
5040,20,2025-09-09,75.58,5.64,74.49,2755.11,65.96
5041,1,2025-09-10,81.24,6.45,86.34,1610.95,72.13
5042,2,2025-09-10,79.28,3.36,67.68,1807.39,44.4
5043,3,2025-09-10,70.9,3.6,62.78,2253.54,42.46
5044,4,2025-09-10,80.53,3.75,73.52,2327.98,33.94
5045,5,2025-09-10,82.62,6.14,75.41,1733.56,60.07
5046,6,2025-09-10,79.28,5.98,79.4,2145.01,59.02
5047,7,2025-09-10,81.78,5.66,83.52,2515.09,50.55
5048,8,2025-09-10,69.3,4.58,75.15,1799.54,57.47
5049,9,2025-09-10,71.97,3.87,40.92,2846.58,63.73
5050,10,2025-09-10,69.91,3.49,42.55,2920.08,47.66
5051,11,2025-09-10,70.56,3.59,67.49,2506.02,41.71
5052,12,2025-09-10,69.8,1.68,51.7,1753.64,58.79
5053,13,2025-09-10,59.33,5.19,62.44,2337.77,63.31
5054,14,2025-09-10,76.76,5.45,82.53,2683.54,75.31
5055,15,2025-09-10,64.11,1.39,48.64,1695.48,27.54
5056,16,2025-09-10,58.86,5.13,44.42,2712.26,65.94
5057,17,2025-09-10,80.75,5.43,84.53,2502.06,64.67
5058,18,2025-09-10,84.13,5.66,76.79,2164.01,71.02
5059,19,2025-09-10,55.44,4.1,71.54,2892.15,58.81
5060,20,2025-09-10,83.06,3.28,74.6,1509.54,73.44
5061,1,2025-09-11,74.97,4.22,78.75,2140.04,72.92
5062,2,2025-09-11,82.0,4.78,50.0,1324.83,38.54
5063,3,2025-09-11,83.87,5.09,62.7,2781.88,56.07
5064,4,2025-09-11,65.36,2.47,84.77,2940.67,64.88
5065,5,2025-09-11,86.01,5.1,69.79,1888.85,61.83
5066,6,2025-09-11,73.02,5.22,82.09,2597.81,65.57
5067,7,2025-09-11,90.05,7.28,85.88,2784.41,54.3
5068,8,2025-09-11,78.28,3.54,82.75,1726.03,66.72
5069,9,2025-09-11,62.13,4.87,71.62,2323.62,65.88
5070,10,2025-09-11,67.96,4.13,55.26,2493.52,44.63
5071,11,2025-09-11,84.27,3.87,70.78,2264.59,46.18
5072,12,2025-09-11,61.92,2.53,40.27,1908.17,48.44
5073,13,2025-09-11,75.56,4.23,60.21,1843.64,52.37
5074,14,2025-09-11,84.34,3.43,86.45,1941.04,54.66
5075,15,2025-09-11,82.19,5.42,76.84,1370.58,35.21
5076,16,2025-09-11,61.67,4.8,73.76,1327.1,62.07
5077,17,2025-09-11,82.81,5.35,68.6,1748.72,67.56
5078,18,2025-09-11,74.92,4.73,72.24,1435.55,53.81
5079,19,2025-09-11,55.8,4.6,61.93,1750.04,69.49
5080,20,2025-09-11,90.06,4.11,85.07,2634.9,60.34
5081,1,2025-09-12,82.17,5.47,88.28,2665.58,55.75
5082,2,2025-09-12,60.29,2.28,64.13,1761.41,58.05
5083,3,2025-09-12,76.02,5.2,92.22,1705.11,53.45
5084,4,2025-09-12,59.78,5.17,69.16,2759.94,50.45
5085,5,2025-09-12,84.02,7.19,91.47,2351.08,53.18
5086,6,2025-09-12,76.41,5.16,83.89,1414.24,68.48
5087,7,2025-09-12,81.63,6.14,78.83,2434.25,56.63
5088,8,2025-09-12,76.82,4.21,83.66,2591.86,43.84
5089,9,2025-09-12,65.09,1.55,79.58,2104.19,60.11
5090,10,2025-09-12,70.04,5.4,54.97,2579.26,20.43
5091,11,2025-09-12,80.35,7.08,88.02,1675.3,57.11
5092,12,2025-09-12,66.14,2.22,67.99,1575.16,45.97
5093,13,2025-09-12,77.03,4.49,66.84,1954.7,42.71
5094,14,2025-09-12,75.12,4.73,80.73,2203.42,51.67
5095,15,2025-09-12,65.19,1.2,53.88,1768.83,24.82
5096,16,2025-09-12,78.84,1.11,59.96,1886.24,42.41
5097,17,2025-09-12,66.2,3.57,68.93,2223.78,55.27
5098,18,2025-09-12,80.43,6.04,97.22,1503.32,61.13
5099,19,2025-09-12,60.06,1.54,67.14,1902.86,73.4
5100,20,2025-09-12,86.59,5.9,86.02,2447.44,62.12
5101,1,2025-09-13,81.55,6.63,70.83,2490.97,82.26
5102,2,2025-09-13,84.73,4.38,67.62,1538.47,41.12
5103,3,2025-09-13,77.35,5.14,70.8,2675.63,57.8
5104,4,2025-09-13,63.48,4.5,51.44,1619.0,55.36
5105,5,2025-09-13,78.17,4.83,85.2,2148.31,44.51
5106,6,2025-09-13,89.78,6.42,93.04,2039.1,59.06
5107,7,2025-09-13,80.48,3.09,78.12,2517.68,24.19
5108,8,2025-09-13,87.24,6.55,67.88,2434.13,44.74
5109,9,2025-09-13,71.24,1.14,62.82,2096.43,59.19
5110,10,2025-09-13,59.02,5.81,64.81,1222.55,65.31
5111,11,2025-09-13,89.32,6.59,75.95,2286.69,65.33
5112,12,2025-09-13,74.57,2.57,69.1,2446.88,49.46
5113,13,2025-09-13,71.55,4.49,83.94,1409.92,53.84
5114,14,2025-09-13,76.33,5.44,91.24,2528.35,51.57
5115,15,2025-09-13,65.27,3.12,62.6,2890.73,74.45
5116,16,2025-09-13,74.3,3.65,57.19,1963.9,30.35
5117,17,2025-09-13,55.64,5.95,71.36,2742.02,63.08
5118,18,2025-09-13,81.18,3.01,69.74,1362.51,59.12
5119,19,2025-09-13,78.3,2.42,70.11,1571.06,62.42
5120,20,2025-09-13,85.18,6.09,80.35,2064.88,56.18
5121,1,2025-09-14,70.25,3.71,59.32,2794.57,58.28
5122,2,2025-09-14,73.92,2.72,44.35,2073.79,43.05
5123,3,2025-09-14,81.51,6.52,65.32,2494.12,78.07
5124,4,2025-09-14,68.0,3.08,88.07,2862.24,28.94
5125,5,2025-09-14,85.46,5.13,89.83,2404.59,73.96
5126,6,2025-09-14,79.78,6.56,72.87,2902.06,72.07
5127,7,2025-09-14,69.18,4.44,62.44,1959.79,26.63
5128,8,2025-09-14,80.33,4.23,88.1,1215.42,73.02
5129,9,2025-09-14,83.56,4.84,77.41,1659.97,39.62
5130,10,2025-09-14,57.36,4.91,53.78,1249.06,57.72
5131,11,2025-09-14,78.98,6.6,74.58,1654.43,49.22
5132,12,2025-09-14,69.08,4.27,84.2,2161.14,64.02
5133,13,2025-09-14,79.33,5.82,87.78,2027.13,63.59
5134,14,2025-09-14,80.78,5.57,65.06,2330.88,50.51
5135,15,2025-09-14,59.32,4.59,89.98,2874.11,45.7
5136,16,2025-09-14,82.68,1.34,64.98,1705.04,59.84
5137,17,2025-09-14,67.53,5.97,72.1,1249.55,56.41
5138,18,2025-09-14,76.53,4.35,46.04,2080.1,41.33
5139,19,2025-09-14,58.73,5.78,64.17,1464.31,22.24
5140,20,2025-09-14,73.06,3.09,80.94,2179.91,57.69
5141,1,2025-09-15,76.4,4.79,84.65,1869.9,62.79
5142,2,2025-09-15,83.53,4.04,76.83,1684.75,57.41
5143,3,2025-09-15,80.58,4.18,74.89,1831.35,63.83
5144,4,2025-09-15,77.72,5.92,67.93,1668.13,44.42
5145,5,2025-09-15,74.15,5.74,90.03,1605.62,77.15
5146,6,2025-09-15,66.3,5.24,44.47,2931.57,41.91
5147,7,2025-09-15,57.63,1.85,88.87,2250.65,29.93
5148,8,2025-09-15,80.04,6.88,80.19,1241.82,73.01
5149,9,2025-09-15,80.54,3.51,40.23,2201.19,28.25
5150,10,2025-09-15,75.07,4.39,83.63,1797.57,24.16
5151,11,2025-09-15,58.43,2.12,66.21,1585.14,57.37
5152,12,2025-09-15,73.08,2.35,71.33,1357.53,56.6
5153,13,2025-09-15,78.2,6.07,67.95,2304.68,71.57
5154,14,2025-09-15,74.7,5.24,87.44,2172.39,59.9
5155,15,2025-09-15,70.95,3.5,57.1,2566.0,39.41
5156,16,2025-09-15,72.01,5.03,69.05,2288.0,59.13
5157,17,2025-09-15,69.08,2.95,64.64,1462.56,50.68
5158,18,2025-09-15,57.57,2.73,71.48,2448.16,27.39
5159,19,2025-09-15,81.27,3.45,59.25,2415.47,65.05
5160,20,2025-09-15,74.8,4.98,69.5,2287.88,46.74
5161,1,2025-09-16,85.52,3.85,84.77,1377.85,56.75
5162,2,2025-09-16,75.71,4.07,74.91,1624.41,54.28
5163,3,2025-09-16,86.01,4.87,90.83,1680.76,51.44
5164,4,2025-09-16,77.99,3.9,55.8,1246.32,60.03
5165,5,2025-09-16,87.74,6.17,84.1,2539.3,77.44
5166,6,2025-09-16,77.69,5.05,43.6,2794.04,65.75
5167,7,2025-09-16,76.85,1.72,44.3,2979.44,46.41
5168,8,2025-09-16,78.66,4.7,79.42,1651.53,56.84
5169,9,2025-09-16,57.38,4.93,60.89,1375.55,49.4
5170,10,2025-09-16,55.4,2.03,49.33,2575.61,73.03
5171,11,2025-09-16,72.36,2.52,51.32,1419.79,51.74
5172,12,2025-09-16,71.08,5.16,52.76,1319.68,38.12
5173,13,2025-09-16,89.28,5.97,77.04,1636.21,48.73
5174,14,2025-09-16,78.67,5.6,79.74,2004.23,70.47
5175,15,2025-09-16,82.66,4.73,59.14,1507.37,64.37
5176,16,2025-09-16,73.5,2.41,75.9,2777.2,60.54
5177,17,2025-09-16,78.39,4.96,66.6,2319.2,45.0
5178,18,2025-09-16,80.55,5.74,51.29,2750.92,45.33
5179,19,2025-09-16,74.46,2.25,73.63,1803.22,58.42
5180,20,2025-09-16,82.87,3.77,65.9,1419.93,58.15
5181,1,2025-09-17,78.3,3.99,82.07,1342.8,45.92
5182,2,2025-09-17,77.51,3.73,85.84,2642.57,51.44
5183,3,2025-09-17,86.6,5.18,87.96,2893.77,61.6
5184,4,2025-09-17,77.76,3.74,77.23,2629.02,49.53
5185,5,2025-09-17,80.04,5.49,89.09,2700.54,52.82
5186,6,2025-09-17,58.43,4.04,68.46,2621.6,34.05
5187,7,2025-09-17,84.95,3.11,78.41,1562.76,43.05
5188,8,2025-09-17,85.94,6.64,74.44,2001.6,63.68
5189,9,2025-09-17,56.41,2.35,53.91,1408.79,58.01
5190,10,2025-09-17,71.54,2.94,68.51,1521.56,55.1
5191,11,2025-09-17,74.6,4.91,87.91,2760.47,36.14
5192,12,2025-09-17,84.11,1.81,82.92,2717.94,70.73
5193,13,2025-09-17,75.01,5.65,83.16,3045.27,64.41
5194,14,2025-09-17,78.33,4.16,75.71,1695.08,63.27
5195,15,2025-09-17,83.29,6.02,62.4,1561.52,54.1
5196,16,2025-09-17,82.22,1.98,52.23,1696.55,51.18
5197,17,2025-09-17,74.71,4.94,84.16,2192.63,54.42
5198,18,2025-09-17,56.61,2.15,68.13,2095.87,26.64
5199,19,2025-09-17,70.38,4.4,47.09,2722.38,60.55
5200,20,2025-09-17,83.34,4.92,71.22,2436.82,56.45
5201,1,2025-09-18,76.68,5.52,73.08,1978.88,46.95
5202,2,2025-09-18,87.84,4.24,65.17,2016.8,62.65
5203,3,2025-09-18,78.13,7.0,67.73,1943.32,47.16
5204,4,2025-09-18,75.84,5.05,88.31,2328.82,38.78
5205,5,2025-09-18,86.48,4.34,68.08,1667.44,45.01
5206,6,2025-09-18,80.57,5.71,78.42,2868.23,61.57
5207,7,2025-09-18,84.75,3.16,53.54,1306.58,42.72
5208,8,2025-09-18,80.29,6.37,92.27,1712.36,62.57
5209,9,2025-09-18,65.63,2.18,46.05,2613.21,36.61
5210,10,2025-09-18,75.61,3.79,87.4,2053.61,47.3
5211,11,2025-09-18,67.67,5.13,84.41,1208.81,64.74
5212,12,2025-09-18,60.51,2.68,83.57,2509.7,25.1
5213,13,2025-09-18,87.67,7.1,89.81,1846.98,52.83
5214,14,2025-09-18,71.36,3.41,88.67,1970.68,61.87
5215,15,2025-09-18,71.58,4.12,68.44,2138.53,64.52
5216,16,2025-09-18,83.48,3.63,76.31,1555.46,63.51
5217,17,2025-09-18,79.07,4.25,78.92,2761.75,67.33
5218,18,2025-09-18,61.59,1.05,51.14,1212.41,45.1
5219,19,2025-09-18,66.43,3.03,84.07,1624.02,74.86
5220,20,2025-09-18,74.78,5.4,64.97,2201.38,46.88
5221,1,2025-09-19,86.44,4.75,69.19,2128.53,69.93
5222,2,2025-09-19,77.36,6.37,76.7,2417.94,53.93
5223,3,2025-09-19,78.0,5.6,72.6,2529.82,55.31
5224,4,2025-09-19,58.78,4.41,84.23,1740.94,61.96
5225,5,2025-09-19,78.92,5.81,93.72,1671.9,76.65
5226,6,2025-09-19,66.42,4.03,58.68,1376.68,25.57
5227,7,2025-09-19,57.9,4.93,58.54,2684.95,36.35
5228,8,2025-09-19,79.7,7.79,73.11,1794.25,55.85
5229,9,2025-09-19,80.76,5.53,77.22,2829.05,65.35
5230,10,2025-09-19,85.63,4.52,61.16,1569.27,63.33
5231,11,2025-09-19,60.36,1.13,54.69,2332.04,39.65
5232,12,2025-09-19,69.48,1.82,75.91,1686.57,21.28
5233,13,2025-09-19,59.43,1.55,46.84,1533.82,52.57
5234,14,2025-09-19,75.24,4.16,73.95,1567.94,65.07
5235,15,2025-09-19,85.12,4.77,70.13,1799.85,58.1
5236,16,2025-09-19,57.99,2.06,76.78,2102.05,45.65
5237,17,2025-09-19,82.74,6.22,87.38,2123.85,54.05
5238,18,2025-09-19,62.41,2.59,71.77,2313.07,38.73
5239,19,2025-09-19,64.45,1.53,54.58,1957.81,22.97
5240,20,2025-09-19,78.47,6.59,94.47,2124.39,51.84
5241,1,2025-09-20,74.51,5.64,54.92,2528.62,39.95
5242,2,2025-09-20,89.15,6.0,80.72,2215.36,61.21
5243,3,2025-09-20,79.23,4.23,89.11,1748.63,51.78
5244,4,2025-09-20,64.62,4.53,72.27,2944.17,53.17
5245,5,2025-09-20,81.74,7.46,82.3,2717.0,64.22
5246,6,2025-09-20,71.45,5.55,42.71,1375.99,48.92
5247,7,2025-09-20,63.29,6.0,49.11,1852.31,34.4
5248,8,2025-09-20,76.9,5.67,87.01,1646.77,58.19
5249,9,2025-09-20,61.75,1.18,83.82,1421.8,34.79
5250,10,2025-09-20,76.6,3.62,90.39,1902.39,48.09
5251,11,2025-09-20,72.39,1.1,61.15,2760.42,70.15
5252,12,2025-09-20,60.92,4.02,60.76,2758.77,40.56
5253,13,2025-09-20,72.02,2.96,57.7,2261.89,67.57
5254,14,2025-09-20,78.23,6.27,65.0,1232.29,53.15
5255,15,2025-09-20,89.95,5.35,89.46,2400.29,78.34
5256,16,2025-09-20,78.48,3.8,79.21,2129.74,67.24
5257,17,2025-09-20,86.45,7.27,85.16,1897.72,65.95
5258,18,2025-09-20,61.0,1.98,44.42,1776.8,52.86
5259,19,2025-09-20,61.41,5.49,43.3,1523.87,27.71
5260,20,2025-09-20,82.46,5.24,66.77,2605.23,62.51
5261,1,2025-09-21,73.04,2.33,72.82,2127.46,35.5
5262,2,2025-09-21,87.97,6.75,77.65,1816.19,74.78
5263,3,2025-09-21,80.96,6.1,65.34,1478.17,55.55
5264,4,2025-09-21,59.07,4.28,87.99,2751.76,23.33
5265,5,2025-09-21,70.9,4.22,69.48,1546.39,68.04
5266,6,2025-09-21,68.99,4.38,58.85,2767.01,36.55
5267,7,2025-09-21,66.59,3.1,54.79,1607.89,47.2
5268,8,2025-09-21,82.54,4.35,62.33,1509.05,51.03
5269,9,2025-09-21,81.81,4.09,50.14,1778.91,52.4
5270,10,2025-09-21,79.2,5.26,73.55,1529.5,51.75
5271,11,2025-09-21,77.62,5.67,40.33,2596.97,44.3
5272,12,2025-09-21,84.74,3.05,59.25,2809.72,47.32
5273,13,2025-09-21,83.85,3.65,59.63,2527.38,38.86
5274,14,2025-09-21,77.4,7.17,79.11,1762.37,76.05
5275,15,2025-09-21,86.61,6.82,72.65,1583.12,61.78
5276,16,2025-09-21,75.0,5.34,80.22,1656.14,55.17
5277,17,2025-09-21,87.33,7.14,86.59,1473.53,49.02
5278,18,2025-09-21,67.53,5.87,77.97,2403.03,47.7
5279,19,2025-09-21,77.47,3.83,72.17,2339.1,41.11
5280,20,2025-09-21,62.07,3.66,80.59,2012.56,52.69
5281,1,2025-09-22,57.6,2.75,85.77,1819.49,52.48
5282,2,2025-09-22,62.18,4.83,49.79,1282.74,70.73
5283,3,2025-09-22,69.3,2.11,86.05,1490.73,35.07
5284,4,2025-09-22,60.1,3.96,58.01,1480.54,23.27
5285,5,2025-09-22,82.18,4.01,72.05,2752.94,51.04
5286,6,2025-09-22,62.72,3.17,56.91,1418.22,25.42
5287,7,2025-09-22,55.43,5.74,58.62,2707.42,59.56
5288,8,2025-09-22,90.03,4.34,82.95,1977.53,61.87
5289,9,2025-09-22,71.83,3.06,41.65,2382.91,73.85
5290,10,2025-09-22,77.02,4.89,83.53,1524.68,57.36
5291,11,2025-09-22,63.59,3.25,50.45,2045.36,50.02
5292,12,2025-09-22,58.08,5.09,81.0,2988.86,55.95
5293,13,2025-09-22,83.26,3.22,60.42,1414.38,47.51
5294,14,2025-09-22,83.5,4.54,74.03,2985.08,61.72
5295,15,2025-09-22,87.16,7.18,72.66,1350.97,66.76
5296,16,2025-09-22,76.59,3.94,83.79,1481.17,69.58
5297,17,2025-09-22,65.59,4.18,86.42,2623.23,27.98
5298,18,2025-09-22,71.73,2.25,43.83,1590.02,22.91
5299,19,2025-09-22,68.82,3.27,82.25,1660.5,56.06
5300,20,2025-09-22,75.73,2.42,50.02,1377.86,42.3
5301,1,2025-09-23,79.18,1.41,54.1,1723.07,65.49
5302,2,2025-09-23,71.42,1.08,56.67,2740.29,21.53
5303,3,2025-09-23,64.75,2.12,76.78,2648.3,56.56
5304,4,2025-09-23,73.16,4.85,40.95,2969.36,45.64
5305,5,2025-09-23,84.15,5.94,89.61,2374.25,60.2
5306,6,2025-09-23,75.86,2.13,45.26,2792.14,21.21
5307,7,2025-09-23,80.39,5.62,62.96,2533.98,38.34
5308,8,2025-09-23,90.87,6.61,87.69,2593.88,49.98
5309,9,2025-09-23,81.98,3.15,80.6,2184.29,38.14
5310,10,2025-09-23,88.74,5.03,98.61,1615.45,62.03
5311,11,2025-09-23,67.91,3.43,84.23,1866.59,52.69
5312,12,2025-09-23,65.2,1.53,67.66,1364.04,40.93
5313,13,2025-09-23,85.8,6.4,67.61,1587.74,45.66
5314,14,2025-09-23,81.86,5.32,62.64,2024.44,25.51
5315,15,2025-09-23,92.61,5.01,71.29,1843.55,80.79
5316,16,2025-09-23,79.53,5.36,78.37,2845.84,60.96
5317,17,2025-09-23,65.6,1.11,45.32,2184.62,36.08
5318,18,2025-09-23,56.97,1.73,76.62,2792.15,71.81
5319,19,2025-09-23,71.14,4.17,77.62,1469.39,67.01
5320,20,2025-09-23,66.77,5.12,53.75,2232.83,68.09
5321,1,2025-09-24,81.3,4.69,61.12,2827.79,72.87
5322,2,2025-09-24,59.52,4.9,68.39,2994.15,39.63
5323,3,2025-09-24,68.27,1.84,82.86,2503.68,50.24
5324,4,2025-09-24,65.79,1.91,62.24,1990.92,27.47
5325,5,2025-09-24,90.59,5.93,92.16,1955.76,50.13
5326,6,2025-09-24,68.7,4.33,63.63,1659.76,74.05
5327,7,2025-09-24,79.78,5.49,87.41,2582.36,48.41
5328,8,2025-09-24,75.47,7.03,84.48,2378.52,80.19
5329,9,2025-09-24,74.94,2.8,80.0,2704.65,66.22
5330,10,2025-09-24,68.56,4.08,79.03,1252.73,34.82
5331,11,2025-09-24,83.01,3.28,86.52,1578.97,53.76
5332,12,2025-09-24,78.9,1.01,68.08,2776.39,46.19
5333,13,2025-09-24,86.72,4.46,86.22,1590.74,70.75
5334,14,2025-09-24,72.21,5.06,44.73,2811.58,74.81
5335,15,2025-09-24,76.77,5.03,64.28,2585.45,47.18
5336,16,2025-09-24,84.82,3.96,88.97,1595.45,51.58
5337,17,2025-09-24,68.63,4.72,83.51,2426.14,38.41
5338,18,2025-09-24,71.48,5.62,71.85,2433.99,52.95
5339,19,2025-09-24,83.21,4.2,77.76,2162.71,64.76
5340,20,2025-09-24,68.18,3.73,47.81,1541.92,63.5
5341,1,2025-09-25,66.96,5.97,48.25,1802.45,36.65
5342,2,2025-09-25,63.36,3.31,86.58,2993.31,60.6
5343,3,2025-09-25,78.46,2.46,59.34,2666.92,49.93
5344,4,2025-09-25,81.94,2.49,42.67,2973.13,43.95
5345,5,2025-09-25,75.34,5.12,76.25,1751.06,61.61
5346,6,2025-09-25,58.44,3.77,45.06,1936.99,45.1
5347,7,2025-09-25,60.36,1.51,69.22,2668.42,53.57
5348,8,2025-09-25,89.5,6.29,83.11,2183.14,57.08
5349,9,2025-09-25,73.97,5.36,65.36,1980.85,48.67
5350,10,2025-09-25,78.92,5.29,75.1,1713.7,72.21
5351,11,2025-09-25,84.09,5.19,83.81,2585.32,45.52
5352,12,2025-09-25,61.26,3.62,67.78,2083.46,43.88
5353,13,2025-09-25,74.04,4.32,72.03,1639.36,68.03
5354,14,2025-09-25,75.39,2.0,74.92,2735.36,24.07
5355,15,2025-09-25,71.12,3.89,75.41,1704.4,52.04
5356,16,2025-09-25,75.5,5.05,89.33,1789.92,69.23
5357,17,2025-09-25,72.3,2.93,67.54,1653.39,48.57
5358,18,2025-09-25,79.42,1.49,76.22,1723.41,63.65
5359,19,2025-09-25,76.05,6.32,85.3,1827.4,69.44
5360,20,2025-09-25,76.42,2.82,55.39,2849.72,32.0
5361,1,2025-09-26,69.43,5.07,42.1,1362.0,60.27
5362,2,2025-09-26,56.34,2.04,57.69,2907.63,39.62
5363,3,2025-09-26,72.35,4.56,70.98,2275.71,37.35
5364,4,2025-09-26,67.14,2.78,54.02,2387.86,47.28
5365,5,2025-09-26,66.9,3.21,52.78,2235.03,25.1
5366,6,2025-09-26,64.08,3.55,59.65,2251.59,74.21
5367,7,2025-09-26,76.79,2.39,40.6,1498.86,62.83
5368,8,2025-09-26,75.27,6.06,67.38,2462.16,55.28
5369,9,2025-09-26,71.49,3.02,74.79,2370.25,51.47
5370,10,2025-09-26,77.93,5.78,49.6,1858.3,62.0
5371,11,2025-09-26,76.57,4.98,88.7,1942.57,58.2
5372,12,2025-09-26,64.62,5.95,50.83,1659.97,20.94
5373,13,2025-09-26,75.99,7.5,71.3,1572.74,75.81
5374,14,2025-09-26,61.28,3.15,53.76,1426.41,58.42
5375,15,2025-09-26,85.3,5.72,63.59,1794.18,74.67
5376,16,2025-09-26,77.62,5.89,75.4,2411.62,70.68
5377,17,2025-09-26,72.06,4.87,72.44,2588.0,64.1
5378,18,2025-09-26,57.59,4.23,78.36,1568.33,50.14
5379,19,2025-09-26,82.76,4.88,77.0,1937.78,64.27
5380,20,2025-09-26,72.39,5.12,72.72,1808.28,37.14
5381,1,2025-09-27,80.78,3.73,83.74,1379.11,72.15
5382,2,2025-09-27,63.83,5.93,67.65,2910.61,40.87
5383,3,2025-09-27,58.55,2.17,40.72,1419.81,31.49
5384,4,2025-09-27,79.98,5.43,57.5,2756.69,39.94
5385,5,2025-09-27,73.81,3.99,86.35,1602.58,30.94
5386,6,2025-09-27,58.22,1.59,80.17,2655.35,24.1
5387,7,2025-09-27,76.67,5.3,55.52,1659.26,56.65
5388,8,2025-09-27,80.31,6.29,72.06,1735.0,58.69
5389,9,2025-09-27,86.68,5.43,85.92,2497.19,45.1
5390,10,2025-09-27,71.6,3.98,54.07,2881.21,40.48
5391,11,2025-09-27,83.06,3.96,80.79,2434.87,56.07
5392,12,2025-09-27,62.34,3.14,71.09,1313.42,44.37
5393,13,2025-09-27,58.33,1.15,40.16,2393.74,41.26
5394,14,2025-09-27,71.06,2.68,56.4,2119.19,33.13
5395,15,2025-09-27,81.15,6.77,72.69,2738.45,68.64
5396,16,2025-09-27,75.06,5.64,88.25,1812.85,59.33
5397,17,2025-09-27,79.89,5.75,72.46,2563.35,61.08
5398,18,2025-09-27,60.36,3.6,52.35,2180.68,45.24
5399,19,2025-09-27,77.21,5.88,75.56,2096.99,73.52
5400,20,2025-09-27,61.82,2.3,84.95,2974.16,48.15
5401,1,2025-09-28,77.36,1.75,79.74,2796.4,26.62
5402,2,2025-09-28,65.54,3.08,77.16,2567.24,41.01
5403,3,2025-09-28,71.29,4.3,70.87,1942.74,43.08
5404,4,2025-09-28,70.68,5.67,70.89,2260.0,28.54
5405,5,2025-09-28,80.95,2.42,46.53,2802.62,62.6
5406,6,2025-09-28,67.18,3.59,50.76,2265.48,52.48
5407,7,2025-09-28,61.69,5.14,86.82,2318.96,21.46
5408,8,2025-09-28,90.13,5.29,70.67,1449.22,80.12
5409,9,2025-09-28,84.42,4.68,75.09,2151.09,48.78
5410,10,2025-09-28,77.74,3.65,68.29,2097.37,64.06
5411,11,2025-09-28,77.04,5.89,76.98,2420.44,51.72
5412,12,2025-09-28,71.98,4.63,70.21,2913.05,26.69
5413,13,2025-09-28,77.47,2.32,81.43,1609.16,36.36
5414,14,2025-09-28,75.38,3.35,68.92,1414.85,47.64
5415,15,2025-09-28,78.27,6.02,74.21,1208.81,55.41
5416,16,2025-09-28,83.31,5.29,85.78,2230.99,52.78
5417,17,2025-09-28,91.08,5.71,63.39,2052.31,51.29
5418,18,2025-09-28,82.8,3.83,45.79,1396.55,65.49
5419,19,2025-09-28,95.27,6.89,75.35,1870.51,69.07
5420,20,2025-09-28,65.26,5.26,50.88,2598.1,21.3
5421,1,2025-09-29,68.76,4.55,49.64,2015.67,26.77
5422,2,2025-09-29,75.64,2.81,58.84,2117.2,26.1
5423,3,2025-09-29,83.56,5.64,87.83,2587.42,67.47
5424,4,2025-09-29,74.55,4.28,80.95,2348.21,42.27
5425,5,2025-09-29,59.5,1.16,58.11,2219.51,29.56
5426,6,2025-09-29,79.62,2.82,43.17,2860.73,74.33
5427,7,2025-09-29,73.74,5.02,88.37,2595.89,39.69
5428,8,2025-09-29,80.47,4.0,70.57,2068.68,21.83
5429,9,2025-09-29,81.07,5.67,91.6,2360.5,71.57
5430,10,2025-09-29,80.53,5.55,84.23,2146.12,54.94
5431,11,2025-09-29,87.02,5.37,88.09,2279.01,60.01
5432,12,2025-09-29,61.18,1.02,43.71,1353.92,73.63
5433,13,2025-09-29,77.04,5.83,57.8,2693.03,63.72
5434,14,2025-09-29,60.67,3.98,58.71,2694.71,41.61
5435,15,2025-09-29,80.46,5.47,91.73,2681.59,53.98
5436,16,2025-09-29,80.08,3.77,72.31,2101.3,50.44
5437,17,2025-09-29,80.19,5.88,75.37,2147.51,50.95
5438,18,2025-09-29,67.2,3.73,49.12,2112.31,55.13
5439,19,2025-09-29,79.13,4.42,74.44,2382.56,73.87
5440,20,2025-09-29,83.27,3.79,80.21,2011.74,66.22
5441,1,2025-09-30,66.19,3.38,69.44,1684.63,61.21
5442,2,2025-09-30,71.97,2.29,40.75,2935.2,21.12
5443,3,2025-09-30,77.63,6.13,62.84,2210.21,61.41
5444,4,2025-09-30,71.67,3.85,83.32,1935.04,45.75
5445,5,2025-09-30,59.12,3.2,80.39,2509.02,22.96
5446,6,2025-09-30,65.86,1.32,51.46,1254.14,48.27
5447,7,2025-09-30,74.56,2.14,57.54,1400.25,62.26
5448,8,2025-09-30,74.13,2.62,74.37,2656.84,39.38
5449,9,2025-09-30,80.48,7.15,78.21,2599.52,64.55
5450,10,2025-09-30,86.31,5.94,75.93,2029.12,43.4
5451,11,2025-09-30,88.71,3.79,77.42,2270.01,54.97
5452,12,2025-09-30,61.87,3.76,53.77,2689.88,60.99
5453,13,2025-09-30,74.78,4.63,42.04,2316.54,35.04
5454,14,2025-09-30,82.37,5.96,84.4,2671.19,37.67
5455,15,2025-09-30,74.56,4.4,70.54,1694.68,63.79
5456,16,2025-09-30,77.42,5.07,90.69,2464.61,73.06
5457,17,2025-09-30,83.49,7.01,71.63,2853.38,71.37
5458,18,2025-09-30,71.39,3.04,75.79,1936.68,69.89
5459,19,2025-09-30,85.33,5.85,71.58,2050.61,51.17
5460,20,2025-09-30,76.3,3.29,85.36,2483.42,62.39
5461,1,2025-10-01,78.23,4.04,70.84,1208.91,55.87
5462,2,2025-10-01,71.59,2.64,82.88,2103.99,33.77
5463,3,2025-10-01,80.85,6.02,68.51,2471.26,72.37
5464,4,2025-10-01,75.84,5.2,79.13,2092.55,71.42
5465,5,2025-10-01,68.34,5.18,89.99,1256.84,24.0
5466,6,2025-10-01,82.0,3.73,70.02,1375.14,55.64
5467,7,2025-10-01,70.32,2.63,70.42,2278.49,60.41
5468,8,2025-10-01,80.72,2.15,89.56,2412.74,39.2
5469,9,2025-10-01,75.43,5.25,75.74,1582.43,38.86
5470,10,2025-10-01,84.25,3.74,84.82,1548.5,53.13
5471,11,2025-10-01,84.45,7.45,70.21,2173.78,78.93
5472,12,2025-10-01,67.64,4.72,45.34,1631.93,69.31
5473,13,2025-10-01,59.97,1.89,58.44,2895.78,43.63
5474,14,2025-10-01,76.62,2.98,64.74,1808.13,59.13
5475,15,2025-10-01,82.23,6.17,84.85,2420.62,50.7
5476,16,2025-10-01,82.5,5.09,89.78,2732.69,77.7
5477,17,2025-10-01,83.18,3.72,62.7,2359.22,55.21
5478,18,2025-10-01,55.6,2.32,81.0,2767.74,46.01
5479,19,2025-10-01,75.01,5.49,89.48,1523.96,56.41
5480,20,2025-10-01,84.41,4.13,80.25,2385.92,68.02
5481,1,2025-10-02,71.06,4.17,74.2,2989.39,22.48
5482,2,2025-10-02,59.32,2.12,61.9,2043.27,52.63
5483,3,2025-10-02,89.73,4.78,90.3,2134.7,75.51
5484,4,2025-10-02,74.74,4.22,74.94,2114.08,45.11
5485,5,2025-10-02,67.09,5.21,88.54,2819.91,43.97
5486,6,2025-10-02,73.09,4.36,59.3,2335.14,57.86
5487,7,2025-10-02,75.86,4.39,77.43,1920.74,59.27
5488,8,2025-10-02,79.72,4.15,71.5,2919.31,42.18
5489,9,2025-10-02,78.51,6.09,79.3,2648.71,45.15
5490,10,2025-10-02,84.11,3.72,66.9,1710.58,74.67
5491,11,2025-10-02,80.4,5.06,73.54,1627.5,73.13
5492,12,2025-10-02,74.47,5.98,44.83,2877.13,25.05
5493,13,2025-10-02,76.74,4.58,77.57,2582.37,35.83
5494,14,2025-10-02,69.0,2.82,75.39,2558.69,62.13
5495,15,2025-10-02,77.46,1.2,80.18,2411.46,21.18
5496,16,2025-10-02,92.37,4.91,88.95,2871.71,73.4
5497,17,2025-10-02,71.35,4.58,61.21,1921.0,54.61
5498,18,2025-10-02,82.97,4.49,60.9,2265.5,65.28
5499,19,2025-10-02,77.21,6.47,91.71,1605.26,63.9
5500,20,2025-10-02,76.17,5.38,81.86,1871.21,57.79
5501,1,2025-10-03,60.06,1.55,62.06,2495.1,72.53
5502,2,2025-10-03,64.6,3.03,64.16,2123.8,45.87
5503,3,2025-10-03,85.39,5.03,87.1,2933.74,68.91
5504,4,2025-10-03,83.15,4.26,70.61,2275.99,64.77
5505,5,2025-10-03,71.63,1.45,40.91,1263.9,57.41
5506,6,2025-10-03,83.82,5.42,83.93,2961.21,55.3
5507,7,2025-10-03,75.37,4.26,79.54,2198.46,60.07
5508,8,2025-10-03,83.07,3.5,58.99,2852.73,20.18
5509,9,2025-10-03,86.55,3.26,75.36,2538.5,54.04
5510,10,2025-10-03,74.95,5.48,70.49,1819.18,59.71
5511,11,2025-10-03,58.38,2.78,73.5,2196.16,50.88
5512,12,2025-10-03,71.77,5.37,88.04,2666.09,36.54
5513,13,2025-10-03,76.4,2.92,43.74,1810.85,35.67
5514,14,2025-10-03,83.01,5.38,90.11,2802.51,43.47
5515,15,2025-10-03,80.13,2.87,80.47,2477.8,50.09
5516,16,2025-10-03,80.14,3.63,87.87,2106.16,64.17
5517,17,2025-10-03,75.98,4.78,84.59,2201.24,46.94
5518,18,2025-10-03,82.5,2.7,81.68,1682.72,53.46
5519,19,2025-10-03,77.35,7.46,92.97,2492.57,54.49
5520,20,2025-10-03,87.99,4.66,79.24,1579.18,75.93
5521,1,2025-10-04,62.78,5.46,77.62,2525.54,28.13
5522,2,2025-10-04,81.43,3.64,61.56,1395.38,31.61
5523,3,2025-10-04,80.14,4.46,91.61,1422.72,72.13
5524,4,2025-10-04,85.08,6.55,78.77,2275.62,66.91
5525,5,2025-10-04,61.34,5.34,76.3,1516.66,70.84
5526,6,2025-10-04,57.29,1.59,45.19,2254.46,71.95
5527,7,2025-10-04,81.18,3.56,80.21,1729.69,66.48
5528,8,2025-10-04,79.16,4.02,71.51,2293.26,71.78
5529,9,2025-10-04,88.04,3.5,87.98,1646.45,66.6
5530,10,2025-10-04,82.32,4.59,92.39,2648.76,62.37
5531,11,2025-10-04,71.27,5.42,58.46,2492.1,20.46
5532,12,2025-10-04,84.36,3.62,78.68,2074.76,72.32
5533,13,2025-10-04,72.79,3.5,62.86,2201.67,51.29
5534,14,2025-10-04,73.58,4.02,66.94,2293.76,61.91
5535,15,2025-10-04,76.08,4.97,64.4,1370.04,40.45
5536,16,2025-10-04,79.28,6.06,89.93,2197.17,46.08
5537,17,2025-10-04,82.27,6.13,76.0,2053.4,71.81
5538,18,2025-10-04,82.39,5.2,61.79,1676.41,68.6
5539,19,2025-10-04,91.32,5.83,90.83,2742.69,53.31
5540,20,2025-10-04,82.56,5.49,79.84,2575.19,73.1
5541,1,2025-10-05,63.74,4.3,59.45,2134.97,34.75
5542,2,2025-10-05,72.56,3.62,70.33,2866.59,39.27
5543,3,2025-10-05,58.69,3.42,59.21,1372.64,67.79
5544,4,2025-10-05,89.96,5.28,96.24,1898.82,58.87
5545,5,2025-10-05,65.56,1.89,78.02,2606.95,73.85
5546,6,2025-10-05,55.69,4.36,54.44,1982.83,64.1
5547,7,2025-10-05,77.53,6.76,85.2,2191.03,47.45
5548,8,2025-10-05,68.19,2.58,60.13,2914.46,43.77
5549,9,2025-10-05,77.72,5.82,65.99,2587.96,77.69
5550,10,2025-10-05,56.42,3.12,88.31,2459.76,61.99
5551,11,2025-10-05,68.95,2.37,61.88,2910.24,31.83
5552,12,2025-10-05,63.92,1.03,75.34,2021.68,37.63
5553,13,2025-10-05,65.12,1.15,74.75,2409.81,30.97
5554,14,2025-10-05,78.2,6.37,94.42,2759.37,51.05
5555,15,2025-10-05,81.92,4.22,74.98,1655.34,63.86
5556,16,2025-10-05,75.73,4.33,90.89,1466.83,53.79
5557,17,2025-10-05,76.25,6.81,82.68,2175.8,53.22
5558,18,2025-10-05,72.99,3.97,64.28,1953.87,57.09
5559,19,2025-10-05,77.29,1.23,79.02,2182.3,35.55
5560,20,2025-10-05,83.0,5.98,94.12,2139.94,49.01
5561,1,2025-10-06,82.05,4.74,45.16,1548.41,26.05
5562,2,2025-10-06,63.12,1.85,66.92,2575.55,45.68
5563,3,2025-10-06,75.96,2.35,79.77,1673.66,32.82
5564,4,2025-10-06,81.22,7.2,78.82,2019.27,61.48
5565,5,2025-10-06,69.0,2.66,45.55,2701.21,73.84
5566,6,2025-10-06,68.41,3.24,87.0,2539.33,52.75
5567,7,2025-10-06,79.8,6.18,63.08,1701.25,64.81
5568,8,2025-10-06,76.72,2.66,53.52,2635.81,28.78
5569,9,2025-10-06,78.2,6.5,89.49,1501.63,73.33
5570,10,2025-10-06,83.82,3.67,60.68,1589.83,34.85
5571,11,2025-10-06,59.53,2.84,77.6,2856.87,21.8
5572,12,2025-10-06,62.27,5.45,62.88,1777.18,38.66
5573,13,2025-10-06,62.8,5.97,54.3,2717.2,35.55
5574,14,2025-10-06,73.03,7.15,82.71,2028.02,55.83
5575,15,2025-10-06,82.5,4.77,73.05,1719.07,65.75
5576,16,2025-10-06,85.81,5.49,92.12,2708.39,67.62
5577,17,2025-10-06,87.06,7.75,87.56,2383.25,72.17
5578,18,2025-10-06,89.8,5.62,67.74,1780.49,47.62
5579,19,2025-10-06,57.45,2.67,74.0,2487.83,58.88
5580,20,2025-10-06,79.8,5.11,77.48,1827.13,59.7
5581,1,2025-10-07,82.46,2.64,58.27,2367.62,45.63
5582,2,2025-10-07,70.67,3.6,73.03,2101.53,50.57
5583,3,2025-10-07,80.11,1.06,81.5,1873.79,38.22
5584,4,2025-10-07,78.34,3.53,77.28,2023.53,65.52
5585,5,2025-10-07,57.82,2.48,48.78,2474.11,30.59
5586,6,2025-10-07,70.1,3.57,79.45,1642.65,59.63
5587,7,2025-10-07,88.79,4.97,81.64,1611.34,68.22
5588,8,2025-10-07,67.58,3.46,66.45,2801.22,32.85
5589,9,2025-10-07,68.96,5.21,45.46,2883.61,20.66
5590,10,2025-10-07,59.11,5.12,55.88,2226.6,49.89
5591,11,2025-10-07,82.92,2.65,40.27,2846.13,28.26
5592,12,2025-10-07,69.88,1.18,48.44,2858.76,57.94
5593,13,2025-10-07,62.1,5.23,82.87,2035.12,68.19
5594,14,2025-10-07,75.62,5.54,82.17,1832.46,70.32
5595,15,2025-10-07,76.44,5.45,88.44,1504.72,65.0
5596,16,2025-10-07,80.48,5.59,82.31,2519.73,48.71
5597,17,2025-10-07,74.69,3.43,53.97,2241.77,42.42
5598,18,2025-10-07,75.76,5.7,73.75,2649.78,51.49
5599,19,2025-10-07,61.73,4.56,48.25,2519.88,40.5
5600,20,2025-10-07,70.08,3.77,66.09,2451.24,59.54
5601,1,2025-10-08,82.79,3.7,86.32,2707.24,69.17
5602,2,2025-10-08,63.49,1.93,51.67,1265.2,27.56
5603,3,2025-10-08,76.4,4.91,80.41,1352.67,66.65
5604,4,2025-10-08,74.86,5.83,74.31,2499.51,64.05
5605,5,2025-10-08,63.92,4.31,48.95,2752.98,70.97
5606,6,2025-10-08,71.21,4.99,86.61,2756.92,54.98
5607,7,2025-10-08,81.04,4.19,77.96,2243.81,61.31
5608,8,2025-10-08,69.57,2.21,73.23,2270.26,56.05
5609,9,2025-10-08,80.55,4.76,45.4,1697.44,70.68
5610,10,2025-10-08,76.95,5.07,74.54,2999.08,24.31
5611,11,2025-10-08,63.77,5.72,40.06,2864.84,36.59
5612,12,2025-10-08,84.34,5.07,66.09,2667.25,42.35
5613,13,2025-10-08,77.77,2.81,75.65,1631.43,51.89
5614,14,2025-10-08,72.96,4.43,74.57,2803.61,41.28
5615,15,2025-10-08,84.65,5.58,80.99,2433.47,76.45
5616,16,2025-10-08,78.48,7.1,90.2,1248.73,76.75
5617,17,2025-10-08,64.64,2.01,72.43,1497.14,62.48
5618,18,2025-10-08,87.75,5.57,77.86,2148.16,65.9
5619,19,2025-10-08,58.47,1.91,86.57,1309.33,56.97
5620,20,2025-10-08,87.5,3.97,69.31,1698.24,55.8
5621,1,2025-10-09,84.43,4.28,55.98,1309.32,37.56
5622,2,2025-10-09,67.95,4.26,48.3,2635.15,34.4
5623,3,2025-10-09,58.45,4.78,60.37,1722.75,65.58
5624,4,2025-10-09,87.38,6.3,73.2,1548.08,61.86
5625,5,2025-10-09,68.83,1.48,64.19,2246.94,29.36
5626,6,2025-10-09,71.9,1.48,81.18,1601.07,72.5
5627,7,2025-10-09,73.72,3.52,75.91,2242.92,58.01
5628,8,2025-10-09,56.51,4.56,85.48,2896.5,47.69
5629,9,2025-10-09,75.63,1.22,58.16,1665.79,53.79
5630,10,2025-10-09,55.29,1.95,52.77,1813.25,64.42
5631,11,2025-10-09,68.11,4.67,80.71,1342.15,64.85
5632,12,2025-10-09,77.41,4.49,78.81,2586.97,71.87
5633,13,2025-10-09,73.06,5.11,76.98,2714.97,57.29
5634,14,2025-10-09,70.84,4.43,70.12,1572.49,46.56
5635,15,2025-10-09,92.04,6.0,91.79,1519.8,72.56
5636,16,2025-10-09,87.05,6.89,94.77,2336.84,78.01
5637,17,2025-10-09,82.41,4.71,40.18,1700.84,67.19
5638,18,2025-10-09,79.71,2.71,68.38,2623.88,36.73
5639,19,2025-10-09,68.24,4.26,58.99,1713.11,68.49
5640,20,2025-10-09,76.44,4.41,67.61,2894.59,60.2
5641,1,2025-10-10,58.07,1.52,83.55,2107.1,60.03
5642,2,2025-10-10,63.47,1.8,89.17,2930.93,43.87
5643,3,2025-10-10,81.64,5.03,63.45,2565.0,64.9
5644,4,2025-10-10,85.71,5.81,66.65,2209.68,71.28
5645,5,2025-10-10,80.11,4.78,75.91,2220.51,66.71
5646,6,2025-10-10,62.94,2.95,76.39,1997.47,31.59
5647,7,2025-10-10,81.47,5.01,80.66,2497.34,55.48
5648,8,2025-10-10,76.0,4.28,46.13,2674.6,43.28
5649,9,2025-10-10,79.56,3.08,59.66,1767.81,45.47
5650,10,2025-10-10,64.3,2.99,52.18,1843.62,47.98
5651,11,2025-10-10,58.44,1.58,42.78,2226.64,42.48
5652,12,2025-10-10,72.12,4.0,70.79,2944.65,35.44
5653,13,2025-10-10,79.41,3.45,66.26,1763.56,43.57
5654,14,2025-10-10,81.08,4.68,73.64,1567.95,47.05
5655,15,2025-10-10,77.18,1.28,42.66,2045.6,49.58
5656,16,2025-10-10,67.75,2.92,74.17,1861.85,35.55
5657,17,2025-10-10,84.94,1.18,56.41,2185.74,58.0
5658,18,2025-10-10,84.17,3.14,76.98,2393.8,39.94
5659,19,2025-10-10,64.28,4.6,67.01,2839.38,23.05
5660,20,2025-10-10,83.94,6.58,83.6,2206.28,66.81
5661,1,2025-10-11,68.55,2.96,61.45,2706.09,31.2
5662,2,2025-10-11,66.27,5.4,73.06,2786.53,27.17
5663,3,2025-10-11,81.24,3.03,77.19,1466.8,52.18
5664,4,2025-10-11,84.4,3.09,51.58,2293.31,40.78
5665,5,2025-10-11,75.41,5.2,86.57,2825.77,47.38
5666,6,2025-10-11,69.84,1.82,79.38,1551.48,40.54
5667,7,2025-10-11,77.42,4.32,74.68,2623.35,61.96
5668,8,2025-10-11,55.84,1.78,59.75,2904.01,56.26
5669,9,2025-10-11,83.96,5.09,52.77,2846.91,58.8
5670,10,2025-10-11,79.43,2.7,62.43,1680.0,34.44
5671,11,2025-10-11,84.55,3.28,53.54,2492.03,30.11
5672,12,2025-10-11,57.89,5.0,71.82,1246.43,52.75
5673,13,2025-10-11,88.37,5.04,89.46,2231.55,55.52
5674,14,2025-10-11,82.88,4.63,88.69,1569.96,73.99
5675,15,2025-10-11,70.98,2.64,69.97,1558.65,57.23
5676,16,2025-10-11,56.73,3.84,74.49,1753.66,53.98
5677,17,2025-10-11,83.51,2.82,77.06,1355.62,22.36
5678,18,2025-10-11,60.83,5.72,81.57,2258.96,68.11
5679,19,2025-10-11,70.84,2.06,74.64,2575.14,71.33
5680,20,2025-10-11,75.71,5.74,68.07,2421.94,51.07
5681,1,2025-10-12,61.03,2.42,57.47,2232.14,43.06
5682,2,2025-10-12,77.49,4.82,80.48,2162.77,46.8
5683,3,2025-10-12,86.2,5.12,80.86,2317.71,61.14
5684,4,2025-10-12,64.0,3.95,65.08,1319.96,31.85
5685,5,2025-10-12,73.0,4.79,62.92,2439.21,38.61
5686,6,2025-10-12,63.44,5.32,53.16,1683.73,63.31
5687,7,2025-10-12,83.13,5.78,88.69,2613.31,75.21
5688,8,2025-10-12,73.01,1.66,43.75,1699.05,39.39
5689,9,2025-10-12,75.39,4.2,48.52,1731.11,60.34
5690,10,2025-10-12,67.06,2.14,50.71,1845.69,27.61
5691,11,2025-10-12,82.5,3.06,81.54,2311.14,43.95
5692,12,2025-10-12,81.92,3.12,62.97,2557.96,55.87
5693,13,2025-10-12,85.13,4.07,91.67,1627.89,65.24
5694,14,2025-10-12,76.38,4.02,84.55,1442.58,68.3
5695,15,2025-10-12,83.76,1.44,79.83,1229.85,74.16
5696,16,2025-10-12,69.62,4.08,81.01,1594.56,49.41
5697,17,2025-10-12,55.08,3.52,66.54,2011.5,27.32
5698,18,2025-10-12,75.01,3.56,41.66,2969.41,40.35
5699,19,2025-10-12,64.29,4.44,84.04,1619.88,26.56
5700,20,2025-10-12,85.51,5.46,73.96,2775.06,45.21
5701,1,2025-10-13,68.95,2.32,72.22,1781.21,64.47
5702,2,2025-10-13,80.83,5.7,85.7,2430.1,50.6
5703,3,2025-10-13,84.54,4.54,88.38,2206.39,48.93
5704,4,2025-10-13,57.09,1.95,51.4,1918.34,28.77
5705,5,2025-10-13,70.11,3.21,89.92,1270.69,24.75
5706,6,2025-10-13,72.84,1.21,57.13,1573.07,61.07
5707,7,2025-10-13,88.57,4.77,75.32,1194.36,75.1
5708,8,2025-10-13,79.41,5.56,71.42,2386.59,48.9
5709,9,2025-10-13,71.75,2.11,48.0,2663.98,68.24
5710,10,2025-10-13,78.69,4.17,64.78,1823.1,44.84
5711,11,2025-10-13,60.82,5.01,74.07,1675.89,40.82
5712,12,2025-10-13,83.85,5.48,61.56,2837.67,44.16
5713,13,2025-10-13,92.09,6.35,80.66,1823.3,48.52
5714,14,2025-10-13,78.16,4.03,85.93,1686.0,56.38
5715,15,2025-10-13,71.18,3.4,52.7,1375.46,51.98
5716,16,2025-10-13,62.0,3.72,57.42,1706.7,63.22
5717,17,2025-10-13,80.26,3.95,76.39,2540.86,52.45
5718,18,2025-10-13,61.97,5.39,66.05,2693.95,65.24
5719,19,2025-10-13,82.31,1.14,75.77,1861.7,59.31
5720,20,2025-10-13,76.91,5.93,79.09,2057.46,76.39
5721,1,2025-10-14,83.71,5.31,75.21,1526.48,22.19
5722,2,2025-10-14,78.73,4.51,69.66,2174.37,67.28
5723,3,2025-10-14,77.28,6.14,95.02,2128.93,56.27
5724,4,2025-10-14,78.7,4.15,86.79,2439.75,47.25
5725,5,2025-10-14,56.22,4.9,78.85,2927.13,55.86
5726,6,2025-10-14,80.28,3.42,77.47,2510.65,47.81
5727,7,2025-10-14,78.1,6.2,74.77,1540.09,58.82
5728,8,2025-10-14,56.19,3.61,64.03,2579.05,41.99
5729,9,2025-10-14,73.04,2.28,59.0,2189.61,35.38
5730,10,2025-10-14,67.83,3.82,76.9,2372.18,66.48
5731,11,2025-10-14,76.5,1.15,60.06,1549.24,27.13
5732,12,2025-10-14,85.97,4.53,62.2,1952.23,63.82
5733,13,2025-10-14,84.72,6.88,82.48,1843.73,70.44
5734,14,2025-10-14,93.85,5.01,70.24,1901.86,59.35
5735,15,2025-10-14,83.14,3.22,78.0,1897.12,49.05
5736,16,2025-10-14,59.76,4.71,87.09,2621.25,70.48
5737,17,2025-10-14,79.96,3.94,42.91,1458.84,32.07
5738,18,2025-10-14,58.29,2.87,60.94,2954.21,30.85
5739,19,2025-10-14,75.71,3.55,53.82,2474.59,33.5
5740,20,2025-10-14,91.61,4.5,87.36,2968.27,72.03
5741,1,2025-10-15,58.08,1.67,68.67,2854.17,53.79
5742,2,2025-10-15,85.62,6.25,62.76,2646.71,55.37
5743,3,2025-10-15,78.84,5.73,68.14,1740.68,63.95
5744,4,2025-10-15,81.41,1.56,65.92,2232.74,51.13
5745,5,2025-10-15,71.76,4.43,54.02,2586.15,59.16
5746,6,2025-10-15,73.29,4.08,59.67,2630.88,56.61
5747,7,2025-10-15,83.85,5.17,79.18,2807.34,68.97
5748,8,2025-10-15,71.46,1.8,40.07,2299.76,39.93
5749,9,2025-10-15,62.53,4.08,65.19,1899.54,45.72
5750,10,2025-10-15,73.82,3.4,70.59,1805.13,59.38
5751,11,2025-10-15,79.77,4.36,80.82,2973.05,74.79
5752,12,2025-10-15,76.01,4.72,66.35,1645.02,47.25
5753,13,2025-10-15,64.3,3.81,88.09,2582.28,28.02
5754,14,2025-10-15,70.63,1.7,63.38,1841.76,51.99
5755,15,2025-10-15,77.22,3.8,74.13,1715.29,55.93
5756,16,2025-10-15,76.1,4.7,85.14,2634.34,38.32
5757,17,2025-10-15,66.3,5.95,61.33,2555.11,28.37
5758,18,2025-10-15,84.75,4.14,79.28,2768.76,39.4
5759,19,2025-10-15,59.61,2.45,63.06,2639.99,66.11
5760,20,2025-10-15,93.53,7.18,92.53,2951.26,77.1
5761,1,2025-10-16,69.86,5.61,62.02,1286.37,22.59
5762,2,2025-10-16,87.17,6.85,75.54,2049.55,59.23
5763,3,2025-10-16,93.68,4.73,87.91,2334.14,79.02
5764,4,2025-10-16,78.11,5.21,74.43,2918.2,39.27
5765,5,2025-10-16,82.99,4.21,70.89,2438.62,59.48
5766,6,2025-10-16,78.57,3.34,85.23,1983.37,59.16
5767,7,2025-10-16,83.57,4.28,76.05,2086.3,62.8
5768,8,2025-10-16,65.34,3.01,81.45,1518.29,25.84
5769,9,2025-10-16,83.59,5.14,52.92,2076.92,63.15
5770,10,2025-10-16,83.78,3.27,86.85,2386.44,44.8
5771,11,2025-10-16,82.64,5.44,86.68,2989.49,68.17
5772,12,2025-10-16,87.76,6.39,66.29,1940.55,54.35
5773,13,2025-10-16,70.19,3.23,72.44,1448.17,33.04
5774,14,2025-10-16,76.71,5.49,63.59,2999.13,73.44
5775,15,2025-10-16,75.17,4.14,82.31,1656.96,53.89
5776,16,2025-10-16,83.16,2.75,87.81,2566.36,54.57
5777,17,2025-10-16,61.88,1.74,69.61,1909.18,27.21
5778,18,2025-10-16,70.07,1.41,40.89,1415.42,41.48
5779,19,2025-10-16,70.62,2.65,58.24,1324.21,60.7
5780,20,2025-10-16,82.78,1.93,61.41,2096.17,68.77
5781,1,2025-10-17,63.46,3.62,66.16,2460.2,69.57
5782,2,2025-10-17,80.43,6.92,77.48,1744.03,68.49
5783,3,2025-10-17,77.85,3.77,47.89,2572.11,54.03
5784,4,2025-10-17,76.11,5.21,55.98,1366.82,31.19
5785,5,2025-10-17,70.9,1.25,86.14,1714.11,35.48
5786,6,2025-10-17,84.27,4.22,66.52,1438.48,73.85
5787,7,2025-10-17,85.84,6.88,74.52,1668.89,47.98
5788,8,2025-10-17,57.94,5.09,62.96,2216.94,47.27
5789,9,2025-10-17,65.69,2.02,59.13,1218.56,35.18
5790,10,2025-10-17,83.83,6.3,78.33,2498.25,48.34
5791,11,2025-10-17,82.08,5.24,74.41,2773.03,31.06
5792,12,2025-10-17,75.97,5.83,91.35,1867.32,53.63
5793,13,2025-10-17,74.48,4.19,52.11,2275.43,70.85
5794,14,2025-10-17,56.4,3.9,78.83,2984.25,59.52
5795,15,2025-10-17,79.07,4.61,65.54,1592.73,54.25
5796,16,2025-10-17,83.33,3.11,66.46,2784.28,57.6
5797,17,2025-10-17,69.99,5.05,61.42,1600.73,46.96
5798,18,2025-10-17,76.71,2.54,84.26,2266.18,64.09
5799,19,2025-10-17,64.0,3.42,54.25,1246.17,22.09
5800,20,2025-10-17,77.19,4.45,79.21,1800.2,35.03
5801,1,2025-10-18,55.38,4.81,52.13,1794.17,54.84
5802,2,2025-10-18,92.71,4.42,66.07,1671.04,56.03
5803,3,2025-10-18,84.2,4.1,58.17,1993.5,50.58
5804,4,2025-10-18,57.88,3.41,77.31,1210.95,53.84
5805,5,2025-10-18,70.73,3.37,62.07,2382.22,24.12
5806,6,2025-10-18,82.79,5.85,92.79,1846.76,54.04
5807,7,2025-10-18,85.11,5.55,94.82,1425.33,78.96
5808,8,2025-10-18,71.56,3.08,79.25,2584.85,57.8
5809,9,2025-10-18,76.31,5.63,76.51,2081.18,25.28
5810,10,2025-10-18,84.5,4.94,84.9,2282.08,75.81
5811,11,2025-10-18,79.86,3.03,72.51,1883.18,67.29
5812,12,2025-10-18,81.75,4.6,89.31,2469.44,61.25
5813,13,2025-10-18,55.65,4.25,64.41,2308.97,47.57
5814,14,2025-10-18,67.5,1.42,71.35,2484.22,59.8
5815,15,2025-10-18,74.88,6.03,68.06,2416.03,45.39
5816,16,2025-10-18,85.44,5.83,82.77,1347.26,68.39
5817,17,2025-10-18,67.92,4.21,66.31,2460.28,44.29
5818,18,2025-10-18,71.89,4.61,74.07,2776.96,41.73
5819,19,2025-10-18,75.72,1.74,56.37,1966.1,22.24
5820,20,2025-10-18,74.05,3.7,45.35,1533.25,69.6
5821,1,2025-10-19,82.52,3.4,66.25,2889.05,71.31
5822,2,2025-10-19,74.72,5.67,43.82,1455.19,24.8
5823,3,2025-10-19,62.92,1.99,78.74,2428.05,64.76
5824,4,2025-10-19,65.51,1.64,81.21,1308.33,21.75
5825,5,2025-10-19,79.08,2.36,48.92,2754.48,59.9
5826,6,2025-10-19,84.0,6.54,84.43,1566.12,62.07
5827,7,2025-10-19,78.95,4.66,92.07,2211.46,49.92
5828,8,2025-10-19,80.61,1.3,43.79,2957.38,69.8
5829,9,2025-10-19,74.54,3.42,62.06,1464.78,54.45
5830,10,2025-10-19,75.17,4.52,74.54,2821.24,47.69
5831,11,2025-10-19,64.09,2.28,75.21,2103.04,74.98
5832,12,2025-10-19,86.88,4.98,73.7,2780.71,58.73
5833,13,2025-10-19,56.96,1.8,56.78,1610.11,42.94
5834,14,2025-10-19,60.55,5.62,63.65,2964.99,60.88
5835,15,2025-10-19,81.81,6.57,83.52,2055.68,71.28
5836,16,2025-10-19,73.98,4.53,69.69,2587.14,47.7
5837,17,2025-10-19,73.94,2.85,86.98,2110.79,24.02
5838,18,2025-10-19,78.6,4.48,61.66,1883.05,70.09
5839,19,2025-10-19,84.59,3.31,42.92,2660.98,41.45
5840,20,2025-10-19,83.37,2.43,78.91,1259.4,21.15
5841,1,2025-10-20,61.2,4.52,57.45,2211.31,49.09
5842,2,2025-10-20,80.78,1.33,71.13,2925.56,49.5
5843,3,2025-10-20,55.28,3.33,83.14,2734.19,41.13
5844,4,2025-10-20,58.49,5.42,70.25,1311.77,48.64
5845,5,2025-10-20,62.36,4.57,56.36,1309.39,44.13
5846,6,2025-10-20,90.0,5.2,87.72,2046.52,58.74
5847,7,2025-10-20,89.7,5.62,84.65,2578.23,74.59
5848,8,2025-10-20,82.42,5.37,72.24,2908.74,37.54
5849,9,2025-10-20,73.33,5.04,62.98,2781.83,45.09
5850,10,2025-10-20,88.24,6.15,75.18,1418.63,79.53
5851,11,2025-10-20,78.52,4.13,65.08,1321.5,71.88
5852,12,2025-10-20,84.65,6.09,86.29,2019.3,71.45
5853,13,2025-10-20,68.52,3.36,80.96,2197.59,22.68
5854,14,2025-10-20,80.12,2.36,62.08,2246.94,49.23
5855,15,2025-10-20,81.72,6.75,78.69,2303.43,59.6
5856,16,2025-10-20,77.12,6.53,71.61,1733.81,51.48
5857,17,2025-10-20,72.45,1.87,53.41,1417.18,73.24
5858,18,2025-10-20,83.13,4.56,90.21,1908.22,57.85
5859,19,2025-10-20,82.02,5.05,49.73,1300.91,57.14
5860,20,2025-10-20,59.81,1.62,82.25,2968.81,35.52
5861,1,2025-10-21,55.59,3.64,77.04,1771.51,29.38
5862,2,2025-10-21,57.47,4.9,88.51,2557.81,60.15
5863,3,2025-10-21,76.28,5.19,46.01,1820.12,40.81
5864,4,2025-10-21,56.55,5.1,44.95,2939.11,58.92
5865,5,2025-10-21,55.93,3.42,67.74,1598.88,48.09
5866,6,2025-10-21,68.09,1.72,42.76,1457.54,27.95
5867,7,2025-10-21,91.22,6.74,77.13,1546.89,65.57
5868,8,2025-10-21,69.15,2.82,80.53,1763.47,45.43
5869,9,2025-10-21,82.14,5.85,72.99,2510.65,58.19
5870,10,2025-10-21,83.56,6.06,86.07,2620.95,65.96
5871,11,2025-10-21,65.4,1.55,83.83,2993.98,50.68
5872,12,2025-10-21,79.19,3.56,43.92,1610.6,66.52
5873,13,2025-10-21,57.13,4.09,69.55,1554.79,62.4
5874,14,2025-10-21,74.71,5.63,86.78,2572.85,64.75
5875,15,2025-10-21,81.16,3.64,69.8,1916.4,63.68
5876,16,2025-10-21,78.69,5.02,92.82,2514.96,81.35
5877,17,2025-10-21,83.7,2.35,73.07,1752.38,35.1
5878,18,2025-10-21,76.04,5.13,73.07,1524.48,59.21
5879,19,2025-10-21,79.88,2.89,74.1,1764.21,52.0
5880,20,2025-10-21,80.28,5.14,65.38,2170.14,61.84
5881,1,2025-10-22,61.06,1.3,63.38,2514.99,50.44
5882,2,2025-10-22,78.07,3.22,59.44,1960.61,42.66
5883,3,2025-10-22,74.45,1.67,68.6,2001.11,24.95
5884,4,2025-10-22,73.32,4.4,55.51,2162.91,46.08
5885,5,2025-10-22,75.43,1.22,51.09,1240.09,54.37
5886,6,2025-10-22,82.68,1.66,58.18,1342.81,26.78
5887,7,2025-10-22,79.73,5.47,74.38,2383.02,48.4
5888,8,2025-10-22,67.28,5.21,84.22,1843.21,42.96
5889,9,2025-10-22,78.89,4.1,87.99,1617.25,54.1
5890,10,2025-10-22,71.09,4.1,62.23,1648.16,60.99
5891,11,2025-10-22,74.2,2.5,56.08,2053.55,67.68
5892,12,2025-10-22,77.27,4.35,46.06,1646.46,70.79
5893,13,2025-10-22,68.09,2.62,68.42,2560.86,63.26
5894,14,2025-10-22,82.43,4.42,66.04,2229.43,65.15
5895,15,2025-10-22,71.57,5.22,63.78,2469.97,63.25
5896,16,2025-10-22,59.22,3.8,61.32,2066.33,36.3
5897,17,2025-10-22,70.15,3.3,84.89,2719.68,54.74
5898,18,2025-10-22,83.48,7.28,63.55,2663.31,50.64
5899,19,2025-10-22,69.58,2.93,69.3,2951.55,65.82
5900,20,2025-10-22,63.15,1.93,87.28,1538.68,40.82
5901,1,2025-10-23,83.2,1.87,64.65,2825.41,37.07
5902,2,2025-10-23,78.36,3.78,87.8,2781.61,41.46
5903,3,2025-10-23,68.23,5.9,44.41,2200.04,49.52
5904,4,2025-10-23,66.42,3.8,53.5,1641.43,54.89
5905,5,2025-10-23,69.22,3.19,74.67,2941.78,30.89
5906,6,2025-10-23,83.21,3.84,66.82,2239.56,50.3
5907,7,2025-10-23,86.96,6.08,85.47,2320.71,71.59
5908,8,2025-10-23,63.27,5.13,74.13,2795.56,26.34
5909,9,2025-10-23,87.7,6.47,72.98,1228.72,56.35
5910,10,2025-10-23,83.18,4.4,79.9,2718.52,52.76
5911,11,2025-10-23,66.16,3.81,46.84,1316.77,33.65
5912,12,2025-10-23,56.38,2.41,54.28,2113.23,37.97
5913,13,2025-10-23,84.11,3.01,63.02,2279.26,52.52
5914,14,2025-10-23,76.83,4.43,68.83,2054.72,47.53
5915,15,2025-10-23,75.06,5.7,88.21,1760.08,61.0
5916,16,2025-10-23,80.57,2.79,76.78,1804.44,38.91
5917,17,2025-10-23,72.86,3.88,79.6,1578.79,52.57
5918,18,2025-10-23,90.46,5.43,69.11,2517.14,68.01
5919,19,2025-10-23,69.18,5.1,82.71,1731.67,41.73
5920,20,2025-10-23,78.2,5.62,73.61,1524.4,28.25
5921,1,2025-10-24,68.37,2.88,64.95,2801.34,74.98
5922,2,2025-10-24,75.0,5.19,61.95,1529.28,58.25
5923,3,2025-10-24,57.51,4.96,77.58,2492.99,51.59
5924,4,2025-10-24,84.9,1.72,76.58,2753.95,27.82
5925,5,2025-10-24,58.28,5.25,69.98,2966.11,39.59
5926,6,2025-10-24,73.07,2.85,46.87,2452.85,32.53
5927,7,2025-10-24,72.23,5.35,78.25,1552.72,47.32
5928,8,2025-10-24,68.28,3.67,81.52,1696.06,39.22
5929,9,2025-10-24,80.22,4.88,75.75,2328.23,75.41
5930,10,2025-10-24,77.5,5.64,85.73,1753.3,55.81
5931,11,2025-10-24,74.14,5.25,83.3,2086.65,38.72
5932,12,2025-10-24,61.96,3.97,88.92,1337.42,67.57
5933,13,2025-10-24,85.85,3.57,72.07,2006.45,54.53
5934,14,2025-10-24,85.13,5.45,76.89,2380.0,50.48
5935,15,2025-10-24,85.72,4.77,80.66,1306.28,65.32
5936,16,2025-10-24,80.31,4.97,61.57,2081.92,44.69
5937,17,2025-10-24,79.55,3.37,74.97,2058.58,44.91
5938,18,2025-10-24,84.1,5.81,59.84,1908.96,73.85
5939,19,2025-10-24,85.29,4.62,58.27,2368.83,63.61
5940,20,2025-10-24,71.2,5.01,86.12,2548.34,48.03
5941,1,2025-10-25,68.59,5.77,68.04,1377.51,29.3
5942,2,2025-10-25,80.39,5.53,89.19,2632.26,63.21
5943,3,2025-10-25,60.7,1.07,68.43,1463.5,44.38
5944,4,2025-10-25,60.71,4.09,59.43,1721.79,47.54
5945,5,2025-10-25,66.89,5.36,73.02,1299.33,70.93
5946,6,2025-10-25,80.31,4.63,77.79,2725.52,66.03
5947,7,2025-10-25,84.84,4.63,76.66,2415.56,64.68
5948,8,2025-10-25,64.27,4.41,45.54,1333.02,25.12
5949,9,2025-10-25,87.49,6.77,73.45,2128.98,54.91
5950,10,2025-10-25,81.09,4.95,78.51,1311.59,43.57
5951,11,2025-10-25,67.49,4.71,81.36,2107.13,67.34
5952,12,2025-10-25,64.18,5.68,49.49,2213.77,31.07
5953,13,2025-10-25,88.45,4.38,88.23,1704.83,63.51
5954,14,2025-10-25,74.4,6.09,89.85,2303.86,54.24
5955,15,2025-10-25,72.97,4.16,81.82,2614.97,67.63
5956,16,2025-10-25,80.98,3.56,77.75,2830.72,41.23
5957,17,2025-10-25,72.93,4.91,79.18,1863.75,45.54
5958,18,2025-10-25,68.13,5.28,62.89,2411.36,66.41
5959,19,2025-10-25,77.8,3.18,77.46,1710.64,68.91
5960,20,2025-10-25,73.97,1.7,85.74,1890.58,60.89
5961,1,2025-10-26,62.15,3.36,52.93,2753.38,62.66
5962,2,2025-10-26,76.66,4.14,86.03,2785.22,62.79
5963,3,2025-10-26,56.19,4.31,85.37,2672.19,70.63
5964,4,2025-10-26,70.44,1.42,86.7,2603.2,72.01
5965,5,2025-10-26,84.42,4.74,83.85,1585.45,42.84
5966,6,2025-10-26,78.96,1.37,44.09,2486.7,46.09
5967,7,2025-10-26,88.78,5.5,90.85,1832.12,67.42
5968,8,2025-10-26,71.36,3.65,60.14,2279.49,44.42
5969,9,2025-10-26,55.98,5.11,79.39,2306.3,49.99
5970,10,2025-10-26,74.88,6.66,71.59,1981.13,71.22
5971,11,2025-10-26,80.67,5.95,66.49,1445.31,35.05
5972,12,2025-10-26,80.91,4.28,51.38,1725.09,61.88
5973,13,2025-10-26,74.46,3.66,72.96,1421.92,56.36
5974,14,2025-10-26,81.36,5.99,79.54,1950.29,61.96
5975,15,2025-10-26,74.93,5.5,81.03,2008.06,72.61
5976,16,2025-10-26,83.05,4.6,88.02,2863.59,57.43
5977,17,2025-10-26,81.4,5.19,81.74,2718.29,76.95
5978,18,2025-10-26,58.44,2.4,87.84,2635.63,40.66
5979,19,2025-10-26,82.38,5.83,72.12,1862.0,57.12
5980,20,2025-10-26,81.74,5.85,49.15,2917.04,46.02
5981,1,2025-10-27,83.23,4.49,60.53,2955.38,35.28
5982,2,2025-10-27,84.96,6.54,77.35,1784.18,61.8
5983,3,2025-10-27,56.43,1.96,73.15,2121.09,39.91
5984,4,2025-10-27,82.0,1.8,76.48,2413.19,24.25
5985,5,2025-10-27,69.55,4.38,48.64,2555.19,72.17
5986,6,2025-10-27,67.59,2.83,87.74,1763.53,23.66
5987,7,2025-10-27,81.74,5.86,79.9,2143.59,51.22
5988,8,2025-10-27,80.51,1.73,77.34,1546.17,34.77
5989,9,2025-10-27,61.02,5.6,64.29,2216.2,20.98
5990,10,2025-10-27,74.03,7.57,90.71,1969.86,76.79
5991,11,2025-10-27,66.11,1.05,80.08,2700.76,46.7
5992,12,2025-10-27,71.71,1.25,49.99,2272.46,40.14
5993,13,2025-10-27,79.34,5.4,85.39,2538.68,67.79
5994,14,2025-10-27,78.78,6.75,67.32,1516.15,73.6
5995,15,2025-10-27,82.28,4.28,88.01,1318.14,66.03
5996,16,2025-10-27,86.6,6.37,63.55,1702.47,58.61
5997,17,2025-10-27,88.77,5.48,81.24,1893.14,76.62
5998,18,2025-10-27,83.42,5.85,72.64,1974.3,73.01
5999,19,2025-10-27,74.23,6.4,80.05,2070.18,62.67
6000,20,2025-10-27,67.58,3.69,52.1,1981.86,53.49
6001,1,2025-10-28,68.27,1.08,75.73,1225.4,69.31
6002,2,2025-10-28,84.08,5.6,70.55,2262.6,53.38
6003,3,2025-10-28,73.4,4.04,72.65,1899.77,40.02
6004,4,2025-10-28,56.31,4.95,61.93,2457.77,68.49
6005,5,2025-10-28,67.5,1.86,87.22,1805.38,38.32
6006,6,2025-10-28,81.65,5.41,45.37,2840.95,59.55
6007,7,2025-10-28,84.92,5.79,42.17,2340.54,53.68
6008,8,2025-10-28,68.02,1.13,60.78,1678.16,52.02
6009,9,2025-10-28,57.64,4.78,83.86,1340.69,42.88
6010,10,2025-10-28,72.77,5.64,70.63,2413.14,43.07
6011,11,2025-10-28,60.67,4.7,59.31,1699.25,64.8
6012,12,2025-10-28,78.51,1.48,55.1,2952.5,42.87
6013,13,2025-10-28,76.6,4.98,81.84,2433.61,60.4
6014,14,2025-10-28,79.45,4.44,73.72,2382.95,57.76
6015,15,2025-10-28,75.08,5.96,88.87,1378.5,38.92
6016,16,2025-10-28,88.43,4.71,89.22,1801.76,74.09
6017,17,2025-10-28,78.61,5.58,77.08,2985.65,74.84
6018,18,2025-10-28,60.48,1.57,68.46,2011.48,44.52
6019,19,2025-10-28,88.55,5.18,63.93,2277.15,48.96
6020,20,2025-10-28,57.08,2.55,60.59,1798.03,74.87
6021,1,2025-10-29,65.4,1.7,58.58,1959.57,64.07
6022,2,2025-10-29,76.12,3.79,68.01,2450.72,50.46
6023,3,2025-10-29,83.85,2.46,54.35,2254.9,48.68
6024,4,2025-10-29,81.58,2.05,88.03,1332.61,35.08
6025,5,2025-10-29,78.27,1.11,53.75,2520.87,32.76
6026,6,2025-10-29,65.1,3.75,41.95,1276.63,55.08
6027,7,2025-10-29,69.1,5.17,59.05,1537.53,66.42
6028,8,2025-10-29,84.34,2.73,65.11,2512.8,36.02
6029,9,2025-10-29,72.5,1.98,59.54,2338.69,70.96
6030,10,2025-10-29,78.88,5.28,68.97,2188.79,55.09
6031,11,2025-10-29,70.33,4.12,87.21,2873.19,25.97
6032,12,2025-10-29,72.69,2.18,87.75,1494.69,29.14
6033,13,2025-10-29,81.7,4.29,86.57,2148.86,63.01
6034,14,2025-10-29,80.12,5.19,84.89,2415.27,60.42
6035,15,2025-10-29,84.77,1.39,83.1,2879.18,20.95
6036,16,2025-10-29,86.12,5.03,88.52,2675.36,61.72
6037,17,2025-10-29,57.3,1.65,69.87,2565.18,31.5
6038,18,2025-10-29,68.74,3.61,65.52,1563.36,20.18
6039,19,2025-10-29,83.36,5.78,82.37,1451.86,77.16
6040,20,2025-10-29,56.56,4.76,66.66,2780.2,23.35
6041,1,2025-10-30,78.34,4.19,69.93,2327.88,30.84
6042,2,2025-10-30,85.38,4.6,78.24,2456.04,62.85
6043,3,2025-10-30,83.11,3.32,88.14,2847.95,25.76
6044,4,2025-10-30,72.23,5.42,71.3,2354.19,21.76
6045,5,2025-10-30,69.72,1.37,86.77,2201.8,74.34
6046,6,2025-10-30,67.93,5.53,57.51,1300.62,38.38
6047,7,2025-10-30,74.07,3.67,59.57,2087.54,40.53
6048,8,2025-10-30,59.04,3.29,55.88,2415.38,67.05
6049,9,2025-10-30,82.88,2.3,50.5,1368.49,54.51
6050,10,2025-10-30,82.2,3.94,80.65,2688.06,62.53
6051,11,2025-10-30,66.1,1.9,86.48,1292.78,21.37
6052,12,2025-10-30,63.85,5.73,70.31,1482.19,52.0
6053,13,2025-10-30,83.34,5.93,69.85,2256.23,55.05
6054,14,2025-10-30,71.41,5.46,88.74,1738.75,61.96
6055,15,2025-10-30,65.77,5.5,63.67,1407.53,38.48
6056,16,2025-10-30,83.58,3.41,68.35,1543.65,23.81
6057,17,2025-10-30,61.89,3.09,55.68,2035.13,73.6
6058,18,2025-10-30,84.3,5.55,72.96,2355.87,58.51
6059,19,2025-10-30,84.56,4.22,74.0,2348.98,52.26
6060,20,2025-10-30,70.0,2.69,76.07,2295.16,40.57
6061,1,2025-10-31,72.69,1.91,76.37,1692.05,70.97
6062,2,2025-10-31,81.66,4.25,95.84,1412.4,66.2
6063,3,2025-10-31,72.7,1.83,86.86,1656.77,38.78
6064,4,2025-10-31,77.77,3.76,83.88,2110.64,44.96
6065,5,2025-10-31,81.26,2.69,61.52,2559.96,37.94
6066,6,2025-10-31,61.99,1.98,78.99,2427.64,66.14
6067,7,2025-10-31,78.5,2.99,61.96,2619.61,63.16
6068,8,2025-10-31,81.35,3.7,50.71,1968.19,30.18
6069,9,2025-10-31,56.91,4.46,75.71,1913.74,69.58
6070,10,2025-10-31,91.0,5.82,69.2,3001.97,77.74
6071,11,2025-10-31,73.27,3.22,82.41,1528.8,37.55
6072,12,2025-10-31,83.05,2.37,69.77,1312.98,74.96
6073,13,2025-10-31,82.66,6.38,92.19,2037.4,53.2
6074,14,2025-10-31,88.24,5.03,89.74,2769.52,67.74
6075,15,2025-10-31,59.79,2.28,82.39,1504.6,49.14
6076,16,2025-10-31,80.19,4.62,80.71,1693.89,64.73
6077,17,2025-10-31,59.15,1.16,66.07,2250.74,71.79
6078,18,2025-10-31,57.19,1.81,88.45,2244.93,30.7
6079,19,2025-10-31,84.33,7.54,65.96,2488.15,55.17
6080,20,2025-10-31,70.69,2.99,66.61,2622.72,47.48
6081,1,2025-11-01,57.93,1.87,65.47,1452.88,51.14
6082,2,2025-11-01,79.55,1.56,69.53,1968.12,58.51
6083,3,2025-11-01,76.32,1.15,80.14,2796.8,54.26
6084,4,2025-11-01,69.24,5.22,67.16,2170.82,52.02
6085,5,2025-11-01,76.59,3.91,86.09,1970.12,63.4
6086,6,2025-11-01,80.3,1.88,72.4,2461.33,71.86
6087,7,2025-11-01,80.49,5.32,84.39,2686.91,48.9
6088,8,2025-11-01,62.44,2.83,62.1,1896.67,57.18
6089,9,2025-11-01,65.96,5.26,62.95,1374.84,24.7
6090,10,2025-11-01,78.39,6.15,76.4,2288.02,63.72
6091,11,2025-11-01,58.6,1.82,66.82,2771.96,40.54
6092,12,2025-11-01,66.59,2.01,65.0,1594.72,32.96
6093,13,2025-11-01,74.85,1.73,75.53,2475.25,73.94
6094,14,2025-11-01,73.0,4.8,85.73,1263.61,70.32
6095,15,2025-11-01,81.01,1.23,75.79,2124.76,54.32
6096,16,2025-11-01,73.15,1.51,86.62,2871.47,70.54
6097,17,2025-11-01,71.22,2.27,44.07,2879.65,74.39
6098,18,2025-11-01,69.71,4.48,43.62,2522.76,28.92
6099,19,2025-11-01,78.55,6.86,95.04,2820.61,53.66
6100,20,2025-11-01,84.19,5.71,84.2,1642.58,45.76
6101,1,2025-11-02,77.09,3.91,80.84,2213.39,71.49
6102,2,2025-11-02,57.39,1.52,44.1,1247.42,32.6
6103,3,2025-11-02,67.61,1.45,77.67,2279.28,42.27
6104,4,2025-11-02,85.18,5.04,83.82,2098.21,53.42
6105,5,2025-11-02,81.47,5.32,79.44,1956.48,46.43
6106,6,2025-11-02,83.01,4.78,77.1,1504.71,60.76
6107,7,2025-11-02,89.94,5.54,66.42,2501.1,73.97
6108,8,2025-11-02,73.63,3.77,52.95,1976.39,48.58
6109,9,2025-11-02,77.05,5.12,65.01,1703.54,37.82
6110,10,2025-11-02,71.26,5.62,72.52,1430.49,42.43
6111,11,2025-11-02,58.8,2.89,80.84,2777.36,45.84
6112,12,2025-11-02,58.19,2.33,73.86,2952.73,47.62
6113,13,2025-11-02,75.15,4.43,82.5,2605.68,65.1
6114,14,2025-11-02,81.79,6.49,81.14,2443.34,65.52
6115,15,2025-11-02,81.62,4.33,50.7,2102.67,69.83
6116,16,2025-11-02,62.98,1.59,43.38,2837.39,27.35
6117,17,2025-11-02,79.18,1.33,40.34,2517.85,59.81
6118,18,2025-11-02,70.82,1.75,64.36,1879.6,70.13
6119,19,2025-11-02,60.73,3.83,68.02,1583.11,47.0
6120,20,2025-11-02,83.89,4.29,75.6,2021.39,56.16
6121,1,2025-11-03,68.51,2.06,44.35,2863.95,65.11
6122,2,2025-11-03,65.21,1.68,73.76,2413.05,33.16
6123,3,2025-11-03,56.12,5.63,43.62,2535.18,61.13
6124,4,2025-11-03,74.47,4.49,78.87,1804.32,62.13
6125,5,2025-11-03,86.8,3.4,75.27,1323.5,64.6
6126,6,2025-11-03,78.32,3.39,83.42,2144.09,47.16
6127,7,2025-11-03,79.06,6.9,92.82,1611.0,53.11
6128,8,2025-11-03,70.51,3.72,70.41,2829.88,45.47
6129,9,2025-11-03,60.55,3.1,88.66,2067.13,35.08
6130,10,2025-11-03,66.67,4.51,49.12,2743.41,40.65
6131,11,2025-11-03,75.65,2.02,62.6,1804.54,61.2
6132,12,2025-11-03,62.77,2.78,64.17,2455.19,63.85
6133,13,2025-11-03,70.95,4.5,80.53,1362.57,52.24
6134,14,2025-11-03,81.65,6.5,71.77,2292.88,73.25
6135,15,2025-11-03,80.6,5.85,72.14,2980.05,20.93
6136,16,2025-11-03,64.96,5.86,52.94,2240.4,54.43
6137,17,2025-11-03,80.97,3.86,44.79,2198.87,26.6
6138,18,2025-11-03,66.83,1.83,53.77,2803.78,67.17
6139,19,2025-11-03,77.99,3.0,54.54,1781.98,52.49
6140,20,2025-11-03,76.02,4.74,66.72,2237.13,57.16
6141,1,2025-11-04,69.79,3.98,47.84,1875.78,36.63
6142,2,2025-11-04,80.69,5.5,76.44,1375.04,45.5
6143,3,2025-11-04,71.29,4.29,82.46,2141.2,60.52
6144,4,2025-11-04,82.87,5.28,83.0,1498.37,53.57
6145,5,2025-11-04,85.23,4.08,87.17,1981.25,51.05
6146,6,2025-11-04,85.68,4.49,79.58,2788.54,57.87
6147,7,2025-11-04,85.57,6.06,82.75,2120.1,68.65
6148,8,2025-11-04,72.47,3.69,66.67,2306.15,57.8
6149,9,2025-11-04,82.89,1.32,56.77,2380.62,64.86
6150,10,2025-11-04,61.88,2.68,71.44,2495.16,35.85
6151,11,2025-11-04,59.94,3.12,60.16,1520.09,56.14
6152,12,2025-11-04,67.77,5.47,59.6,2607.9,70.45
6153,13,2025-11-04,71.4,5.0,74.87,1696.21,42.11
6154,14,2025-11-04,58.95,1.45,41.69,2606.99,68.27
6155,15,2025-11-04,80.84,2.68,83.63,1657.72,28.32
6156,16,2025-11-04,83.45,4.31,65.22,1822.02,63.39
6157,17,2025-11-04,67.19,4.66,65.35,2119.61,64.34
6158,18,2025-11-04,80.86,1.13,74.12,2870.87,58.14
6159,19,2025-11-04,59.69,1.14,75.18,1396.7,60.68
6160,20,2025-11-04,82.29,5.23,70.72,1469.88,67.48
6161,1,2025-11-05,58.83,2.04,55.15,2205.46,42.33
6162,2,2025-11-05,61.87,3.12,41.66,2295.0,40.22
6163,3,2025-11-05,82.63,2.72,89.5,2214.51,68.53
6164,4,2025-11-05,91.95,5.79,87.22,2201.49,66.79
6165,5,2025-11-05,74.93,5.53,88.88,2281.94,68.91
6166,6,2025-11-05,85.16,3.45,88.48,1723.44,59.54
6167,7,2025-11-05,90.81,5.5,71.34,1599.73,53.69
6168,8,2025-11-05,80.69,3.64,90.14,2827.55,62.8
6169,9,2025-11-05,78.36,4.86,84.27,2483.7,41.56
6170,10,2025-11-05,72.26,2.42,60.8,2808.87,66.61
6171,11,2025-11-05,76.12,1.31,54.1,1806.92,48.06
6172,12,2025-11-05,66.22,5.15,83.5,2394.44,20.38
6173,13,2025-11-05,77.35,5.28,79.55,2306.31,56.87
6174,14,2025-11-05,79.64,2.95,83.29,1930.46,65.33
6175,15,2025-11-05,76.83,2.7,44.86,1619.1,40.03
6176,16,2025-11-05,72.38,5.08,59.21,1783.7,54.17
6177,17,2025-11-05,77.37,3.77,67.75,2742.41,60.25
6178,18,2025-11-05,67.75,2.47,42.83,1296.22,74.38
6179,19,2025-11-05,74.83,1.33,63.49,1480.91,50.98
6180,20,2025-11-05,88.45,5.3,81.27,1969.83,48.1
6181,1,2025-11-06,61.09,2.42,68.67,1990.35,68.48
6182,2,2025-11-06,74.92,1.26,72.64,2911.32,64.92
6183,3,2025-11-06,83.94,1.2,84.13,1608.5,32.06
6184,4,2025-11-06,93.63,7.49,73.74,1778.18,60.24
6185,5,2025-11-06,90.54,6.77,94.73,2323.35,69.32
6186,6,2025-11-06,87.53,6.14,85.62,2131.41,64.17
6187,7,2025-11-06,56.48,5.75,54.84,2470.69,65.76
6188,8,2025-11-06,71.02,5.63,72.74,2069.85,67.87
6189,9,2025-11-06,70.38,5.76,85.29,1548.91,44.24
6190,10,2025-11-06,63.35,4.87,44.57,2052.65,40.22
6191,11,2025-11-06,76.11,3.15,64.53,1402.77,46.59
6192,12,2025-11-06,63.73,1.78,43.3,1815.91,25.62
6193,13,2025-11-06,86.2,6.31,76.72,1485.99,60.05
6194,14,2025-11-06,60.71,4.08,58.54,1380.29,25.15
6195,15,2025-11-06,78.93,4.15,68.42,1971.12,49.77
6196,16,2025-11-06,85.49,3.98,62.68,2624.87,52.58
6197,17,2025-11-06,64.38,3.33,76.08,1264.89,41.75
6198,18,2025-11-06,84.87,1.68,60.68,2114.88,40.01
6199,19,2025-11-06,68.04,5.77,45.47,1314.53,54.05
6200,20,2025-11-06,75.97,6.75,67.69,1607.6,62.02
6201,1,2025-11-07,65.28,3.17,49.16,1855.13,51.25
6202,2,2025-11-07,81.15,3.5,85.04,1529.9,54.65
6203,3,2025-11-07,69.11,2.37,73.54,1728.47,48.49
6204,4,2025-11-07,59.91,5.12,75.8,2114.85,30.4
6205,5,2025-11-07,75.1,4.42,65.0,2013.45,64.07
6206,6,2025-11-07,74.22,4.34,89.35,2467.61,77.12
6207,7,2025-11-07,71.26,3.25,43.31,1460.73,72.3
6208,8,2025-11-07,84.8,4.79,90.08,2336.57,43.83
6209,9,2025-11-07,75.26,5.2,78.94,2372.99,57.58
6210,10,2025-11-07,59.67,1.83,71.71,2601.07,54.83
6211,11,2025-11-07,65.77,1.17,87.85,2106.59,69.39
6212,12,2025-11-07,64.14,3.12,54.0,2319.44,37.63
6213,13,2025-11-07,84.89,6.43,79.92,2280.45,59.7
6214,14,2025-11-07,66.41,3.74,52.07,1819.18,35.77
6215,15,2025-11-07,82.32,4.63,60.23,1901.61,37.76
6216,16,2025-11-07,76.72,6.02,78.52,2319.04,69.09
6217,17,2025-11-07,77.75,1.31,86.55,2049.13,57.62
6218,18,2025-11-07,62.56,4.72,68.86,2614.1,73.3
6219,19,2025-11-07,65.03,4.52,77.94,2668.08,26.8
6220,20,2025-11-07,87.12,3.84,76.39,2598.96,68.29
6221,1,2025-11-08,80.05,3.13,84.64,2831.19,63.12
6222,2,2025-11-08,74.44,3.26,46.97,2902.13,61.79
6223,3,2025-11-08,72.24,2.03,73.94,2350.86,28.14
6224,4,2025-11-08,74.14,4.01,71.8,1647.32,74.1
6225,5,2025-11-08,75.97,6.69,70.68,2534.1,76.67
6226,6,2025-11-08,86.26,5.69,65.08,1650.18,61.66
6227,7,2025-11-08,75.64,3.97,68.98,2299.41,43.05
6228,8,2025-11-08,89.37,6.55,72.77,1560.77,59.45
6229,9,2025-11-08,80.28,6.32,90.25,1546.05,59.4
6230,10,2025-11-08,67.79,2.8,58.96,2319.05,63.78
6231,11,2025-11-08,59.97,4.03,58.22,1578.02,27.11
6232,12,2025-11-08,73.06,4.25,60.89,2013.8,69.09
6233,13,2025-11-08,80.0,5.53,86.27,1851.76,65.04
6234,14,2025-11-08,74.95,3.82,72.11,1669.69,52.33
6235,15,2025-11-08,69.12,5.11,86.49,1569.45,22.92
6236,16,2025-11-08,79.0,6.87,75.12,1261.3,61.06
6237,17,2025-11-08,60.69,3.83,60.24,2055.97,27.79
6238,18,2025-11-08,79.91,2.01,62.17,1420.53,71.58
6239,19,2025-11-08,82.75,3.88,74.22,2534.45,65.43
6240,20,2025-11-08,73.04,4.81,90.42,2499.59,63.79
6241,1,2025-11-09,56.1,3.71,55.3,1982.49,40.68
6242,2,2025-11-09,73.73,4.38,59.82,1756.09,34.91
6243,3,2025-11-09,80.62,4.97,62.01,2340.79,38.63
6244,4,2025-11-09,76.97,2.38,65.06,1609.37,48.35
6245,5,2025-11-09,88.53,7.39,83.65,1668.89,54.37
6246,6,2025-11-09,66.7,2.46,66.34,2761.83,46.17
6247,7,2025-11-09,74.74,5.69,82.79,2776.8,63.47
6248,8,2025-11-09,83.96,4.11,89.38,2412.8,82.35
6249,9,2025-11-09,80.55,5.75,76.55,1860.45,51.79
6250,10,2025-11-09,82.12,5.55,76.58,1749.36,43.98
6251,11,2025-11-09,70.74,5.33,63.27,1688.47,72.78
6252,12,2025-11-09,66.54,2.46,74.25,2155.59,32.91
6253,13,2025-11-09,66.77,4.68,74.3,1405.49,74.57
6254,14,2025-11-09,80.28,4.12,78.5,2853.68,42.11
6255,15,2025-11-09,70.51,4.37,59.49,2324.78,57.91
6256,16,2025-11-09,78.09,4.07,85.91,2267.45,70.76
6257,17,2025-11-09,66.73,5.04,76.38,2531.9,49.62
6258,18,2025-11-09,72.89,2.64,79.06,2427.62,50.99
6259,19,2025-11-09,73.59,3.36,56.27,2761.49,72.51
6260,20,2025-11-09,89.86,4.87,68.11,1951.88,54.78
6261,1,2025-11-10,58.57,5.67,80.17,1949.07,27.03
6262,2,2025-11-10,62.11,2.03,82.08,2413.12,26.04
6263,3,2025-11-10,69.96,3.9,41.74,2014.13,70.65
6264,4,2025-11-10,75.4,4.21,83.4,2530.23,52.15
6265,5,2025-11-10,78.14,7.07,69.02,1681.66,64.66
6266,6,2025-11-10,60.94,4.07,48.45,1236.26,40.16
6267,7,2025-11-10,78.78,3.2,76.27,2296.77,63.22
6268,8,2025-11-10,84.06,1.27,65.24,2556.12,54.46
6269,9,2025-11-10,76.29,6.2,84.73,1751.73,76.53
6270,10,2025-11-10,78.99,4.9,79.84,2379.64,52.06
6271,11,2025-11-10,60.98,3.7,70.61,1532.98,61.48
6272,12,2025-11-10,66.15,2.2,73.79,2973.04,36.05
6273,13,2025-11-10,55.65,1.85,44.71,1577.73,22.74
6274,14,2025-11-10,77.12,3.77,83.94,2662.67,45.87
6275,15,2025-11-10,83.11,3.95,52.27,1594.54,71.56
6276,16,2025-11-10,81.33,6.48,88.04,2364.37,74.55
6277,17,2025-11-10,58.35,2.37,48.01,1947.28,55.83
6278,18,2025-11-10,74.47,4.05,79.72,2045.13,39.91
6279,19,2025-11-10,63.51,1.41,41.14,2371.97,26.71
6280,20,2025-11-10,77.9,5.13,94.0,2510.36,51.47
6281,1,2025-11-11,79.6,4.68,59.97,2266.45,47.53
6282,2,2025-11-11,66.31,4.62,74.9,1773.15,55.43
6283,3,2025-11-11,77.07,2.22,59.03,1993.88,66.17
6284,4,2025-11-11,72.93,3.84,58.53,2760.54,74.23
6285,5,2025-11-11,81.86,5.31,88.06,1901.69,51.48
6286,6,2025-11-11,82.65,5.63,89.82,1675.37,51.69
6287,7,2025-11-11,73.82,5.67,68.73,2115.7,56.55
6288,8,2025-11-11,78.1,4.77,43.44,2465.2,29.97
6289,9,2025-11-11,91.68,5.2,87.59,1728.03,67.59
6290,10,2025-11-11,82.41,5.1,87.75,1824.59,53.71
6291,11,2025-11-11,58.14,4.99,76.09,2958.25,58.25
6292,12,2025-11-11,64.12,2.18,58.16,1761.59,21.62
6293,13,2025-11-11,65.25,2.5,84.39,1350.08,44.34
6294,14,2025-11-11,76.41,5.1,67.76,2510.37,59.66
6295,15,2025-11-11,79.3,5.7,45.03,2856.65,52.74
6296,16,2025-11-11,80.38,4.71,81.59,1528.15,47.76
6297,17,2025-11-11,79.39,3.56,52.58,1400.57,70.08
6298,18,2025-11-11,72.06,3.53,62.02,2243.72,64.52
6299,19,2025-11-11,60.48,4.95,44.93,2388.04,38.79
6300,20,2025-11-11,95.05,6.75,86.15,2739.94,52.62
6301,1,2025-11-12,69.7,3.96,74.78,2485.78,58.71
6302,2,2025-11-12,68.33,5.21,76.26,2511.16,58.69
6303,3,2025-11-12,71.37,5.28,72.32,2374.5,53.78
6304,4,2025-11-12,56.82,5.92,75.78,2513.09,70.81
6305,5,2025-11-12,88.92,6.48,87.96,2510.64,65.17
6306,6,2025-11-12,79.35,1.17,82.89,1284.45,37.66
6307,7,2025-11-12,78.03,6.37,81.36,1865.34,74.91
6308,8,2025-11-12,62.38,3.72,41.59,2170.97,46.9
6309,9,2025-11-12,78.73,6.46,93.34,2617.09,57.76
6310,10,2025-11-12,87.62,6.05,85.83,1779.3,74.25
6311,11,2025-11-12,79.11,5.43,64.83,1665.34,68.92
6312,12,2025-11-12,73.88,4.12,85.15,1905.89,49.71
6313,13,2025-11-12,59.65,5.46,46.65,2417.01,57.08
6314,14,2025-11-12,79.88,5.0,78.49,1924.9,73.26
6315,15,2025-11-12,56.09,2.79,81.99,2435.51,39.03
6316,16,2025-11-12,79.86,4.88,84.63,2462.68,64.93
6317,17,2025-11-12,68.48,1.05,72.67,1850.62,59.47
6318,18,2025-11-12,75.56,5.75,66.62,2370.73,48.98
6319,19,2025-11-12,72.69,1.48,63.57,1266.04,31.07
6320,20,2025-11-12,70.75,1.38,80.25,1419.95,43.71
6321,1,2025-11-13,84.28,4.74,82.34,1809.11,49.03
6322,2,2025-11-13,83.35,3.45,69.4,2389.94,42.73
6323,3,2025-11-13,83.0,2.84,81.1,2256.58,55.59
6324,4,2025-11-13,58.89,4.7,56.33,2220.58,38.07
6325,5,2025-11-13,81.37,3.53,68.65,2828.76,59.48
6326,6,2025-11-13,76.6,2.22,83.68,2517.29,49.92
6327,7,2025-11-13,77.0,5.5,71.94,1871.67,61.1
6328,8,2025-11-13,69.43,4.85,74.55,2403.73,65.82
6329,9,2025-11-13,80.52,4.21,78.92,1882.78,50.76
6330,10,2025-11-13,73.72,4.63,88.87,1595.54,71.35
6331,11,2025-11-13,63.13,4.34,84.89,2296.97,53.21
6332,12,2025-11-13,79.38,3.5,64.47,2104.52,65.8
6333,13,2025-11-13,82.89,4.9,79.22,1404.25,66.2
6334,14,2025-11-13,77.58,7.08,83.14,1533.21,60.71
6335,15,2025-11-13,72.28,4.89,59.64,2423.16,38.84
6336,16,2025-11-13,85.1,4.86,79.56,2455.61,50.8
6337,17,2025-11-13,58.51,5.12,65.34,1967.82,55.24
6338,18,2025-11-13,85.77,4.75,77.96,1927.43,66.62
6339,19,2025-11-13,69.88,4.84,44.44,1939.85,38.73
6340,20,2025-11-13,70.23,4.31,52.79,2455.96,31.47
6341,1,2025-11-14,79.51,6.12,64.49,1828.4,42.26
6342,2,2025-11-14,79.0,4.16,88.12,1474.13,66.47
6343,3,2025-11-14,81.32,5.51,70.83,1764.02,68.56
6344,4,2025-11-14,60.05,3.27,55.02,2395.26,37.73
6345,5,2025-11-14,74.58,4.45,79.05,2037.1,45.68
6346,6,2025-11-14,60.47,1.49,49.3,1450.28,32.91
6347,7,2025-11-14,91.75,7.1,74.32,2084.73,77.73
6348,8,2025-11-14,73.86,5.0,64.02,2502.45,39.76
6349,9,2025-11-14,83.96,4.35,94.94,1687.57,76.87
6350,10,2025-11-14,93.15,6.59,82.75,1851.58,54.51
6351,11,2025-11-14,68.73,3.84,70.23,1745.17,24.55
6352,12,2025-11-14,74.64,5.26,63.77,1782.3,69.15
6353,13,2025-11-14,77.9,2.18,48.97,2902.83,20.37
6354,14,2025-11-14,84.69,7.02,69.01,1255.82,55.15
6355,15,2025-11-14,73.56,2.64,87.42,2064.74,68.2
6356,16,2025-11-14,69.48,2.48,41.0,2307.7,27.74
6357,17,2025-11-14,56.6,1.11,55.86,2534.72,50.26
6358,18,2025-11-14,88.13,4.9,70.94,1913.45,53.61
6359,19,2025-11-14,58.78,1.58,84.12,1442.37,51.02
6360,20,2025-11-14,68.07,2.71,65.98,2334.61,47.11
6361,1,2025-11-15,85.59,6.73,84.29,2176.63,59.98
6362,2,2025-11-15,82.26,4.48,78.77,1598.31,45.6
6363,3,2025-11-15,72.21,4.45,70.89,1473.91,63.66
6364,4,2025-11-15,77.57,1.61,62.89,1969.33,37.11
6365,5,2025-11-15,75.2,6.04,64.32,1454.77,72.69
6366,6,2025-11-15,58.66,3.98,76.46,2407.8,44.37
6367,7,2025-11-15,65.16,4.11,54.84,2914.08,69.25
6368,8,2025-11-15,79.36,3.87,83.0,2705.48,43.8
6369,9,2025-11-15,77.91,5.06,77.24,2333.91,47.47
6370,10,2025-11-15,71.51,2.16,67.52,1596.99,29.24
6371,11,2025-11-15,65.99,2.96,79.46,1733.81,30.95
6372,12,2025-11-15,82.3,4.69,78.94,1579.76,66.42
6373,13,2025-11-15,82.45,4.52,79.47,2292.09,39.6
6374,14,2025-11-15,64.76,3.24,55.65,2620.27,49.11
6375,15,2025-11-15,75.71,4.29,62.96,2689.65,57.02
6376,16,2025-11-15,81.15,2.24,68.56,2223.63,57.96
6377,17,2025-11-15,55.08,5.47,88.56,2884.46,26.79
6378,18,2025-11-15,79.53,6.02,83.81,2676.16,70.5
6379,19,2025-11-15,73.23,3.37,42.96,1525.76,57.13
6380,20,2025-11-15,68.01,1.29,57.61,1310.03,66.56
6381,1,2025-11-16,77.69,5.38,67.4,2711.32,68.37
6382,2,2025-11-16,84.52,6.6,77.63,1901.42,58.2
6383,3,2025-11-16,75.03,6.19,81.34,1746.84,76.18
6384,4,2025-11-16,63.01,4.48,59.8,1361.58,73.12
6385,5,2025-11-16,81.15,6.4,69.16,2210.84,54.72
6386,6,2025-11-16,70.68,3.87,66.95,2836.9,36.47
6387,7,2025-11-16,71.85,3.68,62.97,2619.88,39.8
6388,8,2025-11-16,82.82,4.39,74.67,1648.58,47.19
6389,9,2025-11-16,73.66,5.31,62.6,2538.39,55.01
6390,10,2025-11-16,55.62,2.22,75.6,2010.84,43.29
6391,11,2025-11-16,70.58,3.45,69.49,1598.76,53.04
6392,12,2025-11-16,75.91,5.74,70.74,1958.56,63.84
6393,13,2025-11-16,81.42,5.48,44.29,2814.42,25.36
6394,14,2025-11-16,79.48,3.42,70.05,2836.26,63.79
6395,15,2025-11-16,84.77,4.17,69.22,1606.38,43.35
6396,16,2025-11-16,68.34,1.75,86.27,2437.91,58.66
6397,17,2025-11-16,68.86,2.93,60.31,2838.46,33.34
6398,18,2025-11-16,87.0,5.98,67.58,1550.25,46.24
6399,19,2025-11-16,65.74,2.95,69.05,2894.9,49.55
6400,20,2025-11-16,63.46,1.67,50.19,1725.74,23.16
6401,1,2025-11-17,92.33,6.54,89.74,1423.97,75.01
6402,2,2025-11-17,82.58,4.35,76.27,2636.57,64.79
6403,3,2025-11-17,74.21,5.75,69.27,2184.14,62.93
6404,4,2025-11-17,84.99,4.95,49.73,1809.23,57.87
6405,5,2025-11-17,93.46,4.17,81.24,2134.79,53.19
6406,6,2025-11-17,59.02,2.01,53.07,1941.83,36.13
6407,7,2025-11-17,70.17,5.43,88.12,2791.8,48.56
6408,8,2025-11-17,75.2,4.51,91.06,2560.35,54.14
6409,9,2025-11-17,82.13,4.56,90.36,2502.99,52.5
6410,10,2025-11-17,73.66,3.49,60.5,2726.82,55.3
6411,11,2025-11-17,78.58,1.29,70.98,2847.05,21.68
6412,12,2025-11-17,90.01,5.81,70.06,2972.06,51.84
6413,13,2025-11-17,74.26,4.72,82.4,2190.22,48.96
6414,14,2025-11-17,76.14,3.15,83.94,1652.35,47.66
6415,15,2025-11-17,77.35,5.8,92.69,2112.45,70.09
6416,16,2025-11-17,57.69,2.58,88.44,1547.36,66.18
6417,17,2025-11-17,68.52,5.87,55.67,1739.59,23.9
6418,18,2025-11-17,74.84,4.07,77.01,1681.05,56.56
6419,19,2025-11-17,74.53,5.27,70.19,1871.07,46.29
6420,20,2025-11-17,77.83,4.84,65.36,1746.18,20.18
6421,1,2025-11-18,58.33,5.14,57.82,1454.15,29.24
6422,2,2025-11-18,74.9,4.99,79.91,1557.85,67.68
6423,3,2025-11-18,80.47,4.83,72.32,2780.82,58.39
6424,4,2025-11-18,60.79,1.2,62.18,1543.13,40.21
6425,5,2025-11-18,62.07,3.05,43.96,2826.75,24.98
6426,6,2025-11-18,69.43,4.81,63.99,2698.34,49.47
6427,7,2025-11-18,69.84,3.54,84.42,1588.81,48.01
6428,8,2025-11-18,85.95,5.06,87.26,2111.74,63.67
6429,9,2025-11-18,83.89,4.13,84.29,1906.03,59.75
6430,10,2025-11-18,81.4,2.96,66.94,1333.02,25.01
6431,11,2025-11-18,70.9,1.27,58.57,1817.63,71.26
6432,12,2025-11-18,88.98,5.9,69.45,1648.19,62.91
6433,13,2025-11-18,77.9,3.61,70.56,1757.72,56.57
6434,14,2025-11-18,73.14,4.88,62.61,2478.67,44.71
6435,15,2025-11-18,81.69,6.56,81.18,2044.8,49.92
6436,16,2025-11-18,68.98,4.82,60.08,1378.51,55.77
6437,17,2025-11-18,82.68,3.31,59.0,2581.32,55.49
6438,18,2025-11-18,81.28,6.62,86.88,2109.16,71.79
6439,19,2025-11-18,77.76,4.91,80.65,2773.04,44.83
6440,20,2025-11-18,80.63,2.09,74.41,2335.16,48.91
6441,1,2025-11-19,71.57,5.09,77.44,2998.89,70.68
6442,2,2025-11-19,81.36,4.8,66.35,2792.81,75.62
6443,3,2025-11-19,58.71,1.02,47.32,2791.75,40.11
6444,4,2025-11-19,62.18,3.89,89.22,2344.6,62.45
6445,5,2025-11-19,70.7,4.48,51.17,1441.32,67.11
6446,6,2025-11-19,76.79,3.24,87.67,2395.7,49.64
6447,7,2025-11-19,80.41,3.6,74.84,1714.41,64.28
6448,8,2025-11-19,84.94,4.91,70.28,2535.93,54.8
6449,9,2025-11-19,92.71,7.01,86.36,1907.87,64.87
6450,10,2025-11-19,62.21,4.48,74.34,2498.52,72.97
6451,11,2025-11-19,57.46,3.81,76.62,1585.25,23.84
6452,12,2025-11-19,81.57,5.43,63.84,1609.08,51.05
6453,13,2025-11-19,71.58,3.76,63.63,1647.25,66.55
6454,14,2025-11-19,75.15,4.0,66.33,2025.91,53.27
6455,15,2025-11-19,86.44,7.04,92.36,1374.17,73.16
6456,16,2025-11-19,74.86,3.12,50.54,2868.02,54.33
6457,17,2025-11-19,60.23,3.64,89.92,1216.73,65.33
6458,18,2025-11-19,84.25,7.08,87.76,2608.34,78.44
6459,19,2025-11-19,69.81,5.16,66.23,1643.19,58.06
6460,20,2025-11-19,62.71,5.99,53.98,2376.72,52.07
6461,1,2025-11-20,68.25,5.1,74.41,2426.9,38.51
6462,2,2025-11-20,80.28,5.6,67.68,2781.32,59.47
6463,3,2025-11-20,59.25,5.34,77.99,2010.82,70.97
6464,4,2025-11-20,77.29,1.08,40.81,1628.79,33.19
6465,5,2025-11-20,82.87,2.56,85.72,2286.53,58.64
6466,6,2025-11-20,64.87,5.25,51.08,2807.34,50.83
6467,7,2025-11-20,88.99,6.09,73.62,2067.74,72.64
6468,8,2025-11-20,64.25,4.93,70.63,2345.6,36.48
6469,9,2025-11-20,73.02,5.04,52.34,2733.14,22.87
6470,10,2025-11-20,56.72,3.33,85.66,2606.4,52.59
6471,11,2025-11-20,74.58,5.4,54.2,2206.09,22.17
6472,12,2025-11-20,80.34,4.22,66.58,2566.97,73.42
6473,13,2025-11-20,76.08,6.4,88.89,1718.73,56.51
6474,14,2025-11-20,74.38,5.19,84.74,1782.88,60.83
6475,15,2025-11-20,71.12,5.98,76.36,2118.7,57.38
6476,16,2025-11-20,61.13,2.99,86.03,2109.15,68.61
6477,17,2025-11-20,80.65,2.0,64.92,2903.24,52.58
6478,18,2025-11-20,66.15,5.84,55.07,2423.77,70.7
6479,19,2025-11-20,76.56,3.47,90.2,1620.78,71.56
6480,20,2025-11-20,60.29,5.51,82.45,2420.1,49.65
6481,1,2025-11-21,55.23,2.21,88.86,1269.02,30.7
6482,2,2025-11-21,79.89,7.3,97.7,2438.75,45.29
6483,3,2025-11-21,81.97,4.59,57.08,1283.66,64.22
6484,4,2025-11-21,71.73,3.35,59.76,2769.5,27.89
6485,5,2025-11-21,58.05,5.51,57.55,1433.84,20.52
6486,6,2025-11-21,72.21,5.61,89.92,2708.24,38.33
6487,7,2025-11-21,78.22,5.34,80.79,1730.5,57.64
6488,8,2025-11-21,75.42,4.96,75.46,2448.66,47.03
6489,9,2025-11-21,63.89,4.41,58.72,1580.25,60.92
6490,10,2025-11-21,78.6,1.15,50.19,2357.31,56.39
6491,11,2025-11-21,70.34,5.51,73.55,2926.38,46.59
6492,12,2025-11-21,87.42,4.37,77.68,1819.94,50.08
6493,13,2025-11-21,87.76,5.84,87.01,1750.7,68.34
6494,14,2025-11-21,73.94,3.55,93.11,2649.18,55.63
6495,15,2025-11-21,72.22,3.74,67.11,2178.05,68.68
6496,16,2025-11-21,62.09,2.89,72.84,2255.79,72.51
6497,17,2025-11-21,81.43,3.52,56.46,1266.56,43.95
6498,18,2025-11-21,66.49,2.25,72.53,2891.09,45.26
6499,19,2025-11-21,82.52,6.41,84.05,1850.25,57.69
6500,20,2025-11-21,70.24,2.34,84.38,1488.37,33.0
6501,1,2025-11-22,82.63,2.14,89.04,2864.24,73.53
6502,2,2025-11-22,73.0,2.91,81.1,1868.04,66.86
6503,3,2025-11-22,57.02,5.81,44.16,2603.61,36.2
6504,4,2025-11-22,83.42,4.22,55.47,2342.04,39.99
6505,5,2025-11-22,60.77,5.99,52.88,2738.83,57.81
6506,6,2025-11-22,74.25,5.57,67.08,2553.6,24.07
6507,7,2025-11-22,87.99,7.04,89.61,2392.37,71.64
6508,8,2025-11-22,74.16,5.8,61.25,2718.41,64.36
6509,9,2025-11-22,81.32,2.46,77.19,2857.06,55.24
6510,10,2025-11-22,67.74,1.17,83.9,1805.73,62.05
6511,11,2025-11-22,77.32,4.57,87.81,1824.7,59.77
6512,12,2025-11-22,78.65,7.36,67.63,1644.98,60.84
6513,13,2025-11-22,83.77,6.38,90.88,2353.9,52.29
6514,14,2025-11-22,87.05,5.09,85.03,2587.93,63.53
6515,15,2025-11-22,78.16,2.12,58.36,2193.68,62.86
6516,16,2025-11-22,61.22,3.67,65.11,1401.22,52.51
6517,17,2025-11-22,66.5,3.2,57.23,2211.42,62.91
6518,18,2025-11-22,75.04,1.68,70.19,2670.58,37.05
6519,19,2025-11-22,87.53,3.93,79.35,1978.52,52.04
6520,20,2025-11-22,63.36,1.94,64.93,1960.09,28.31
6521,1,2025-11-23,61.51,3.17,40.61,1465.59,35.68
6522,2,2025-11-23,81.16,3.93,65.42,1782.65,56.45
6523,3,2025-11-23,72.53,4.86,64.98,1321.2,54.34
6524,4,2025-11-23,70.86,5.3,73.72,2491.63,41.86
6525,5,2025-11-23,81.65,2.05,68.3,2750.76,74.85
6526,6,2025-11-23,84.48,2.56,53.58,1403.92,72.43
6527,7,2025-11-23,77.2,3.87,62.92,2384.96,24.14
6528,8,2025-11-23,74.44,4.0,80.5,1881.82,68.02
6529,9,2025-11-23,79.54,1.42,65.41,1385.6,69.3
6530,10,2025-11-23,81.98,2.49,63.91,2743.43,43.08
6531,11,2025-11-23,67.17,4.5,49.52,2383.17,37.91
6532,12,2025-11-23,81.45,5.63,96.34,1536.03,75.99
6533,13,2025-11-23,85.83,5.94,86.2,2065.95,72.22
6534,14,2025-11-23,79.51,5.85,89.1,2331.9,82.03
6535,15,2025-11-23,70.88,5.81,80.13,1208.15,27.73
6536,16,2025-11-23,71.88,4.26,41.24,1821.57,42.47
6537,17,2025-11-23,62.39,5.6,82.85,1286.26,51.83
6538,18,2025-11-23,67.24,4.76,83.5,1997.92,70.94
6539,19,2025-11-23,80.47,6.57,90.7,1734.26,62.64
6540,20,2025-11-23,82.23,2.87,89.74,1283.75,47.11
6541,1,2025-11-24,77.04,3.69,82.43,2153.89,61.49
6542,2,2025-11-24,73.84,6.29,64.17,1838.2,49.17
6543,3,2025-11-24,74.49,3.72,77.33,2632.63,53.91
6544,4,2025-11-24,77.99,1.95,67.23,2205.22,28.8
6545,5,2025-11-24,59.16,2.75,79.07,1691.05,58.15
6546,6,2025-11-24,64.83,1.29,56.58,1214.48,59.64
6547,7,2025-11-24,72.15,2.85,45.37,2792.6,44.27
6548,8,2025-11-24,79.0,4.39,87.28,1575.48,58.81
6549,9,2025-11-24,83.16,1.9,71.78,1820.82,65.34
6550,10,2025-11-24,76.97,3.24,74.3,2139.13,68.02
6551,11,2025-11-24,59.29,5.15,67.27,2217.79,23.09
6552,12,2025-11-24,61.09,3.84,64.0,1845.64,55.09
6553,13,2025-11-24,88.75,5.08,81.78,2018.73,53.54
6554,14,2025-11-24,71.32,3.44,83.19,1369.83,47.69
6555,15,2025-11-24,79.08,1.7,51.62,2442.29,67.7
6556,16,2025-11-24,76.83,4.06,80.46,2099.43,59.11
6557,17,2025-11-24,75.15,3.26,73.32,2533.32,74.64
6558,18,2025-11-24,81.64,2.78,58.96,2133.23,56.91
6559,19,2025-11-24,86.36,5.09,62.97,2415.51,72.88
6560,20,2025-11-24,69.57,1.17,80.7,2959.76,51.85
6561,1,2025-11-25,70.17,5.54,62.52,1987.98,55.0
6562,2,2025-11-25,76.63,5.96,70.61,1807.76,46.52
6563,3,2025-11-25,82.94,3.49,60.93,2657.48,61.7
6564,4,2025-11-25,71.1,4.26,60.74,2003.64,25.71
6565,5,2025-11-25,72.7,4.65,81.8,2378.66,68.02
6566,6,2025-11-25,79.44,5.79,72.23,2857.71,57.04
6567,7,2025-11-25,75.38,1.59,56.56,2893.18,47.72
6568,8,2025-11-25,85.03,5.44,82.87,1643.08,61.56
6569,9,2025-11-25,82.12,3.3,58.11,2448.01,59.19
6570,10,2025-11-25,81.89,3.86,75.28,2053.99,45.15
6571,11,2025-11-25,67.49,2.69,55.33,1850.58,30.68
6572,12,2025-11-25,75.49,5.17,54.41,1212.42,39.77
6573,13,2025-11-25,67.96,3.0,61.1,1380.44,37.65
6574,14,2025-11-25,77.49,3.96,76.77,2352.76,62.46
6575,15,2025-11-25,82.86,3.89,51.34,2418.38,61.09
6576,16,2025-11-25,67.36,1.54,55.04,1950.46,56.17
6577,17,2025-11-25,60.69,3.26,52.16,2386.23,41.69
6578,18,2025-11-25,75.13,4.31,59.2,2726.84,33.87
6579,19,2025-11-25,72.01,6.24,86.07,2424.54,75.91
6580,20,2025-11-25,79.67,2.83,57.22,1876.37,44.41
6581,1,2025-11-26,57.62,2.37,86.74,2722.09,50.25
6582,2,2025-11-26,78.57,4.92,66.78,1744.79,56.4
6583,3,2025-11-26,77.96,5.11,74.48,2217.65,66.48
6584,4,2025-11-26,56.8,2.43,84.28,2357.1,30.29
6585,5,2025-11-26,56.8,3.01,41.79,2903.28,60.02
6586,6,2025-11-26,64.46,3.3,78.74,2017.26,62.76
6587,7,2025-11-26,83.51,1.8,43.7,2111.57,42.7
6588,8,2025-11-26,84.51,6.33,80.4,2129.99,55.39
6589,9,2025-11-26,82.11,4.35,62.74,2076.29,45.7
6590,10,2025-11-26,73.9,3.56,72.18,2430.81,57.09
6591,11,2025-11-26,71.5,5.14,45.62,2504.65,63.42
6592,12,2025-11-26,62.67,1.57,55.21,2035.14,30.17
6593,13,2025-11-26,78.6,2.19,41.84,1907.45,61.92
6594,14,2025-11-26,69.73,3.46,71.42,1571.29,65.08
6595,15,2025-11-26,70.57,2.31,61.0,1660.05,56.41
6596,16,2025-11-26,72.28,1.44,69.3,2835.6,43.61
6597,17,2025-11-26,61.0,1.73,65.93,2816.88,56.38
6598,18,2025-11-26,73.2,4.0,65.53,2612.42,65.77
6599,19,2025-11-26,78.4,5.28,94.2,2698.34,76.58
6600,20,2025-11-26,65.35,4.12,58.72,1998.5,41.34
6601,1,2025-11-27,68.72,1.13,83.63,2760.96,70.67
6602,2,2025-11-27,84.9,6.08,92.84,2857.78,72.99
6603,3,2025-11-27,75.19,5.14,74.81,2919.2,55.12
6604,4,2025-11-27,81.1,3.35,75.9,2162.01,42.65
6605,5,2025-11-27,70.87,2.9,74.74,1493.36,50.39
6606,6,2025-11-27,68.47,2.98,78.84,2857.7,33.6
6607,7,2025-11-27,80.79,1.09,44.26,2935.93,47.32
6608,8,2025-11-27,94.5,5.34,70.8,2512.62,60.41
6609,9,2025-11-27,73.06,5.3,76.92,1882.04,52.3
6610,10,2025-11-27,82.32,5.55,89.47,1490.32,63.14
6611,11,2025-11-27,68.67,1.55,55.67,2150.92,73.4
6612,12,2025-11-27,69.03,2.02,74.02,1990.95,23.76
6613,13,2025-11-27,71.95,3.95,73.83,1756.62,53.19
6614,14,2025-11-27,75.12,5.49,68.7,2091.01,66.63
6615,15,2025-11-27,71.64,4.15,69.13,2537.78,56.35
6616,16,2025-11-27,57.69,5.44,65.9,2992.74,53.65
6617,17,2025-11-27,60.97,3.42,89.57,2632.18,40.19
6618,18,2025-11-27,72.18,5.38,70.03,2160.7,73.42
6619,19,2025-11-27,64.65,2.9,41.28,2739.62,24.71
6620,20,2025-11-27,65.36,3.63,87.05,1836.93,24.49
6621,1,2025-11-28,84.26,1.15,56.2,1865.94,25.66
6622,2,2025-11-28,84.63,5.17,82.19,2272.76,69.03
6623,3,2025-11-28,81.76,4.06,89.71,2039.27,65.28
6624,4,2025-11-28,67.91,5.05,80.11,1733.48,63.65
6625,5,2025-11-28,75.66,3.09,77.67,2318.09,62.9
6626,6,2025-11-28,68.16,4.39,79.82,1963.99,52.78
6627,7,2025-11-28,79.76,1.92,56.33,1794.83,68.93
6628,8,2025-11-28,55.96,4.06,56.52,2009.91,24.42
6629,9,2025-11-28,88.06,3.55,71.42,2130.25,71.59
6630,10,2025-11-28,82.25,4.6,87.01,2384.73,49.03
6631,11,2025-11-28,65.39,2.32,80.14,2363.26,34.17
6632,12,2025-11-28,60.13,4.87,48.71,2609.27,70.75
6633,13,2025-11-28,79.14,2.69,78.84,1647.93,50.06
6634,14,2025-11-28,75.23,6.24,61.03,2388.39,70.66
6635,15,2025-11-28,69.89,4.27,51.5,2289.15,59.65
6636,16,2025-11-28,58.06,5.19,81.99,2000.8,55.21
6637,17,2025-11-28,71.69,5.04,81.79,2078.43,65.37
6638,18,2025-11-28,74.57,3.04,65.5,2405.84,60.45
6639,19,2025-11-28,61.57,1.2,43.49,1332.39,61.79
6640,20,2025-11-28,75.5,2.0,77.08,1917.71,24.59
6641,1,2025-11-29,66.75,3.4,89.75,1243.28,21.21
6642,2,2025-11-29,71.43,5.52,89.67,1452.24,74.17
6643,3,2025-11-29,83.87,7.07,77.99,2116.24,69.38
6644,4,2025-11-29,84.14,3.88,63.5,2514.06,65.15
6645,5,2025-11-29,72.9,5.09,73.85,1938.6,60.61
6646,6,2025-11-29,68.79,3.8,60.94,2217.06,64.07
6647,7,2025-11-29,55.34,4.89,68.77,1833.55,45.73
6648,8,2025-11-29,80.18,3.84,57.91,1883.7,69.36
6649,9,2025-11-29,80.92,6.73,85.68,1889.73,55.19
6650,10,2025-11-29,78.83,5.61,70.03,2233.29,50.23
6651,11,2025-11-29,79.85,4.83,84.2,2363.73,35.91
6652,12,2025-11-29,82.57,4.11,58.77,1541.8,61.36
6653,13,2025-11-29,80.32,4.97,73.69,1718.65,50.17
6654,14,2025-11-29,85.71,4.92,68.17,1513.04,53.38
6655,15,2025-11-29,58.51,2.21,63.99,1743.01,47.14
6656,16,2025-11-29,62.37,2.75,88.75,2308.54,27.26
6657,17,2025-11-29,69.64,2.18,41.75,2256.06,72.76
6658,18,2025-11-29,74.17,4.94,62.71,2330.9,54.63
6659,19,2025-11-29,71.48,1.44,87.43,1370.3,28.04
6660,20,2025-11-29,55.24,5.86,58.12,1907.35,72.0
6661,1,2025-11-30,67.47,2.54,59.78,2205.17,47.07
6662,2,2025-11-30,80.01,4.69,68.45,1988.38,54.1
6663,3,2025-11-30,76.42,6.65,92.28,1781.45,51.83
6664,4,2025-11-30,83.31,3.63,86.87,2139.11,71.4
6665,5,2025-11-30,84.58,4.57,73.89,1880.46,67.58
6666,6,2025-11-30,71.68,3.73,61.66,2509.52,55.49
6667,7,2025-11-30,61.95,5.26,70.88,1215.8,60.36
6668,8,2025-11-30,57.07,3.88,74.71,2829.71,50.35
6669,9,2025-11-30,78.95,4.94,74.26,1650.74,74.89
6670,10,2025-11-30,65.01,3.06,58.25,2083.88,44.79
6671,11,2025-11-30,79.61,5.46,56.9,1819.76,24.62
6672,12,2025-11-30,69.39,3.31,87.56,2189.03,45.05
6673,13,2025-11-30,80.32,3.47,81.23,2638.87,56.01
6674,14,2025-11-30,80.84,6.02,80.9,2108.8,58.01
6675,15,2025-11-30,56.9,1.78,41.5,2344.37,45.04
6676,16,2025-11-30,74.13,1.12,88.77,2005.48,23.57
6677,17,2025-11-30,55.78,5.71,65.43,2803.52,27.96
6678,18,2025-11-30,74.17,5.09,77.74,2795.36,43.47
6679,19,2025-11-30,82.87,3.18,75.52,2394.29,45.29
6680,20,2025-11-30,60.41,5.98,48.73,1460.02,42.61
6681,1,2025-12-01,84.22,4.5,75.54,1610.15,61.9
6682,2,2025-12-01,89.39,5.76,78.23,2613.62,58.54
6683,3,2025-12-01,78.73,3.44,83.21,2027.08,56.43
6684,4,2025-12-01,79.5,6.84,91.82,2259.26,51.18
6685,5,2025-12-01,88.25,5.42,69.08,2130.07,71.76
6686,6,2025-12-01,79.23,5.4,73.21,1554.33,73.57
6687,7,2025-12-01,61.67,2.54,64.16,1905.25,22.53
6688,8,2025-12-01,84.26,5.12,87.37,2169.45,72.22
6689,9,2025-12-01,88.01,6.47,94.62,2140.85,59.77
6690,10,2025-12-01,82.64,1.72,57.18,2857.35,25.97
6691,11,2025-12-01,58.87,4.39,43.65,2388.65,24.62
6692,12,2025-12-01,60.08,5.06,66.03,1816.78,67.01
6693,13,2025-12-01,88.46,6.34,69.78,1982.73,47.74
6694,14,2025-12-01,91.04,6.58,67.06,1282.17,66.54
6695,15,2025-12-01,72.77,4.76,71.05,2619.02,61.9
6696,16,2025-12-01,76.54,3.72,54.13,1710.07,48.44
6697,17,2025-12-01,65.58,5.31,84.22,1443.82,23.34
6698,18,2025-12-01,71.41,5.37,79.5,1700.71,71.26
6699,19,2025-12-01,83.42,3.52,67.02,1893.49,67.71
6700,20,2025-12-01,84.0,5.9,47.6,2441.22,24.39
6701,1,2025-12-02,81.09,3.03,69.72,1275.88,46.09
6702,2,2025-12-02,76.08,4.79,71.77,1696.91,74.69
6703,3,2025-12-02,84.76,3.14,77.03,2484.62,69.72
6704,4,2025-12-02,85.89,6.02,89.43,1770.28,74.5
6705,5,2025-12-02,86.5,4.74,86.89,2101.41,64.17
6706,6,2025-12-02,80.49,6.95,82.95,1668.3,61.5
6707,7,2025-12-02,84.95,5.82,88.22,2658.72,24.05
6708,8,2025-12-02,75.85,5.58,60.54,1831.33,35.89
6709,9,2025-12-02,88.23,6.34,69.61,2412.08,68.14
6710,10,2025-12-02,75.06,4.68,80.93,2145.42,62.56
6711,11,2025-12-02,76.41,1.09,42.0,1577.5,65.58
6712,12,2025-12-02,72.64,1.58,43.55,2124.11,59.38
6713,13,2025-12-02,76.97,5.7,74.66,2392.32,67.38
6714,14,2025-12-02,68.2,5.22,72.43,1723.78,20.68
6715,15,2025-12-02,72.58,1.77,41.11,1819.63,28.51
6716,16,2025-12-02,67.43,2.74,64.42,1268.93,50.66
6717,17,2025-12-02,80.84,2.69,62.16,1677.96,35.95
6718,18,2025-12-02,76.2,5.4,67.31,1526.09,64.43
6719,19,2025-12-02,76.28,3.92,89.29,1533.78,59.72
6720,20,2025-12-02,63.47,4.8,66.71,1355.6,22.91
6721,1,2025-12-03,76.68,4.43,84.76,1551.96,44.47
6722,2,2025-12-03,62.89,3.14,63.38,2751.01,43.85
6723,3,2025-12-03,71.85,3.95,77.52,1384.16,41.13
6724,4,2025-12-03,82.07,5.92,76.9,1759.72,78.98
6725,5,2025-12-03,86.01,5.1,86.94,2513.69,56.84
6726,6,2025-12-03,92.08,4.12,69.89,2669.47,72.28
6727,7,2025-12-03,61.29,4.15,48.29,1631.45,31.65
6728,8,2025-12-03,64.5,4.4,89.08,2037.15,22.04
6729,9,2025-12-03,86.14,5.22,95.46,2302.93,51.63
6730,10,2025-12-03,75.59,5.18,71.36,2472.0,66.7
6731,11,2025-12-03,58.68,5.27,65.62,1657.51,72.39
6732,12,2025-12-03,61.33,3.48,40.08,1270.94,58.68
6733,13,2025-12-03,80.32,5.85,95.35,2143.5,70.39
6734,14,2025-12-03,62.27,3.33,80.69,1232.9,61.21
6735,15,2025-12-03,72.02,5.25,64.71,1844.45,20.13
6736,16,2025-12-03,70.72,5.06,84.07,2366.6,34.16
6737,17,2025-12-03,81.25,3.7,44.42,2730.85,23.86
6738,18,2025-12-03,88.28,6.57,72.18,1848.58,67.91
6739,19,2025-12-03,84.07,4.49,87.32,2606.84,54.81
6740,20,2025-12-03,80.91,3.26,41.41,2593.31,60.95
6741,1,2025-12-04,77.42,5.27,94.63,1865.71,63.81
6742,2,2025-12-04,79.48,1.75,73.71,1932.65,65.48
6743,3,2025-12-04,75.16,3.73,67.37,2117.63,68.65
6744,4,2025-12-04,55.22,4.07,52.09,2232.04,37.2
6745,5,2025-12-04,88.52,4.59,85.1,1850.29,59.56
6746,6,2025-12-04,83.3,5.35,74.93,1814.17,69.3
6747,7,2025-12-04,72.32,4.54,78.8,2062.04,38.13
6748,8,2025-12-04,66.45,4.96,46.78,2430.1,22.18
6749,9,2025-12-04,82.79,4.3,89.46,2561.3,67.43
6750,10,2025-12-04,82.22,3.7,67.43,2679.59,50.86
6751,11,2025-12-04,70.67,2.82,85.75,1786.58,44.41
6752,12,2025-12-04,72.82,2.1,64.42,1502.87,74.16
6753,13,2025-12-04,72.38,4.26,76.32,2098.95,62.39
6754,14,2025-12-04,75.3,4.83,51.88,2591.79,31.97
6755,15,2025-12-04,72.15,2.8,69.76,1773.44,53.11
6756,16,2025-12-04,58.65,5.88,87.41,2048.24,33.6
6757,17,2025-12-04,76.07,4.09,81.07,2106.49,63.01
6758,18,2025-12-04,83.39,6.74,77.92,2048.76,53.86
6759,19,2025-12-04,83.78,4.01,79.77,2521.19,63.25
6760,20,2025-12-04,63.52,1.25,41.13,2730.16,29.24
6761,1,2025-12-05,90.32,5.22,89.06,1380.21,56.36
6762,2,2025-12-05,55.94,2.16,77.98,1642.55,54.63
6763,3,2025-12-05,79.51,4.69,82.57,2661.57,47.01
6764,4,2025-12-05,78.86,5.93,63.01,2521.69,56.54
6765,5,2025-12-05,89.44,4.99,73.36,2184.9,63.37
6766,6,2025-12-05,67.11,4.51,58.96,1937.0,64.03
6767,7,2025-12-05,80.66,5.52,86.33,2038.86,50.4
6768,8,2025-12-05,80.8,1.4,80.53,1987.78,53.11
6769,9,2025-12-05,79.76,4.57,71.1,1588.82,53.53
6770,10,2025-12-05,86.56,3.63,76.82,1963.56,60.5
6771,11,2025-12-05,84.34,5.64,49.96,2213.27,65.12
6772,12,2025-12-05,67.26,1.09,55.41,1704.95,20.99
6773,13,2025-12-05,92.26,4.14,86.64,1824.95,62.7
6774,14,2025-12-05,78.67,5.3,67.87,2942.89,60.2
6775,15,2025-12-05,59.79,5.23,69.63,2752.73,27.66
6776,16,2025-12-05,79.49,3.58,69.89,2008.1,20.47
6777,17,2025-12-05,67.96,1.78,54.56,1658.49,38.91
6778,18,2025-12-05,66.87,5.71,44.12,2079.23,33.4
6779,19,2025-12-05,75.14,4.97,72.28,2579.51,56.03
6780,20,2025-12-05,68.66,2.46,68.16,2888.21,59.27
6781,1,2025-12-06,78.34,6.43,75.46,2351.74,54.82
6782,2,2025-12-06,64.49,1.66,77.69,2304.07,47.53
6783,3,2025-12-06,84.66,5.37,92.45,1747.86,65.43
6784,4,2025-12-06,83.5,1.74,80.56,2586.76,30.21
6785,5,2025-12-06,59.27,2.61,79.29,2958.08,35.54
6786,6,2025-12-06,81.66,3.35,74.37,1989.48,44.77
6787,7,2025-12-06,73.2,3.13,75.27,2036.19,65.62
6788,8,2025-12-06,56.29,1.64,79.66,1774.34,33.32
6789,9,2025-12-06,88.91,5.47,67.37,2578.8,58.96
6790,10,2025-12-06,81.29,5.01,71.72,1813.61,58.52
6791,11,2025-12-06,83.69,1.55,68.48,1385.44,68.48
6792,12,2025-12-06,77.76,2.78,68.36,2773.84,26.31
6793,13,2025-12-06,82.75,5.81,66.73,2404.17,68.75
6794,14,2025-12-06,68.69,4.2,80.52,2714.92,63.66
6795,15,2025-12-06,68.32,1.29,40.67,1684.95,62.51
6796,16,2025-12-06,71.63,5.05,40.67,1364.47,22.17
6797,17,2025-12-06,81.2,5.57,45.74,1865.36,69.52
6798,18,2025-12-06,68.86,5.0,49.28,2971.35,42.6
6799,19,2025-12-06,84.05,4.73,78.2,2211.39,68.35
6800,20,2025-12-06,64.2,3.64,84.77,2239.35,63.86
6801,1,2025-12-07,78.79,4.12,71.14,2252.79,47.01
6802,2,2025-12-07,65.88,5.77,84.78,1411.56,36.91
6803,3,2025-12-07,82.73,4.81,68.15,1186.15,79.51
6804,4,2025-12-07,61.41,3.07,40.55,1743.56,30.26
6805,5,2025-12-07,62.26,2.22,78.09,1396.49,35.85
6806,6,2025-12-07,79.36,5.32,66.51,1644.96,41.81
6807,7,2025-12-07,82.34,4.78,68.2,2347.76,61.59
6808,8,2025-12-07,61.98,1.49,68.46,2794.93,60.67
6809,9,2025-12-07,89.11,5.76,66.14,1440.96,69.89
6810,10,2025-12-07,85.16,6.57,79.51,2087.79,78.73
6811,11,2025-12-07,76.23,5.31,65.19,1540.05,73.78
6812,12,2025-12-07,75.14,3.62,80.55,2570.82,35.1
6813,13,2025-12-07,66.94,4.37,54.13,2517.67,36.22
6814,14,2025-12-07,76.31,3.79,70.39,2728.96,57.78
6815,15,2025-12-07,76.06,3.74,43.35,2112.41,54.56
6816,16,2025-12-07,73.26,1.34,86.0,2998.97,45.76
6817,17,2025-12-07,75.93,1.4,82.17,2146.85,66.05
6818,18,2025-12-07,68.89,5.81,45.78,2263.3,42.24
6819,19,2025-12-07,70.56,5.77,68.05,2670.09,44.03
6820,20,2025-12-07,59.64,4.56,64.46,2525.14,35.56
6821,1,2025-12-08,76.82,2.55,57.28,1879.67,44.74
6822,2,2025-12-08,61.43,5.44,79.86,2066.28,69.18
6823,3,2025-12-08,83.8,3.91,72.35,2724.32,41.3
6824,4,2025-12-08,78.51,5.8,70.8,1858.92,47.61
6825,5,2025-12-08,75.03,2.58,86.42,1784.53,41.48
6826,6,2025-12-08,71.7,5.78,88.8,1360.37,53.93
6827,7,2025-12-08,79.17,4.12,72.65,1647.28,65.26
6828,8,2025-12-08,62.14,5.07,61.11,1378.54,61.62
6829,9,2025-12-08,78.45,6.15,72.87,2984.96,49.49
6830,10,2025-12-08,79.14,6.64,92.38,1410.16,67.71
6831,11,2025-12-08,67.99,2.76,52.72,1472.29,58.39
6832,12,2025-12-08,57.61,5.67,77.56,2053.11,36.28
6833,13,2025-12-08,60.44,2.19,68.02,2113.09,73.74
6834,14,2025-12-08,86.45,3.58,73.76,2547.84,53.06
6835,15,2025-12-08,83.64,3.68,53.39,2162.67,36.97
6836,16,2025-12-08,83.48,1.73,78.73,2920.5,34.67
6837,17,2025-12-08,81.12,4.0,71.06,2437.18,51.22
6838,18,2025-12-08,79.49,3.54,72.76,2551.79,50.25
6839,19,2025-12-08,58.73,1.77,43.29,2442.59,56.6
6840,20,2025-12-08,65.56,3.7,81.23,2698.23,28.18
6841,1,2025-12-09,76.06,2.42,72.88,1289.99,55.41
6842,2,2025-12-09,61.73,5.25,59.62,1274.7,48.15
6843,3,2025-12-09,69.31,2.89,59.32,2126.16,68.99
6844,4,2025-12-09,69.28,3.55,58.68,1412.43,57.78
6845,5,2025-12-09,76.85,1.64,64.98,1635.54,66.73
6846,6,2025-12-09,84.01,4.15,91.81,2217.64,44.47
6847,7,2025-12-09,89.72,6.02,79.67,2300.09,67.45
6848,8,2025-12-09,79.86,3.03,67.41,2773.01,73.88
6849,9,2025-12-09,86.12,4.93,79.77,2246.8,44.02
6850,10,2025-12-09,84.95,5.66,71.06,2933.06,54.53
6851,11,2025-12-09,64.9,1.89,84.59,1958.86,72.98
6852,12,2025-12-09,82.34,2.66,65.89,2406.27,67.5
6853,13,2025-12-09,57.66,1.76,87.61,2914.47,50.4
6854,14,2025-12-09,78.45,6.24,73.19,2312.42,64.17
6855,15,2025-12-09,69.54,1.01,58.36,2947.55,47.77
6856,16,2025-12-09,80.11,5.41,49.18,2850.73,32.99
6857,17,2025-12-09,70.81,3.37,74.24,2146.55,48.81
6858,18,2025-12-09,78.89,2.97,63.8,2932.93,29.68
6859,19,2025-12-09,71.02,5.36,45.87,1531.01,23.58
6860,20,2025-12-09,71.12,3.24,71.45,1962.72,60.59
6861,1,2025-12-10,79.05,1.34,76.46,2890.19,45.97
6862,2,2025-12-10,68.64,1.96,85.12,1531.33,21.82
6863,3,2025-12-10,75.86,5.05,66.78,1780.19,63.54
6864,4,2025-12-10,78.34,5.9,78.95,1217.64,67.57
6865,5,2025-12-10,60.83,4.17,57.94,1631.78,67.53
6866,6,2025-12-10,86.07,5.71,84.43,2202.03,47.91
6867,7,2025-12-10,91.86,7.43,69.0,1795.34,70.78
6868,8,2025-12-10,56.54,4.35,63.62,1782.01,62.06
6869,9,2025-12-10,85.26,4.55,73.11,1959.69,61.41
6870,10,2025-12-10,81.95,5.88,81.46,1909.65,74.04
6871,11,2025-12-10,76.84,3.98,78.84,1618.18,50.74
6872,12,2025-12-10,78.08,5.71,59.49,1505.89,47.48
6873,13,2025-12-10,62.7,3.64,70.08,1380.25,46.09
6874,14,2025-12-10,80.24,6.59,83.89,2471.0,47.66
6875,15,2025-12-10,59.95,1.17,88.56,1367.89,60.43
6876,16,2025-12-10,56.51,1.84,74.34,2378.41,37.93
6877,17,2025-12-10,81.56,3.85,86.92,1730.71,62.57
6878,18,2025-12-10,64.33,3.11,49.41,2211.68,61.28
6879,19,2025-12-10,77.35,5.84,73.51,1654.29,44.08
6880,20,2025-12-10,75.44,2.84,58.82,2338.84,48.4
6881,1,2025-12-11,69.54,2.75,68.12,2435.65,60.66
6882,2,2025-12-11,71.96,3.19,84.5,2008.48,58.64
6883,3,2025-12-11,77.9,4.02,83.71,1938.57,54.76
6884,4,2025-12-11,81.33,4.74,58.86,1770.1,50.03
6885,5,2025-12-11,63.37,1.24,77.19,2246.25,58.78
6886,6,2025-12-11,79.17,6.23,83.79,2013.37,64.35
6887,7,2025-12-11,80.48,3.01,83.21,1837.52,38.42
6888,8,2025-12-11,83.54,4.33,62.16,1694.01,39.97
6889,9,2025-12-11,76.77,6.73,90.56,2098.35,64.74
6890,10,2025-12-11,87.07,6.64,90.43,1929.66,58.17
6891,11,2025-12-11,68.47,3.38,82.6,2014.2,56.86
6892,12,2025-12-11,79.26,3.88,77.41,2047.07,65.4
6893,13,2025-12-11,61.53,3.51,66.17,2616.45,45.22
6894,14,2025-12-11,85.76,4.75,79.39,2775.46,52.67
6895,15,2025-12-11,56.56,2.88,51.34,2124.65,54.43
6896,16,2025-12-11,55.17,2.65,53.59,1263.21,41.53
6897,17,2025-12-11,82.03,4.35,85.65,2406.65,66.34
6898,18,2025-12-11,77.81,2.69,88.47,1922.29,68.68
6899,19,2025-12-11,68.59,5.7,84.81,1440.9,45.08
6900,20,2025-12-11,70.28,4.72,89.62,2406.11,40.44
6901,1,2025-12-12,70.07,2.93,62.26,2332.82,67.46
6902,2,2025-12-12,74.14,3.18,71.96,1429.56,38.91
6903,3,2025-12-12,78.77,4.37,74.28,2559.9,75.25
6904,4,2025-12-12,75.77,3.28,88.43,1451.76,40.56
6905,5,2025-12-12,61.99,2.87,49.36,2956.94,26.27
6906,6,2025-12-12,60.11,2.1,46.17,2075.23,43.02
6907,7,2025-12-12,71.12,4.09,85.57,2377.69,49.86
6908,8,2025-12-12,63.62,5.09,72.49,1643.11,38.92
6909,9,2025-12-12,89.23,4.7,71.92,2648.39,77.75
6910,10,2025-12-12,89.85,7.71,85.44,2501.51,65.32
6911,11,2025-12-12,74.64,4.35,71.39,2330.05,60.99
6912,12,2025-12-12,81.3,3.47,79.75,2235.62,73.29
6913,13,2025-12-12,74.49,2.12,78.3,1588.1,52.79
6914,14,2025-12-12,87.14,7.23,76.32,1127.71,73.47
6915,15,2025-12-12,56.85,3.7,85.66,1413.48,65.03
6916,16,2025-12-12,82.96,3.64,44.45,2790.8,66.63
6917,17,2025-12-12,86.77,6.52,69.22,2439.59,51.78
6918,18,2025-12-12,80.21,4.38,64.7,2408.08,63.85
6919,19,2025-12-12,66.94,5.03,67.79,1798.48,58.6
6920,20,2025-12-12,85.99,3.53,91.2,1408.69,43.5
6921,1,2025-12-13,73.88,4.68,70.78,2156.35,52.55
6922,2,2025-12-13,74.94,4.67,78.27,2274.87,42.65
6923,3,2025-12-13,79.29,6.56,71.45,2285.63,58.66
6924,4,2025-12-13,80.68,6.04,70.95,2492.59,55.46
6925,5,2025-12-13,74.42,2.26,43.85,1601.25,30.12
6926,6,2025-12-13,61.67,1.47,69.24,2288.13,69.2
6927,7,2025-12-13,77.62,3.48,77.92,1851.58,64.78
6928,8,2025-12-13,80.06,1.83,53.51,2000.37,69.25
6929,9,2025-12-13,77.88,2.17,44.73,1772.12,72.93
6930,10,2025-12-13,68.31,5.47,88.85,2742.93,71.14
6931,11,2025-12-13,71.29,3.69,61.46,2295.97,45.02
6932,12,2025-12-13,83.53,6.58,75.01,2850.01,73.51
6933,13,2025-12-13,82.73,3.11,87.3,2085.57,46.63
6934,14,2025-12-13,78.73,5.19,62.21,2237.95,50.5
6935,15,2025-12-13,58.25,3.93,40.22,1330.24,65.17
6936,16,2025-12-13,73.51,2.09,68.01,1657.16,20.69
6937,17,2025-12-13,73.5,7.03,86.53,1660.9,56.8
6938,18,2025-12-13,78.82,4.63,75.51,2662.15,56.27
6939,19,2025-12-13,73.14,5.16,81.73,2046.85,54.75
6940,20,2025-12-13,87.47,4.2,90.3,2593.96,63.99
6941,1,2025-12-14,77.8,6.04,88.07,2616.16,48.08
6942,2,2025-12-14,74.58,5.04,60.68,1644.36,53.61
6943,3,2025-12-14,93.95,5.47,96.22,2846.17,66.32
6944,4,2025-12-14,74.15,5.71,73.28,2399.52,48.67
6945,5,2025-12-14,71.91,3.92,62.69,2663.99,32.87
6946,6,2025-12-14,63.8,5.35,55.99,1978.45,68.81
6947,7,2025-12-14,85.7,4.04,65.9,1762.74,54.85
6948,8,2025-12-14,84.8,3.97,67.35,1763.38,37.54
6949,9,2025-12-14,58.59,1.12,43.87,1864.1,36.96
6950,10,2025-12-14,65.79,1.9,89.25,2082.42,46.22
6951,11,2025-12-14,82.72,4.99,66.44,2392.85,71.49
6952,12,2025-12-14,90.25,5.49,81.5,1510.99,71.81
6953,13,2025-12-14,59.5,5.42,46.66,2397.7,52.9
6954,14,2025-12-14,72.61,5.87,68.1,1739.01,52.98
6955,15,2025-12-14,68.6,2.79,47.2,2321.66,60.01
6956,16,2025-12-14,70.93,4.9,50.3,1308.65,69.74
6957,17,2025-12-14,86.55,4.56,73.64,2449.66,50.31
6958,18,2025-12-14,81.09,4.15,74.26,1799.36,47.31
6959,19,2025-12-14,72.13,5.21,72.57,1770.28,45.72
6960,20,2025-12-14,87.37,4.72,66.18,2548.41,51.89
6961,1,2025-12-15,74.51,5.66,86.82,1531.42,64.92
6962,2,2025-12-15,87.23,5.08,85.47,2825.16,53.79
6963,3,2025-12-15,57.9,3.01,53.04,1813.25,50.81
6964,4,2025-12-15,73.47,4.86,84.73,1997.83,64.37
6965,5,2025-12-15,64.03,1.04,79.78,2795.45,30.71
6966,6,2025-12-15,82.94,3.34,78.05,1979.84,63.94
6967,7,2025-12-15,86.08,3.93,86.78,2340.96,48.36
6968,8,2025-12-15,65.87,3.46,52.34,2668.07,45.51
6969,9,2025-12-15,67.64,4.87,68.62,2735.79,39.32
6970,10,2025-12-15,79.31,2.12,48.11,2983.0,28.77
6971,11,2025-12-15,79.46,4.73,91.13,2666.74,53.94
6972,12,2025-12-15,78.19,5.04,74.11,1714.48,58.36
6973,13,2025-12-15,66.48,1.93,87.68,1608.38,54.15
6974,14,2025-12-15,80.2,6.85,69.39,2540.59,64.27
6975,15,2025-12-15,75.93,4.98,69.12,2244.92,24.36
6976,16,2025-12-15,65.5,1.48,71.5,2534.57,23.84
6977,17,2025-12-15,80.9,5.68,66.54,1339.39,61.66
6978,18,2025-12-15,84.26,6.05,80.84,2434.27,61.16
6979,19,2025-12-15,83.08,4.95,78.76,1543.68,57.43
6980,20,2025-12-15,80.09,5.24,79.08,2359.95,79.31
6981,1,2025-12-16,77.15,5.45,80.8,2407.06,60.99
6982,2,2025-12-16,80.03,7.12,92.05,2545.59,63.98
6983,3,2025-12-16,55.33,1.92,61.07,2226.26,53.71
6984,4,2025-12-16,86.17,4.99,95.65,2506.06,59.14
6985,5,2025-12-16,60.35,3.7,84.87,2804.14,28.5
6986,6,2025-12-16,74.87,3.92,80.42,2085.44,63.56
6987,7,2025-12-16,80.61,4.96,64.89,1719.39,63.12
6988,8,2025-12-16,67.31,5.23,45.86,1525.15,65.58
6989,9,2025-12-16,73.45,4.88,86.91,1972.8,59.44
6990,10,2025-12-16,69.98,3.82,72.03,1798.59,45.9
6991,11,2025-12-16,77.0,7.35,88.09,1925.61,72.82
6992,12,2025-12-16,62.48,4.51,43.8,1467.61,41.32
6993,13,2025-12-16,64.03,2.62,72.9,1652.53,30.9
6994,14,2025-12-16,84.6,4.57,72.5,1966.74,54.43
6995,15,2025-12-16,80.94,4.62,85.45,2758.87,29.54
6996,16,2025-12-16,60.42,1.04,79.0,2672.82,48.63
6997,17,2025-12-16,83.5,4.17,84.47,2096.36,51.58
6998,18,2025-12-16,80.87,3.77,71.77,1975.58,59.41
6999,19,2025-12-16,85.62,5.39,66.5,1800.36,52.39
7000,20,2025-12-16,88.28,7.47,88.86,1307.75,55.33
7001,1,2025-12-17,81.3,4.8,81.04,1459.2,68.71
7002,2,2025-12-17,94.41,4.48,86.04,1727.63,70.33
7003,3,2025-12-17,69.21,5.79,45.47,2681.2,38.58
7004,4,2025-12-17,88.72,5.62,78.22,1442.07,82.49
7005,5,2025-12-17,84.88,4.27,72.7,2995.21,65.0
7006,6,2025-12-17,85.56,5.21,88.58,2519.3,54.3
7007,7,2025-12-17,91.33,5.46,82.7,2661.97,56.81
7008,8,2025-12-17,74.66,4.82,63.99,1925.14,49.32
7009,9,2025-12-17,80.08,4.48,82.4,2284.43,57.47
7010,10,2025-12-17,80.04,4.84,71.05,1809.23,67.09
7011,11,2025-12-17,78.59,4.27,76.35,1806.26,39.65
7012,12,2025-12-17,76.32,1.52,53.65,1360.69,35.31
7013,13,2025-12-17,82.65,4.49,66.91,1336.78,36.83
7014,14,2025-12-17,75.19,5.33,73.71,2176.01,67.18
7015,15,2025-12-17,55.28,1.55,46.07,1244.75,21.91
7016,16,2025-12-17,71.55,2.88,69.69,2127.56,38.55
7017,17,2025-12-17,58.27,4.16,59.85,1607.65,38.23
7018,18,2025-12-17,76.1,4.31,85.27,2186.35,52.57
7019,19,2025-12-17,83.15,6.63,88.2,1922.87,54.12
7020,20,2025-12-17,74.59,7.42,76.15,2330.55,59.2
7021,1,2025-12-18,60.3,1.66,80.83,1923.19,44.17
7022,2,2025-12-18,80.09,5.74,90.0,1637.35,50.56
7023,3,2025-12-18,66.46,5.4,44.58,1495.66,39.7
7024,4,2025-12-18,74.48,4.77,82.52,2629.6,43.77
7025,5,2025-12-18,72.55,5.42,77.1,2432.32,45.68
7026,6,2025-12-18,80.74,5.38,77.78,1815.18,67.12
7027,7,2025-12-18,66.38,5.31,63.59,2955.36,66.96
7028,8,2025-12-18,77.44,4.85,74.5,2277.24,46.65
7029,9,2025-12-18,80.97,4.0,87.16,1841.58,67.09
7030,10,2025-12-18,75.83,5.23,61.48,2571.49,40.91
7031,11,2025-12-18,76.24,2.12,55.78,1423.3,70.01
7032,12,2025-12-18,67.28,2.61,64.46,1278.09,66.82
7033,13,2025-12-18,70.25,3.23,43.15,2822.35,32.77
7034,14,2025-12-18,83.88,5.0,79.55,2093.0,49.64
7035,15,2025-12-18,61.36,4.93,82.75,2378.59,23.38
7036,16,2025-12-18,73.41,4.19,66.36,1976.29,47.13
7037,17,2025-12-18,71.95,2.97,74.48,2878.48,66.55
7038,18,2025-12-18,86.77,4.06,72.95,2240.63,65.29
7039,19,2025-12-18,73.9,6.13,89.9,1992.96,76.55
7040,20,2025-12-18,77.76,2.83,40.97,2378.76,58.4
7041,1,2025-12-19,77.21,3.43,79.0,1483.12,40.36
7042,2,2025-12-19,77.8,5.24,68.03,2636.33,64.37
7043,3,2025-12-19,78.12,3.27,54.86,2782.98,29.57
7044,4,2025-12-19,76.76,4.15,81.48,1846.54,56.52
7045,5,2025-12-19,70.66,4.18,89.85,1435.28,21.62
7046,6,2025-12-19,76.88,5.36,67.95,1273.68,61.47
7047,7,2025-12-19,60.85,4.75,57.39,1772.32,28.53
7048,8,2025-12-19,75.84,3.94,65.96,1847.14,64.26
7049,9,2025-12-19,85.87,4.66,75.38,1499.42,52.98
7050,10,2025-12-19,81.22,4.95,63.91,1741.17,52.55
7051,11,2025-12-19,62.4,2.45,63.05,1861.67,35.24
7052,12,2025-12-19,75.83,4.68,79.09,1781.02,36.44
7053,13,2025-12-19,76.23,3.29,48.91,1966.14,51.2
7054,14,2025-12-19,79.12,5.0,76.47,2286.4,55.18
7055,15,2025-12-19,69.32,4.98,63.93,1667.54,27.61
7056,16,2025-12-19,77.44,3.18,79.68,1522.79,65.74
7057,17,2025-12-19,66.99,4.12,56.7,2658.65,49.02
7058,18,2025-12-19,72.48,1.2,73.36,2745.66,53.1
7059,19,2025-12-19,77.83,5.97,87.43,1199.22,52.86
7060,20,2025-12-19,68.58,3.37,83.54,1318.14,49.32
7061,1,2025-12-20,81.47,5.35,63.6,2355.68,64.97
7062,2,2025-12-20,89.53,4.77,80.35,2028.37,57.54
7063,3,2025-12-20,82.03,3.36,49.03,1783.88,47.05
7064,4,2025-12-20,89.76,4.07,66.02,1516.95,67.95
7065,5,2025-12-20,57.72,4.59,41.82,2719.21,32.01
7066,6,2025-12-20,89.62,6.29,68.75,1548.38,51.7
7067,7,2025-12-20,63.63,3.05,54.14,2664.58,41.35
7068,8,2025-12-20,81.45,3.8,88.75,1511.81,70.31
7069,9,2025-12-20,80.72,6.17,66.21,1616.33,76.21
7070,10,2025-12-20,86.39,5.4,88.83,1751.34,71.33
7071,11,2025-12-20,73.04,3.6,57.89,1944.16,40.02
7072,12,2025-12-20,69.14,1.55,52.61,1457.92,59.08
7073,13,2025-12-20,66.79,3.39,59.16,2130.71,64.36
7074,14,2025-12-20,87.9,6.51,81.75,2905.82,63.66
7075,15,2025-12-20,66.15,4.36,87.42,2998.52,53.53
7076,16,2025-12-20,87.96,5.28,79.95,1708.86,58.49
7077,17,2025-12-20,78.01,3.03,88.14,1859.54,54.04
7078,18,2025-12-20,63.23,4.93,76.07,1414.34,55.85
7079,19,2025-12-20,56.56,3.66,41.08,1223.23,37.99
7080,20,2025-12-20,67.43,4.57,85.33,2442.41,62.78
7081,1,2025-12-21,83.02,4.44,68.25,1910.98,47.46
7082,2,2025-12-21,69.5,2.5,60.49,1708.82,28.34
7083,3,2025-12-21,77.71,4.25,69.3,2174.12,44.78
7084,4,2025-12-21,88.28,4.87,67.15,1722.47,61.87
7085,5,2025-12-21,58.85,3.42,45.98,2024.11,33.89
7086,6,2025-12-21,87.72,4.76,89.67,2244.24,73.3
7087,7,2025-12-21,58.19,1.24,63.25,1894.01,70.81
7088,8,2025-12-21,76.44,6.19,64.37,2732.7,71.93
7089,9,2025-12-21,83.73,5.57,72.8,1266.55,66.28
7090,10,2025-12-21,82.19,5.76,68.79,2763.27,52.42
7091,11,2025-12-21,81.86,5.05,86.22,2377.74,55.23
7092,12,2025-12-21,62.42,5.24,62.13,1461.72,49.75
7093,13,2025-12-21,74.33,5.47,62.34,2140.03,63.77
7094,14,2025-12-21,69.78,2.09,44.62,1789.42,48.33
7095,15,2025-12-21,60.06,1.25,54.58,1583.15,56.59
7096,16,2025-12-21,75.45,6.41,81.96,1668.69,69.85
7097,17,2025-12-21,73.64,5.36,81.02,1719.82,45.27
7098,18,2025-12-21,72.68,2.79,80.56,1728.14,27.74
7099,19,2025-12-21,78.23,3.02,62.35,2135.32,39.76
7100,20,2025-12-21,79.64,4.38,78.57,2333.9,56.19
7101,1,2025-12-22,79.89,4.16,90.55,1582.3,71.61
7102,2,2025-12-22,70.39,1.31,80.48,1592.97,54.57
7103,3,2025-12-22,74.25,5.01,69.42,1431.54,51.69
7104,4,2025-12-22,81.7,6.94,67.8,2911.19,55.8
7105,5,2025-12-22,55.26,2.98,54.84,2265.71,63.97
7106,6,2025-12-22,74.23,6.46,67.71,2473.26,65.84
7107,7,2025-12-22,75.47,3.67,68.63,1581.22,58.33
7108,8,2025-12-22,82.45,4.35,73.33,1772.85,45.94
7109,9,2025-12-22,77.24,5.34,66.9,1183.17,46.08
7110,10,2025-12-22,77.36,4.81,96.63,2988.25,57.83
7111,11,2025-12-22,85.06,4.01,77.65,1431.64,60.22
7112,12,2025-12-22,66.64,5.01,70.06,2468.0,32.46
7113,13,2025-12-22,75.4,3.69,75.18,2234.21,62.76
7114,14,2025-12-22,71.54,1.06,66.79,1481.05,24.82
7115,15,2025-12-22,77.16,2.31,76.16,2867.31,33.83
7116,16,2025-12-22,84.93,4.65,84.38,2353.95,57.51
7117,17,2025-12-22,71.73,4.81,63.72,2336.56,63.58
7118,18,2025-12-22,68.82,2.56,64.35,1829.11,67.43
7119,19,2025-12-22,84.61,5.62,58.68,1998.29,65.52
7120,20,2025-12-22,80.68,6.23,76.96,2067.47,61.73
7121,1,2025-12-23,75.12,3.84,82.15,2431.14,62.55
7122,2,2025-12-23,82.71,4.56,59.17,1956.79,63.01
7123,3,2025-12-23,77.89,5.8,78.43,2390.76,62.07
7124,4,2025-12-23,86.71,5.31,75.52,1741.61,47.49
7125,5,2025-12-23,67.59,3.67,80.98,2761.69,52.86
7126,6,2025-12-23,84.0,5.81,82.85,2168.36,74.9
7127,7,2025-12-23,71.96,4.51,81.25,2679.56,39.39
7128,8,2025-12-23,87.61,5.0,90.26,2215.76,63.72
7129,9,2025-12-23,81.08,5.62,71.75,2636.49,59.62
7130,10,2025-12-23,89.39,5.38,85.02,2442.24,66.43
7131,11,2025-12-23,85.58,5.03,71.3,2245.19,55.83
7132,12,2025-12-23,60.41,3.08,88.52,2150.29,44.15
7133,13,2025-12-23,79.35,3.36,73.22,2551.37,66.38
7134,14,2025-12-23,70.7,5.1,55.37,2672.22,72.18
7135,15,2025-12-23,75.96,5.99,63.05,2511.88,42.14
7136,16,2025-12-23,90.25,6.07,84.59,2543.35,78.55
7137,17,2025-12-23,83.03,5.45,66.24,1465.16,56.99
7138,18,2025-12-23,82.92,5.59,73.44,1958.16,65.79
7139,19,2025-12-23,85.5,4.4,64.6,2834.88,46.59
7140,20,2025-12-23,82.26,3.83,73.21,1531.27,64.54
7141,1,2025-12-24,86.74,4.54,77.22,2161.58,59.84
7142,2,2025-12-24,83.35,3.57,72.96,2323.19,60.99
7143,3,2025-12-24,82.2,6.16,87.66,2464.86,49.36
7144,4,2025-12-24,84.78,5.9,67.93,2456.85,71.2
7145,5,2025-12-24,83.48,4.67,85.96,1888.56,55.07
7146,6,2025-12-24,76.61,5.17,96.47,2375.79,59.27
7147,7,2025-12-24,73.09,4.19,72.92,2778.39,64.88
7148,8,2025-12-24,67.21,4.03,78.81,1740.44,66.3
7149,9,2025-12-24,82.04,6.78,70.26,1520.0,53.37
7150,10,2025-12-24,78.12,6.86,95.96,2022.06,65.93
7151,11,2025-12-24,83.8,6.0,77.13,1558.47,65.37
7152,12,2025-12-24,81.46,5.79,43.13,2377.08,43.01
7153,13,2025-12-24,72.49,3.7,79.2,1954.7,56.58
7154,14,2025-12-24,76.94,1.2,42.71,1754.18,33.53
7155,15,2025-12-24,83.54,4.68,82.27,1602.1,35.44
7156,16,2025-12-24,81.85,6.17,67.35,2565.32,72.8
7157,17,2025-12-24,74.34,4.1,83.11,1565.76,58.22
7158,18,2025-12-24,80.64,4.63,71.4,2386.58,66.73
7159,19,2025-12-24,77.98,4.65,75.23,2460.54,54.09
7160,20,2025-12-24,85.73,5.46,79.73,2647.87,64.57
7161,1,2025-12-25,89.24,5.63,70.67,2266.3,71.52
7162,2,2025-12-25,71.05,4.83,83.94,1664.84,26.44
7163,3,2025-12-25,79.76,6.64,73.05,1504.12,71.42
7164,4,2025-12-25,76.25,5.53,65.98,2395.72,56.96
7165,5,2025-12-25,77.84,4.07,61.23,2046.19,60.96
7166,6,2025-12-25,82.73,7.19,75.75,2436.29,48.42
7167,7,2025-12-25,72.49,4.69,78.46,2507.18,46.49
7168,8,2025-12-25,80.71,4.3,77.46,1528.22,49.37
7169,9,2025-12-25,86.62,5.74,62.24,2364.65,61.18
7170,10,2025-12-25,65.17,6.0,85.54,1611.84,50.84
7171,11,2025-12-25,84.33,5.12,64.42,2356.84,63.52
7172,12,2025-12-25,72.77,2.84,52.9,2314.3,46.7
7173,13,2025-12-25,83.9,4.75,79.28,1874.13,45.51
7174,14,2025-12-25,56.0,3.51,74.7,1777.18,70.2
7175,15,2025-12-25,84.65,2.53,50.63,2147.12,43.54
7176,16,2025-12-25,82.1,5.17,78.56,1906.2,64.84
7177,17,2025-12-25,75.91,6.19,81.8,2301.17,57.37
7178,18,2025-12-25,78.29,4.23,66.2,1697.33,60.75
7179,19,2025-12-25,83.09,6.21,67.09,2574.12,61.27
7180,20,2025-12-25,91.62,6.98,77.02,1580.01,56.09
7181,1,2025-12-26,79.47,5.86,77.04,2545.92,64.53
7182,2,2025-12-26,55.56,1.19,77.93,1202.07,22.88
7183,3,2025-12-26,78.34,5.97,68.61,1975.02,54.57
7184,4,2025-12-26,90.24,6.84,94.02,3019.19,66.95
7185,5,2025-12-26,73.81,5.7,81.86,1658.73,51.89
7186,6,2025-12-26,72.39,5.42,72.77,2110.61,59.36
7187,7,2025-12-26,74.92,4.21,74.97,2106.28,77.09
7188,8,2025-12-26,73.72,4.46,67.06,1566.94,43.8
7189,9,2025-12-26,80.23,4.64,89.83,1876.21,59.36
7190,10,2025-12-26,80.69,4.9,65.13,2080.58,70.45
7191,11,2025-12-26,81.73,7.44,74.1,2633.0,50.44
7192,12,2025-12-26,72.5,1.03,42.05,2335.14,59.09
7193,13,2025-12-26,90.89,5.03,78.19,1193.07,75.25
7194,14,2025-12-26,78.35,1.86,74.87,2436.89,66.87
7195,15,2025-12-26,59.86,1.34,58.58,1859.71,34.05
7196,16,2025-12-26,83.55,4.73,92.89,1230.47,73.14
7197,17,2025-12-26,85.37,6.52,75.77,2224.64,65.49
7198,18,2025-12-26,90.28,4.37,87.29,2129.53,68.82
7199,19,2025-12-26,90.28,4.98,79.46,1896.04,47.41
7200,20,2025-12-26,83.68,5.25,78.13,1432.64,54.15
7201,1,2025-12-27,73.62,3.5,45.85,2114.53,43.64
7202,2,2025-12-27,75.33,5.36,57.36,1429.36,74.81
7203,3,2025-12-27,91.85,5.27,88.24,2185.23,76.17
7204,4,2025-12-27,76.17,2.53,75.8,1815.78,39.96
7205,5,2025-12-27,76.31,4.41,73.31,2370.07,73.14
7206,6,2025-12-27,82.55,4.68,88.91,2511.69,63.15
7207,7,2025-12-27,81.61,6.47,89.21,2605.76,71.19
7208,8,2025-12-27,83.11,4.5,76.93,2606.14,64.1
7209,9,2025-12-27,82.05,6.95,84.32,1471.68,55.7
7210,10,2025-12-27,70.59,4.03,59.73,1361.78,22.85
7211,11,2025-12-27,90.68,5.5,69.93,2599.18,78.33
7212,12,2025-12-27,74.33,5.65,57.19,1856.46,58.66
7213,13,2025-12-27,85.75,7.37,79.55,2327.81,66.32
7214,14,2025-12-27,62.97,3.0,66.79,2344.72,50.61
7215,15,2025-12-27,78.73,2.72,73.47,1383.2,62.73
7216,16,2025-12-27,89.38,5.18,73.63,1811.76,61.33
7217,17,2025-12-27,57.76,4.65,78.57,1430.99,47.1
7218,18,2025-12-27,76.65,4.06,78.36,2419.57,70.87
7219,19,2025-12-27,86.71,7.23,81.73,2486.13,56.8
7220,20,2025-12-27,78.59,5.38,81.67,2131.9,68.44
7221,1,2025-12-28,62.5,1.52,54.3,1930.59,52.04
7222,2,2025-12-28,66.95,3.74,61.56,2690.99,53.82
7223,3,2025-12-28,75.26,5.08,81.87,1830.12,47.12
7224,4,2025-12-28,82.64,5.65,83.88,1541.84,67.04
7225,5,2025-12-28,86.82,5.47,64.4,2399.56,60.95
7226,6,2025-12-28,80.49,5.37,77.27,2572.74,71.89
7227,7,2025-12-28,91.33,7.24,79.98,1871.72,68.93
7228,8,2025-12-28,88.96,5.36,91.18,1773.04,67.39
7229,9,2025-12-28,76.64,3.99,81.36,1561.79,47.29
7230,10,2025-12-28,64.47,1.53,67.68,1424.91,57.05
7231,11,2025-12-28,82.4,1.85,41.38,2427.92,41.84
7232,12,2025-12-28,63.3,3.03,89.38,2057.25,23.72
7233,13,2025-12-28,73.88,1.22,88.86,2665.51,29.52
7234,14,2025-12-28,75.5,3.49,57.24,2845.75,69.65
7235,15,2025-12-28,64.18,3.41,87.81,1300.79,37.56
7236,16,2025-12-28,84.27,6.0,84.33,2159.63,55.48
7237,17,2025-12-28,71.56,2.33,69.95,2981.55,59.14
7238,18,2025-12-28,82.26,5.61,73.31,1624.86,52.32
7239,19,2025-12-28,59.47,4.17,89.96,2802.36,51.15
7240,20,2025-12-28,58.38,2.28,47.96,1675.98,69.51
7241,1,2025-12-29,64.85,3.82,57.99,2282.64,37.62
7242,2,2025-12-29,64.92,4.4,47.53,2068.29,31.93
7243,3,2025-12-29,76.06,1.12,45.72,2113.66,52.27
7244,4,2025-12-29,73.28,2.33,53.31,2142.9,37.61
7245,5,2025-12-29,76.46,6.61,67.04,2744.17,84.41
7246,6,2025-12-29,79.03,4.28,90.5,1577.62,50.93
7247,7,2025-12-29,70.62,1.77,84.65,2712.55,66.54
7248,8,2025-12-29,84.5,6.2,77.15,1628.69,75.7
7249,9,2025-12-29,68.57,2.16,46.15,2064.39,33.24
7250,10,2025-12-29,67.18,4.04,66.95,1888.56,52.7
7251,11,2025-12-29,61.62,1.58,82.8,2773.79,33.19
7252,12,2025-12-29,76.7,3.68,47.99,2252.9,56.02
7253,13,2025-12-29,84.05,3.06,43.7,1804.72,25.94
7254,14,2025-12-29,71.44,5.92,40.51,2445.96,21.55
7255,15,2025-12-29,66.04,2.54,44.08,2195.84,42.23
7256,16,2025-12-29,72.39,4.43,82.29,2138.0,56.11
7257,17,2025-12-29,71.39,2.59,72.2,2526.29,70.35
7258,18,2025-12-29,75.5,5.98,44.86,2183.09,65.66
7259,19,2025-12-29,62.32,4.09,77.28,1433.53,66.7
7260,20,2025-12-29,64.8,3.46,80.66,2863.94,71.73
7261,1,2025-12-30,55.19,5.78,75.1,2851.31,66.99
7262,2,2025-12-30,66.32,1.92,65.17,2261.3,45.99
7263,3,2025-12-30,84.32,5.86,82.95,2268.2,65.35
7264,4,2025-12-30,56.76,2.47,81.5,1931.56,23.5
7265,5,2025-12-30,62.5,5.94,67.85,2435.73,60.5
7266,6,2025-12-30,84.0,4.56,89.71,2443.72,65.56
7267,7,2025-12-30,74.32,4.27,82.61,1216.72,56.89
7268,8,2025-12-30,85.89,5.89,73.62,2249.05,58.73
7269,9,2025-12-30,82.8,4.79,61.73,1520.23,21.13
7270,10,2025-12-30,57.04,3.28,54.09,2706.88,49.98
7271,11,2025-12-30,61.27,3.93,74.17,2382.12,38.97
7272,12,2025-12-30,79.09,3.43,77.59,1810.01,57.56
7273,13,2025-12-30,60.25,4.47,40.5,2488.13,47.16
7274,14,2025-12-30,75.26,4.87,41.1,2267.06,34.48
7275,15,2025-12-30,75.18,5.24,53.98,2117.99,49.18
7276,16,2025-12-30,63.35,5.34,88.94,2353.38,31.9
7277,17,2025-12-30,67.58,1.74,63.7,2754.05,23.47
7278,18,2025-12-30,74.36,1.09,53.53,2070.8,60.31
7279,19,2025-12-30,77.25,1.7,48.65,2781.95,22.73
7280,20,2025-12-30,72.11,2.84,74.32,2306.89,56.11
7281,1,2025-12-31,65.82,5.54,63.19,1710.22,49.7
7282,2,2025-12-31,78.9,3.52,46.63,1234.85,42.4
7283,3,2025-12-31,83.38,3.4,60.51,1694.43,54.47
7284,4,2025-12-31,72.89,1.32,58.62,1647.92,52.37
7285,5,2025-12-31,77.98,1.92,72.25,2873.07,68.05
7286,6,2025-12-31,84.66,3.86,42.09,2985.29,59.35
7287,7,2025-12-31,67.02,5.43,58.14,2033.55,47.06
7288,8,2025-12-31,84.01,4.78,47.97,2407.48,31.5
7289,9,2025-12-31,75.52,2.96,60.93,1988.76,48.92
7290,10,2025-12-31,78.69,2.46,61.56,1804.13,55.86
7291,11,2025-12-31,61.52,2.79,53.31,2109.41,58.28
7292,12,2025-12-31,76.09,5.18,56.04,1441.83,63.74
7293,13,2025-12-31,67.18,1.19,80.02,1260.46,22.03
7294,14,2025-12-31,79.77,2.81,74.71,1817.47,53.46
7295,15,2025-12-31,78.48,2.01,85.84,2453.49,55.25
7296,16,2025-12-31,82.01,5.44,46.61,2681.33,52.35
7297,17,2025-12-31,83.89,4.04,89.4,2342.01,58.05
7298,18,2025-12-31,82.02,2.18,88.43,1593.39,33.63
7299,19,2025-12-31,72.45,3.49,48.69,1945.08,74.68
7300,20,2025-12-31,68.09,4.03,86.7,2000.77,66.45
