production_record_id,production_line_id,production_date,production_target,actual_production,production_efficiency,downtime_duration,shift
1,1,2025-01-01,1454,1147,78.89,0.2,Evening
2,2,2025-01-01,1050,901,85.81,1.12,Morning
3,3,2025-01-01,1492,1398,93.7,0.7,Evening
4,4,2025-01-01,832,631,75.84,0.75,Morning
5,5,2025-01-01,1317,1295,98.33,0.21,Morning
6,6,2025-01-01,1533,1481,96.61,5.61,Evening
7,7,2025-01-01,1025,997,97.27,4.71,Morning
8,8,2025-01-01,1577,1263,80.09,5.59,Evening
9,9,2025-01-01,1084,892,82.29,1.72,Evening
10,10,2025-01-01,904,701,77.54,3.04,Evening
11,1,2025-01-02,1667,1426,85.54,4.83,Morning
12,2,2025-01-02,1547,1395,90.17,4.29,Evening
13,3,2025-01-02,880,801,91.02,2.35,Night
14,4,2025-01-02,1433,1259,87.86,4.62,Night
15,5,2025-01-02,871,664,76.23,5.29,Evening
16,6,2025-01-02,881,878,99.66,1.86,Morning
17,7,2025-01-02,1189,1033,86.88,3.63,Evening
18,8,2025-01-02,966,818,84.68,2.84,Night
19,9,2025-01-02,1073,840,78.29,4.87,Morning
20,10,2025-01-02,1346,1134,84.25,1.31,Evening
21,1,2025-01-03,1076,919,85.41,5.48,Morning
22,2,2025-01-03,1034,791,76.5,6.44,Evening
23,3,2025-01-03,1074,838,78.03,1.69,Night
24,4,2025-01-03,1697,1639,96.58,2.52,Night
25,5,2025-01-03,1311,1185,90.39,7.08,Night
26,6,2025-01-03,1269,1024,80.69,2.12,Morning
27,7,2025-01-03,1562,1458,93.34,4.31,Night
28,8,2025-01-03,1398,1267,90.63,7.18,Evening
29,9,2025-01-03,1170,989,84.53,7.98,Morning
30,10,2025-01-03,1321,1242,94.02,0.73,Morning
31,1,2025-01-04,1681,1316,78.29,1.22,Morning
32,2,2025-01-04,1611,1556,96.59,3.38,Morning
33,3,2025-01-04,1194,1090,91.29,4.77,Evening
34,4,2025-01-04,1341,1133,84.49,7.77,Morning
35,5,2025-01-04,1496,1491,99.67,0.92,Night
36,6,2025-01-04,1568,1312,83.67,6.15,Evening
37,7,2025-01-04,914,760,83.15,3.48,Evening
38,8,2025-01-04,803,786,97.88,7.01,Evening
39,9,2025-01-04,1795,1602,89.25,6.1,Night
40,10,2025-01-04,1734,1354,78.09,6.96,Evening
41,1,2025-01-05,1661,1572,94.64,4.06,Morning
42,2,2025-01-05,956,812,84.94,6.1,Night
43,3,2025-01-05,1776,1730,97.41,7.38,Morning
44,4,2025-01-05,1413,1224,86.62,3.91,Morning
45,5,2025-01-05,1751,1498,85.55,7.03,Evening
46,6,2025-01-05,1045,812,77.7,1.93,Night
47,7,2025-01-05,1769,1366,77.22,0.69,Evening
48,8,2025-01-05,1635,1261,77.13,7.82,Night
49,9,2025-01-05,1584,1252,79.04,1.03,Evening
50,10,2025-01-05,1769,1607,90.84,1.32,Night
51,1,2025-01-06,1693,1579,93.27,3.39,Morning
52,2,2025-01-06,1751,1589,90.75,6.04,Night
53,3,2025-01-06,1005,935,93.03,2.49,Night
54,4,2025-01-06,1465,1289,87.99,3.5,Night
55,5,2025-01-06,1262,1007,79.79,1.98,Morning
56,6,2025-01-06,1146,869,75.83,4.71,Morning
57,7,2025-01-06,1402,1163,82.95,0.06,Night
58,8,2025-01-06,1446,1114,77.04,1.83,Morning
59,9,2025-01-06,1680,1429,85.06,0.57,Morning
60,10,2025-01-06,1085,1061,97.79,1.71,Morning
61,1,2025-01-07,1540,1447,93.96,4.61,Morning
62,2,2025-01-07,1603,1444,90.08,6.46,Morning
63,3,2025-01-07,896,696,77.68,5.27,Evening
64,4,2025-01-07,1233,1134,91.97,3.74,Night
65,5,2025-01-07,855,813,95.09,5.23,Night
66,6,2025-01-07,900,690,76.67,3.22,Evening
67,7,2025-01-07,1619,1269,78.38,1.99,Morning
68,8,2025-01-07,1349,1240,91.92,1.12,Morning
69,9,2025-01-07,1085,1049,96.68,2.0,Morning
70,10,2025-01-07,1253,1220,97.37,0.78,Night
71,1,2025-01-08,1353,1021,75.46,7.75,Morning
72,2,2025-01-08,970,831,85.67,3.89,Morning
73,3,2025-01-08,1685,1468,87.12,7.22,Morning
74,4,2025-01-08,1188,892,75.08,7.88,Evening
75,5,2025-01-08,1748,1712,97.94,6.28,Evening
76,6,2025-01-08,1233,1208,97.97,5.29,Evening
77,7,2025-01-08,958,766,79.96,2.37,Morning
78,8,2025-01-08,1393,1321,94.83,0.49,Evening
79,9,2025-01-08,858,655,76.34,4.67,Night
80,10,2025-01-08,1741,1741,100.0,4.25,Morning
81,1,2025-01-09,1783,1597,89.57,0.64,Morning
82,2,2025-01-09,870,804,92.41,0.54,Morning
83,3,2025-01-09,1213,970,79.97,7.53,Night
84,4,2025-01-09,1052,809,76.9,4.96,Evening
85,5,2025-01-09,1473,1402,95.18,4.52,Evening
86,6,2025-01-09,1757,1450,82.53,1.63,Night
87,7,2025-01-09,1121,962,85.82,2.12,Morning
88,8,2025-01-09,1487,1445,97.18,2.4,Evening
89,9,2025-01-09,1751,1697,96.92,7.49,Morning
90,10,2025-01-09,1269,1269,100.0,7.99,Morning
91,1,2025-01-10,875,793,90.63,1.71,Evening
92,2,2025-01-10,935,790,84.49,7.05,Morning
93,3,2025-01-10,1178,1028,87.27,1.26,Night
94,4,2025-01-10,1520,1294,85.13,4.89,Night
95,5,2025-01-10,1341,1009,75.24,5.34,Night
96,6,2025-01-10,1106,882,79.75,7.51,Morning
97,7,2025-01-10,1070,861,80.47,7.12,Night
98,8,2025-01-10,1366,1103,80.75,2.18,Night
99,9,2025-01-10,1015,944,93.0,2.74,Night
100,10,2025-01-10,1449,1221,84.27,4.04,Evening
101,1,2025-01-11,1727,1321,76.49,0.74,Evening
102,2,2025-01-11,1649,1377,83.51,0.35,Evening
103,3,2025-01-11,1589,1257,79.11,5.1,Evening
104,4,2025-01-11,965,912,94.51,3.53,Night
105,5,2025-01-11,1237,1214,98.14,0.08,Morning
106,6,2025-01-11,1767,1678,94.96,7.23,Night
107,7,2025-01-11,836,721,86.24,4.66,Morning
108,8,2025-01-11,1240,995,80.24,0.33,Evening
109,9,2025-01-11,1720,1697,98.66,7.78,Morning
110,10,2025-01-11,1720,1473,85.64,1.68,Morning
111,1,2025-01-12,1482,1163,78.48,2.83,Night
112,2,2025-01-12,1705,1486,87.16,7.79,Night
113,3,2025-01-12,958,954,99.58,7.44,Morning
114,4,2025-01-12,1799,1758,97.72,6.49,Evening
115,5,2025-01-12,825,663,80.36,5.89,Evening
116,6,2025-01-12,1601,1410,88.07,6.42,Night
117,7,2025-01-12,1630,1349,82.76,2.13,Night
118,8,2025-01-12,910,779,85.6,6.98,Evening
119,9,2025-01-12,1027,872,84.91,6.53,Evening
120,10,2025-01-12,1158,1024,88.43,6.56,Morning
121,1,2025-01-13,1028,783,76.17,5.28,Evening
122,2,2025-01-13,1136,994,87.5,6.91,Evening
123,3,2025-01-13,1159,1129,97.41,3.2,Night
124,4,2025-01-13,1139,868,76.21,0.92,Evening
125,5,2025-01-13,982,884,90.02,7.7,Evening
126,6,2025-01-13,839,656,78.19,4.77,Evening
127,7,2025-01-13,1546,1319,85.32,3.49,Night
128,8,2025-01-13,918,786,85.62,7.2,Morning
129,9,2025-01-13,1060,817,77.08,5.67,Morning
130,10,2025-01-13,1332,1274,95.65,5.49,Night
131,1,2025-01-14,1554,1508,97.04,1.58,Evening
132,2,2025-01-14,871,823,94.49,7.37,Night
133,3,2025-01-14,1121,903,80.55,5.76,Evening
134,4,2025-01-14,1319,1147,86.96,5.34,Evening
135,5,2025-01-14,1212,1060,87.46,4.44,Morning
136,6,2025-01-14,1230,1116,90.73,5.42,Morning
137,7,2025-01-14,1430,1363,95.31,2.41,Night
138,8,2025-01-14,1653,1239,74.95,2.43,Morning
139,9,2025-01-14,1240,1226,98.87,4.85,Evening
140,10,2025-01-14,1276,1183,92.71,3.54,Morning
141,1,2025-01-15,1323,1234,93.27,6.35,Night
142,2,2025-01-15,973,897,92.19,0.68,Night
143,3,2025-01-15,1479,1433,96.89,4.95,Morning
144,4,2025-01-15,1638,1612,98.41,1.88,Evening
145,5,2025-01-15,1030,873,84.76,1.18,Morning
146,6,2025-01-15,1050,1030,98.1,4.89,Morning
147,7,2025-01-15,1266,1161,91.71,7.09,Night
148,8,2025-01-15,999,932,93.29,5.57,Evening
149,9,2025-01-15,1209,1030,85.19,1.18,Night
150,10,2025-01-15,805,795,98.76,6.88,Morning
151,1,2025-01-16,1597,1414,88.54,1.75,Night
152,2,2025-01-16,1330,1234,92.78,0.4,Morning
153,3,2025-01-16,1739,1738,99.94,0.97,Morning
154,4,2025-01-16,1620,1452,89.63,5.34,Night
155,5,2025-01-16,1409,1218,86.44,7.6,Evening
156,6,2025-01-16,1427,1328,93.06,3.41,Night
157,7,2025-01-16,1256,1023,81.45,5.95,Evening
158,8,2025-01-16,1260,1077,85.48,6.01,Night
159,9,2025-01-16,1083,1078,99.54,3.88,Morning
160,10,2025-01-16,1081,1035,95.74,0.62,Evening
161,1,2025-01-17,1040,919,88.37,2.69,Night
162,2,2025-01-17,882,696,78.91,1.21,Evening
163,3,2025-01-17,1510,1210,80.13,5.65,Morning
164,4,2025-01-17,1224,1126,91.99,2.65,Evening
165,5,2025-01-17,1225,949,77.47,1.65,Evening
166,6,2025-01-17,1198,1197,99.92,7.57,Morning
167,7,2025-01-17,1677,1648,98.27,4.61,Evening
168,8,2025-01-17,806,694,86.1,2.39,Evening
169,9,2025-01-17,1673,1468,87.75,4.31,Night
170,10,2025-01-17,1359,1327,97.65,7.18,Evening
171,1,2025-01-18,1024,907,88.57,3.49,Morning
172,2,2025-01-18,1198,1070,89.32,5.35,Evening
173,3,2025-01-18,1541,1239,80.4,6.72,Morning
174,4,2025-01-18,1437,1350,93.95,0.22,Evening
175,5,2025-01-18,1406,1342,95.45,5.3,Morning
176,6,2025-01-18,1458,1312,89.99,1.09,Evening
177,7,2025-01-18,986,751,76.17,2.08,Evening
178,8,2025-01-18,1016,878,86.42,2.61,Evening
179,9,2025-01-18,1084,1028,94.83,2.02,Morning
180,10,2025-01-18,1281,969,75.64,5.99,Morning
181,1,2025-01-19,1774,1509,85.06,1.79,Morning
182,2,2025-01-19,1599,1532,95.81,0.32,Morning
183,3,2025-01-19,1772,1455,82.11,1.59,Morning
184,4,2025-01-19,1436,1155,80.43,1.91,Evening
185,5,2025-01-19,1485,1171,78.86,4.51,Morning
186,6,2025-01-19,1276,1088,85.27,6.14,Morning
187,7,2025-01-19,1420,1375,96.83,7.71,Night
188,8,2025-01-19,917,886,96.62,6.55,Evening
189,9,2025-01-19,910,830,91.21,0.21,Evening
190,10,2025-01-19,1389,1387,99.86,7.26,Evening
191,1,2025-01-20,1206,1005,83.33,0.61,Night
192,2,2025-01-20,1650,1558,94.42,1.94,Night
193,3,2025-01-20,1591,1347,84.66,6.8,Night
194,4,2025-01-20,1624,1279,78.76,6.37,Night
195,5,2025-01-20,1601,1221,76.26,2.78,Evening
196,6,2025-01-20,1477,1296,87.75,0.55,Night
197,7,2025-01-20,1149,867,75.46,6.8,Evening
198,8,2025-01-20,908,791,87.11,7.69,Night
199,9,2025-01-20,1712,1708,99.77,3.68,Morning
200,10,2025-01-20,1245,1023,82.17,5.87,Night
201,1,2025-01-21,1076,1054,97.96,3.72,Night
202,2,2025-01-21,1406,1191,84.71,2.58,Morning
203,3,2025-01-21,1650,1281,77.64,2.23,Evening
204,4,2025-01-21,1049,1023,97.52,4.56,Night
205,5,2025-01-21,1188,1063,89.48,0.23,Evening
206,6,2025-01-21,986,863,87.53,1.7,Evening
207,7,2025-01-21,1148,1004,87.46,7.04,Night
208,8,2025-01-21,1701,1416,83.25,4.45,Night
209,9,2025-01-21,1770,1424,80.45,0.68,Night
210,10,2025-01-21,1216,1162,95.56,4.44,Morning
211,1,2025-01-22,1507,1373,91.11,5.17,Evening
212,2,2025-01-22,1258,951,75.6,0.74,Morning
213,3,2025-01-22,1214,1034,85.17,2.45,Night
214,4,2025-01-22,1177,1124,95.5,4.43,Evening
215,5,2025-01-22,1235,1207,97.73,2.65,Night
216,6,2025-01-22,1264,1086,85.92,2.45,Morning
217,7,2025-01-22,923,876,94.91,1.54,Morning
218,8,2025-01-22,1560,1444,92.56,7.61,Night
219,9,2025-01-22,989,790,79.88,1.73,Evening
220,10,2025-01-22,1083,1080,99.72,4.77,Morning
221,1,2025-01-23,1652,1338,80.99,2.37,Evening
222,2,2025-01-23,983,814,82.81,0.11,Night
223,3,2025-01-23,929,766,82.45,0.36,Morning
224,4,2025-01-23,1366,1173,85.87,5.58,Morning
225,5,2025-01-23,1453,1340,92.22,0.82,Morning
226,6,2025-01-23,1387,1185,85.44,3.76,Evening
227,7,2025-01-23,1148,955,83.19,7.72,Evening
228,8,2025-01-23,1763,1763,100.0,3.82,Morning
229,9,2025-01-23,1210,1158,95.7,0.59,Night
230,10,2025-01-23,1502,1153,76.76,1.21,Night
231,1,2025-01-24,1771,1483,83.74,0.68,Morning
232,2,2025-01-24,921,832,90.34,6.12,Night
233,3,2025-01-24,1410,1373,97.38,1.81,Night
234,4,2025-01-24,1189,1121,94.28,7.27,Evening
235,5,2025-01-24,1680,1561,92.92,7.92,Evening
236,6,2025-01-24,1382,1353,97.9,0.48,Night
237,7,2025-01-24,901,870,96.56,1.66,Morning
238,8,2025-01-24,1070,843,78.79,1.26,Morning
239,9,2025-01-24,1365,1061,77.73,1.25,Evening
240,10,2025-01-24,1261,1249,99.05,3.76,Morning
241,1,2025-01-25,1037,924,89.1,5.66,Night
242,2,2025-01-25,1680,1492,88.81,0.57,Morning
243,3,2025-01-25,1746,1444,82.7,6.3,Night
244,4,2025-01-25,1403,1390,99.07,6.43,Morning
245,5,2025-01-25,1235,984,79.68,4.36,Night
246,6,2025-01-25,952,946,99.37,2.13,Morning
247,7,2025-01-25,873,669,76.63,1.33,Evening
248,8,2025-01-25,1409,1347,95.6,7.37,Evening
249,9,2025-01-25,927,814,87.81,5.51,Night
250,10,2025-01-25,1212,1048,86.47,4.0,Evening
251,1,2025-01-26,1248,977,78.29,4.78,Evening
252,2,2025-01-26,1552,1329,85.63,4.83,Morning
253,3,2025-01-26,893,727,81.41,7.7,Night
254,4,2025-01-26,1401,1060,75.66,8.0,Night
255,5,2025-01-26,1641,1367,83.3,4.61,Morning
256,6,2025-01-26,1281,1225,95.63,5.21,Evening
257,7,2025-01-26,985,887,90.05,3.49,Evening
258,8,2025-01-26,1792,1390,77.57,3.76,Evening
259,9,2025-01-26,1141,1019,89.31,5.36,Morning
260,10,2025-01-26,1137,1062,93.4,5.55,Evening
261,1,2025-01-27,1478,1313,88.84,6.51,Night
262,2,2025-01-27,837,743,88.77,0.7,Evening
263,3,2025-01-27,1131,907,80.19,7.76,Evening
264,4,2025-01-27,1685,1526,90.56,6.6,Morning
265,5,2025-01-27,1473,1381,93.75,3.7,Morning
266,6,2025-01-27,992,876,88.31,2.89,Evening
267,7,2025-01-27,1440,1306,90.69,6.08,Morning
268,8,2025-01-27,1073,871,81.17,7.42,Evening
269,9,2025-01-27,1701,1632,95.94,3.88,Morning
270,10,2025-01-27,1796,1669,92.93,4.87,Morning
271,1,2025-01-28,1526,1225,80.28,2.49,Morning
272,2,2025-01-28,1365,1231,90.18,0.75,Morning
273,3,2025-01-28,1272,1014,79.72,5.18,Morning
274,4,2025-01-28,1310,1131,86.34,4.07,Evening
275,5,2025-01-28,1225,1165,95.1,7.84,Morning
276,6,2025-01-28,1267,1232,97.24,1.16,Morning
277,7,2025-01-28,1743,1613,92.54,4.07,Morning
278,8,2025-01-28,1684,1298,77.08,2.21,Evening
279,9,2025-01-28,1148,1120,97.56,2.14,Morning
280,10,2025-01-28,1089,968,88.89,6.7,Night
281,1,2025-01-29,1475,1356,91.93,6.92,Evening
282,2,2025-01-29,1351,1260,93.26,2.76,Night
283,3,2025-01-29,1581,1463,92.54,3.02,Evening
284,4,2025-01-29,1690,1363,80.65,7.85,Morning
285,5,2025-01-29,1385,1234,89.1,1.87,Evening
286,6,2025-01-29,844,714,84.6,5.96,Night
287,7,2025-01-29,1735,1716,98.9,3.05,Night
288,8,2025-01-29,1611,1541,95.65,7.85,Evening
289,9,2025-01-29,1787,1358,75.99,1.01,Night
290,10,2025-01-29,1139,905,79.46,6.99,Evening
291,1,2025-01-30,902,810,89.8,7.28,Morning
292,2,2025-01-30,1539,1227,79.73,3.28,Night
293,3,2025-01-30,1793,1423,79.36,0.6,Evening
294,4,2025-01-30,1146,1062,92.67,5.2,Evening
295,5,2025-01-30,1672,1599,95.63,6.87,Evening
296,6,2025-01-30,1777,1494,84.07,5.01,Evening
297,7,2025-01-30,1693,1546,91.32,0.29,Morning
298,8,2025-01-30,1040,927,89.13,7.98,Night
299,9,2025-01-30,892,780,87.44,7.83,Night
300,10,2025-01-30,1520,1191,78.36,3.55,Night
301,1,2025-01-31,1106,843,76.22,0.37,Morning
302,2,2025-01-31,1100,1008,91.64,3.0,Morning
303,3,2025-01-31,1050,997,94.95,4.53,Morning
304,4,2025-01-31,974,774,79.47,0.63,Evening
305,5,2025-01-31,1434,1424,99.3,1.93,Night
306,6,2025-01-31,946,768,81.18,3.69,Evening
307,7,2025-01-31,1270,1082,85.2,5.33,Evening
308,8,2025-01-31,1722,1438,83.51,5.42,Morning
309,9,2025-01-31,875,769,87.89,7.56,Night
310,10,2025-01-31,1106,1046,94.58,5.52,Evening
311,1,2025-02-01,1665,1402,84.2,1.59,Evening
312,2,2025-02-01,1673,1501,89.72,0.85,Evening
313,3,2025-02-01,1385,1221,88.16,4.6,Night
314,4,2025-02-01,1102,837,75.95,7.82,Night
315,5,2025-02-01,1205,1043,86.56,0.06,Night
316,6,2025-02-01,1596,1578,98.87,7.79,Night
317,7,2025-02-01,1563,1426,91.23,6.66,Evening
318,8,2025-02-01,1594,1312,82.31,4.86,Evening
319,9,2025-02-01,1024,865,84.47,4.97,Night
320,10,2025-02-01,1573,1548,98.41,6.14,Night
321,1,2025-02-02,1658,1313,79.19,5.03,Night
322,2,2025-02-02,1461,1115,76.32,2.47,Evening
323,3,2025-02-02,834,773,92.69,2.92,Morning
324,4,2025-02-02,892,744,83.41,2.61,Evening
325,5,2025-02-02,979,785,80.18,1.06,Night
326,6,2025-02-02,1697,1459,85.98,4.25,Evening
327,7,2025-02-02,1650,1321,80.06,2.06,Evening
328,8,2025-02-02,1790,1754,97.99,2.36,Evening
329,9,2025-02-02,1623,1275,78.56,3.75,Morning
330,10,2025-02-02,944,901,95.44,7.73,Night
331,1,2025-02-03,1541,1500,97.34,7.84,Night
332,2,2025-02-03,1174,926,78.88,6.33,Morning
333,3,2025-02-03,1070,865,80.84,3.64,Night
334,4,2025-02-03,1566,1518,96.93,2.1,Evening
335,5,2025-02-03,1642,1557,94.82,7.52,Morning
336,6,2025-02-03,1491,1237,82.96,3.77,Night
337,7,2025-02-03,1705,1565,91.79,2.62,Night
338,8,2025-02-03,1026,801,78.07,5.08,Evening
339,9,2025-02-03,1731,1656,95.67,2.42,Evening
340,10,2025-02-03,919,724,78.78,0.36,Morning
341,1,2025-02-04,1111,1085,97.66,0.93,Morning
342,2,2025-02-04,1708,1556,91.1,1.09,Evening
343,3,2025-02-04,1179,1160,98.39,3.35,Night
344,4,2025-02-04,1544,1237,80.12,7.08,Night
345,5,2025-02-04,901,888,98.56,3.91,Evening
346,6,2025-02-04,1761,1463,83.08,0.26,Evening
347,7,2025-02-04,1022,993,97.16,3.56,Morning
348,8,2025-02-04,1675,1441,86.03,0.79,Night
349,9,2025-02-04,1176,1160,98.64,7.21,Night
350,10,2025-02-04,1167,906,77.63,3.19,Morning
351,1,2025-02-05,1791,1405,78.45,7.59,Evening
352,2,2025-02-05,893,838,93.84,1.7,Night
353,3,2025-02-05,1411,1068,75.69,0.4,Evening
354,4,2025-02-05,1049,850,81.03,6.3,Morning
355,5,2025-02-05,870,864,99.31,6.12,Morning
356,6,2025-02-05,1400,1160,82.86,6.5,Morning
357,7,2025-02-05,1136,927,81.6,6.31,Night
358,8,2025-02-05,802,671,83.67,6.87,Morning
359,9,2025-02-05,933,837,89.71,2.01,Morning
360,10,2025-02-05,912,853,93.53,6.93,Morning
361,1,2025-02-06,815,702,86.13,6.32,Morning
362,2,2025-02-06,1402,1216,86.73,0.13,Evening
363,3,2025-02-06,853,671,78.66,5.93,Night
364,4,2025-02-06,916,877,95.74,0.51,Evening
365,5,2025-02-06,1596,1382,86.59,4.11,Morning
366,6,2025-02-06,1262,1203,95.32,1.77,Night
367,7,2025-02-06,844,819,97.04,6.27,Night
368,8,2025-02-06,1333,1153,86.5,3.66,Morning
369,9,2025-02-06,862,768,89.1,6.78,Evening
370,10,2025-02-06,1502,1181,78.63,3.92,Evening
371,1,2025-02-07,875,676,77.26,2.58,Morning
372,2,2025-02-07,867,682,78.66,2.2,Night
373,3,2025-02-07,1399,1329,95.0,5.7,Evening
374,4,2025-02-07,1411,1329,94.19,2.36,Night
375,5,2025-02-07,1419,1284,90.49,0.79,Night
376,6,2025-02-07,917,905,98.69,5.24,Night
377,7,2025-02-07,1538,1263,82.12,3.44,Morning
378,8,2025-02-07,1223,1090,89.13,6.62,Evening
379,9,2025-02-07,1225,966,78.86,2.5,Evening
380,10,2025-02-07,1481,1240,83.73,2.99,Morning
381,1,2025-02-08,1503,1369,91.08,0.54,Morning
382,2,2025-02-08,895,781,87.26,0.77,Night
383,3,2025-02-08,1181,951,80.52,4.45,Night
384,4,2025-02-08,1779,1621,91.12,4.49,Night
385,5,2025-02-08,925,798,86.27,2.83,Night
386,6,2025-02-08,1763,1706,96.77,3.38,Night
387,7,2025-02-08,852,712,83.57,4.8,Evening
388,8,2025-02-08,906,826,91.17,4.06,Morning
389,9,2025-02-08,1472,1350,91.71,1.79,Morning
390,10,2025-02-08,1158,1152,99.48,2.94,Evening
391,1,2025-02-09,1387,1155,83.27,6.46,Night
392,2,2025-02-09,1797,1739,96.77,6.55,Night
393,3,2025-02-09,1491,1447,97.05,4.45,Night
394,4,2025-02-09,1751,1649,94.17,6.64,Evening
395,5,2025-02-09,829,667,80.46,2.19,Evening
396,6,2025-02-09,1743,1480,84.91,2.81,Morning
397,7,2025-02-09,1690,1340,79.29,4.53,Evening
398,8,2025-02-09,871,689,79.1,5.93,Morning
399,9,2025-02-09,893,860,96.3,4.24,Evening
400,10,2025-02-09,1229,1153,93.82,2.73,Evening
401,1,2025-02-10,1119,1005,89.81,6.21,Night
402,2,2025-02-10,1410,1100,78.01,7.07,Morning
403,3,2025-02-10,961,913,95.01,4.94,Night
404,4,2025-02-10,883,731,82.79,3.54,Evening
405,5,2025-02-10,1297,1282,98.84,3.54,Evening
406,6,2025-02-10,1020,823,80.69,2.76,Morning
407,7,2025-02-10,1090,1066,97.8,4.22,Evening
408,8,2025-02-10,846,690,81.56,3.16,Night
409,9,2025-02-10,856,643,75.12,1.64,Morning
410,10,2025-02-10,1585,1258,79.37,6.11,Evening
411,1,2025-02-11,1135,912,80.35,0.06,Night
412,2,2025-02-11,1240,1019,82.18,1.03,Night
413,3,2025-02-11,1520,1257,82.7,4.0,Night
414,4,2025-02-11,1625,1399,86.09,0.58,Night
415,5,2025-02-11,843,743,88.14,0.15,Morning
416,6,2025-02-11,1682,1421,84.48,4.61,Night
417,7,2025-02-11,1214,1123,92.5,2.32,Evening
418,8,2025-02-11,821,698,85.02,1.37,Night
419,9,2025-02-11,1271,1138,89.54,0.71,Morning
420,10,2025-02-11,1049,1009,96.19,4.71,Night
421,1,2025-02-12,880,761,86.48,6.96,Night
422,2,2025-02-12,1147,973,84.83,2.66,Morning
423,3,2025-02-12,878,788,89.75,5.07,Night
424,4,2025-02-12,1322,1090,82.45,7.25,Evening
425,5,2025-02-12,1159,944,81.45,1.89,Morning
426,6,2025-02-12,1062,897,84.46,1.39,Morning
427,7,2025-02-12,1578,1571,99.56,5.24,Morning
428,8,2025-02-12,1774,1725,97.24,5.02,Evening
429,9,2025-02-12,1572,1467,93.32,6.08,Evening
430,10,2025-02-12,1497,1411,94.26,5.14,Night
431,1,2025-02-13,1130,1008,89.2,1.21,Morning
432,2,2025-02-13,1280,1186,92.66,5.05,Evening
433,3,2025-02-13,1405,1081,76.94,2.82,Morning
434,4,2025-02-13,1117,1073,96.06,3.62,Morning
435,5,2025-02-13,1177,1028,87.34,0.61,Morning
436,6,2025-02-13,1429,1375,96.22,4.06,Evening
437,7,2025-02-13,1394,1328,95.27,7.63,Night
438,8,2025-02-13,1717,1308,76.18,3.6,Night
439,9,2025-02-13,1467,1196,81.53,2.57,Evening
440,10,2025-02-13,1313,1061,80.81,7.66,Evening
441,1,2025-02-14,905,885,97.79,7.19,Evening
442,2,2025-02-14,1531,1191,77.79,4.04,Morning
443,3,2025-02-14,840,693,82.5,5.66,Evening
444,4,2025-02-14,1336,1269,94.99,4.88,Evening
445,5,2025-02-14,1181,1029,87.13,3.1,Evening
446,6,2025-02-14,1495,1427,95.45,0.42,Night
447,7,2025-02-14,1462,1267,86.66,0.53,Morning
448,8,2025-02-14,1371,1225,89.35,2.27,Night
449,9,2025-02-14,1672,1590,95.1,7.72,Night
450,10,2025-02-14,1694,1346,79.46,2.67,Night
451,1,2025-02-15,1479,1181,79.85,7.33,Evening
452,2,2025-02-15,1790,1677,93.69,5.59,Evening
453,3,2025-02-15,932,851,91.31,5.67,Morning
454,4,2025-02-15,1117,1029,92.12,5.15,Evening
455,5,2025-02-15,1632,1289,78.98,5.36,Night
456,6,2025-02-15,1501,1394,92.87,0.75,Night
457,7,2025-02-15,1233,1184,96.03,2.89,Evening
458,8,2025-02-15,1116,929,83.24,7.61,Evening
459,9,2025-02-15,1770,1719,97.12,3.89,Morning
460,10,2025-02-15,940,744,79.15,0.62,Morning
461,1,2025-02-16,1319,1265,95.91,6.68,Night
462,2,2025-02-16,838,797,95.11,2.69,Night
463,3,2025-02-16,934,852,91.22,3.01,Morning
464,4,2025-02-16,985,950,96.45,5.54,Night
465,5,2025-02-16,1628,1305,80.16,5.77,Morning
466,6,2025-02-16,1220,1101,90.25,5.41,Morning
467,7,2025-02-16,1792,1571,87.67,4.88,Night
468,8,2025-02-16,1602,1430,89.26,1.87,Morning
469,9,2025-02-16,1116,1077,96.51,7.23,Morning
470,10,2025-02-16,1176,1174,99.83,7.88,Evening
471,1,2025-02-17,1587,1334,84.06,6.22,Night
472,2,2025-02-17,1340,1219,90.97,7.73,Morning
473,3,2025-02-17,1620,1524,94.07,1.11,Evening
474,4,2025-02-17,853,803,94.14,3.84,Evening
475,5,2025-02-17,1367,1077,78.79,5.69,Night
476,6,2025-02-17,1671,1316,78.76,2.28,Morning
477,7,2025-02-17,1079,1039,96.29,7.24,Morning
478,8,2025-02-17,1650,1460,88.48,0.73,Morning
479,9,2025-02-17,1636,1457,89.06,7.08,Morning
480,10,2025-02-17,1224,945,77.21,3.17,Evening
481,1,2025-02-18,1041,977,93.85,7.96,Evening
482,2,2025-02-18,1029,785,76.29,2.55,Morning
483,3,2025-02-18,1659,1609,96.99,5.2,Morning
484,4,2025-02-18,940,714,75.96,2.3,Evening
485,5,2025-02-18,1512,1205,79.7,6.07,Evening
486,6,2025-02-18,1259,1259,100.0,0.04,Morning
487,7,2025-02-18,819,679,82.91,1.73,Morning
488,8,2025-02-18,1361,1331,97.8,4.22,Morning
489,9,2025-02-18,1594,1342,84.19,1.9,Morning
490,10,2025-02-18,848,697,82.19,3.36,Night
491,1,2025-02-19,1268,983,77.52,0.89,Evening
492,2,2025-02-19,1411,1332,94.4,0.13,Night
493,3,2025-02-19,1388,1164,83.86,5.75,Evening
494,4,2025-02-19,1239,929,74.98,4.92,Morning
495,5,2025-02-19,1384,1251,90.39,1.5,Night
496,6,2025-02-19,887,799,90.08,7.8,Morning
497,7,2025-02-19,1776,1601,90.15,4.35,Night
498,8,2025-02-19,1367,1035,75.71,3.12,Evening
499,9,2025-02-19,844,795,94.19,3.1,Evening
500,10,2025-02-19,1059,802,75.73,2.86,Morning
501,1,2025-02-20,1153,987,85.6,5.86,Night
502,2,2025-02-20,906,876,96.69,4.66,Evening
503,3,2025-02-20,936,713,76.18,2.82,Evening
504,4,2025-02-20,1633,1553,95.1,1.4,Night
505,5,2025-02-20,1275,1201,94.2,5.05,Morning
506,6,2025-02-20,864,831,96.18,6.21,Evening
507,7,2025-02-20,837,702,83.87,1.61,Morning
508,8,2025-02-20,1707,1301,76.22,2.52,Evening
509,9,2025-02-20,1327,1198,90.28,7.91,Night
510,10,2025-02-20,1284,1092,85.05,0.29,Night
511,1,2025-02-21,995,819,82.31,2.86,Morning
512,2,2025-02-21,1686,1599,94.84,2.66,Morning
513,3,2025-02-21,1618,1401,86.59,3.5,Evening
514,4,2025-02-21,1561,1395,89.37,7.16,Evening
515,5,2025-02-21,1147,955,83.26,3.97,Evening
516,6,2025-02-21,1176,1147,97.53,2.13,Morning
517,7,2025-02-21,1544,1375,89.05,0.63,Night
518,8,2025-02-21,1642,1323,80.57,4.36,Evening
519,9,2025-02-21,905,698,77.13,2.62,Evening
520,10,2025-02-21,1113,1062,95.42,4.82,Evening
521,1,2025-02-22,970,903,93.09,3.55,Evening
522,2,2025-02-22,843,818,97.03,6.96,Evening
523,3,2025-02-22,1429,1293,90.48,2.2,Morning
524,4,2025-02-22,876,828,94.52,5.1,Evening
525,5,2025-02-22,1325,1074,81.06,7.62,Morning
526,6,2025-02-22,1669,1562,93.59,5.42,Evening
527,7,2025-02-22,835,658,78.8,0.54,Night
528,8,2025-02-22,1175,1066,90.72,3.06,Night
529,9,2025-02-22,833,778,93.4,1.23,Evening
530,10,2025-02-22,1771,1517,85.66,2.98,Morning
531,1,2025-02-23,1387,1110,80.03,4.24,Evening
532,2,2025-02-23,1121,982,87.6,2.0,Morning
533,3,2025-02-23,826,807,97.7,1.49,Night
534,4,2025-02-23,1196,1184,99.0,0.94,Evening
535,5,2025-02-23,1520,1368,90.0,1.72,Night
536,6,2025-02-23,1092,1070,97.99,1.6,Morning
537,7,2025-02-23,1673,1291,77.17,3.62,Night
538,8,2025-02-23,1255,985,78.49,6.48,Evening
539,9,2025-02-23,1483,1289,86.92,5.68,Night
540,10,2025-02-23,1355,1164,85.9,7.13,Morning
541,1,2025-02-24,1528,1509,98.76,7.42,Night
542,2,2025-02-24,978,936,95.71,2.89,Morning
543,3,2025-02-24,924,744,80.52,6.34,Morning
544,4,2025-02-24,1609,1458,90.62,0.21,Night
545,5,2025-02-24,1386,1227,88.53,3.74,Night
546,6,2025-02-24,932,855,91.74,7.07,Morning
547,7,2025-02-24,1116,1040,93.19,8.0,Night
548,8,2025-02-24,1290,1236,95.81,3.29,Evening
549,9,2025-02-24,1643,1526,92.88,0.59,Evening
550,10,2025-02-24,1457,1129,77.49,3.6,Night
551,1,2025-02-25,1329,1172,88.19,1.03,Night
552,2,2025-02-25,1455,1391,95.6,1.46,Morning
553,3,2025-02-25,1243,1189,95.66,7.29,Morning
554,4,2025-02-25,1651,1301,78.8,4.14,Evening
555,5,2025-02-25,968,767,79.24,2.58,Night
556,6,2025-02-25,1030,949,92.14,7.58,Night
557,7,2025-02-25,1716,1432,83.45,6.77,Evening
558,8,2025-02-25,1001,912,91.11,7.65,Evening
559,9,2025-02-25,928,856,92.24,2.42,Night
560,10,2025-02-25,895,799,89.27,5.13,Night
561,1,2025-02-26,1764,1620,91.84,1.23,Night
562,2,2025-02-26,1439,1388,96.46,2.7,Night
563,3,2025-02-26,842,842,100.0,6.91,Morning
564,4,2025-02-26,846,798,94.33,6.17,Evening
565,5,2025-02-26,1466,1206,82.26,6.14,Evening
566,6,2025-02-26,1432,1401,97.84,0.24,Night
567,7,2025-02-26,1358,1166,85.86,5.14,Evening
568,8,2025-02-26,1294,1095,84.62,6.44,Night
569,9,2025-02-26,1215,1063,87.49,3.63,Night
570,10,2025-02-26,861,685,79.56,3.52,Evening
571,1,2025-02-27,1275,1060,83.14,2.72,Morning
572,2,2025-02-27,1120,1003,89.55,5.87,Evening
573,3,2025-02-27,1798,1552,86.32,1.05,Evening
574,4,2025-02-27,1327,1282,96.61,0.85,Morning
575,5,2025-02-27,1277,1019,79.8,2.14,Morning
576,6,2025-02-27,944,732,77.54,0.4,Evening
577,7,2025-02-27,1684,1578,93.71,3.35,Morning
578,8,2025-02-27,1633,1391,85.18,7.47,Night
579,9,2025-02-27,1120,937,83.66,6.1,Evening
580,10,2025-02-27,1327,1234,92.99,3.99,Evening
581,1,2025-02-28,1309,992,75.78,0.72,Evening
582,2,2025-02-28,1317,1221,92.71,7.73,Morning
583,3,2025-02-28,1397,1227,87.83,0.39,Evening
584,4,2025-02-28,1306,1284,98.32,7.06,Night
585,5,2025-02-28,1488,1356,91.13,2.29,Morning
586,6,2025-02-28,1667,1305,78.28,3.45,Evening
587,7,2025-02-28,1544,1345,87.11,6.11,Evening
588,8,2025-02-28,846,736,87.0,0.41,Night
589,9,2025-02-28,999,841,84.18,4.43,Morning
590,10,2025-02-28,1195,1154,96.57,3.6,Night
591,1,2025-03-01,1086,874,80.48,1.03,Morning
592,2,2025-03-01,1203,1093,90.86,6.36,Evening
593,3,2025-03-01,1371,1215,88.62,6.04,Morning
594,4,2025-03-01,1416,1322,93.36,3.21,Morning
595,5,2025-03-01,846,643,76.0,1.1,Evening
596,6,2025-03-01,1623,1459,89.9,4.15,Morning
597,7,2025-03-01,1420,1328,93.52,1.12,Night
598,8,2025-03-01,1126,927,82.33,3.14,Night
599,9,2025-03-01,1557,1320,84.78,4.75,Night
600,10,2025-03-01,1648,1496,90.78,4.26,Night
601,1,2025-03-02,1376,1185,86.12,3.8,Morning
602,2,2025-03-02,1177,1051,89.29,5.39,Evening
603,3,2025-03-02,1397,1204,86.18,6.37,Night
604,4,2025-03-02,1693,1621,95.75,5.03,Night
605,5,2025-03-02,1285,1098,85.45,7.74,Night
606,6,2025-03-02,1391,1159,83.32,5.77,Night
607,7,2025-03-02,1291,1055,81.72,4.19,Night
608,8,2025-03-02,1434,1269,88.49,1.18,Night
609,9,2025-03-02,1048,802,76.53,4.58,Night
610,10,2025-03-02,912,732,80.26,0.15,Evening
611,1,2025-03-03,1228,998,81.27,3.3,Morning
612,2,2025-03-03,1220,1171,95.98,6.2,Evening
613,3,2025-03-03,1693,1645,97.16,5.82,Night
614,4,2025-03-03,941,837,88.95,1.66,Evening
615,5,2025-03-03,1478,1352,91.47,4.2,Evening
616,6,2025-03-03,1779,1422,79.93,3.68,Night
617,7,2025-03-03,1150,1141,99.22,2.83,Night
618,8,2025-03-03,1497,1451,96.93,6.43,Evening
619,9,2025-03-03,1424,1315,92.35,1.54,Morning
620,10,2025-03-03,1085,965,88.94,1.8,Evening
621,1,2025-03-04,1589,1338,84.2,5.64,Night
622,2,2025-03-04,1521,1390,91.39,2.54,Evening
623,3,2025-03-04,1373,1169,85.14,2.3,Night
624,4,2025-03-04,1492,1397,93.63,3.04,Evening
625,5,2025-03-04,1638,1404,85.71,7.64,Morning
626,6,2025-03-04,1097,843,76.85,2.3,Night
627,7,2025-03-04,880,748,85.0,7.39,Night
628,8,2025-03-04,1062,1041,98.02,1.71,Night
629,9,2025-03-04,1077,946,87.84,1.1,Night
630,10,2025-03-04,1558,1468,94.22,1.91,Morning
631,1,2025-03-05,1485,1384,93.2,1.81,Morning
632,2,2025-03-05,853,664,77.84,3.31,Night
633,3,2025-03-05,1283,1013,78.96,5.45,Morning
634,4,2025-03-05,805,743,92.3,7.82,Morning
635,5,2025-03-05,1216,1155,94.98,3.82,Morning
636,6,2025-03-05,1574,1327,84.31,2.57,Night
637,7,2025-03-05,860,841,97.79,0.72,Night
638,8,2025-03-05,1037,796,76.76,7.31,Morning
639,9,2025-03-05,1227,1010,82.31,7.47,Morning
640,10,2025-03-05,1656,1445,87.26,6.3,Morning
641,1,2025-03-06,1759,1702,96.76,7.7,Evening
642,2,2025-03-06,1697,1291,76.08,0.07,Night
643,3,2025-03-06,1417,1116,78.76,7.43,Evening
644,4,2025-03-06,1091,1050,96.24,7.91,Night
645,5,2025-03-06,1336,1254,93.86,7.11,Morning
646,6,2025-03-06,1671,1511,90.42,3.74,Morning
647,7,2025-03-06,1628,1278,78.5,2.65,Night
648,8,2025-03-06,1269,1082,85.26,5.75,Morning
649,9,2025-03-06,1554,1337,86.04,6.33,Night
650,10,2025-03-06,1490,1215,81.54,1.4,Night
651,1,2025-03-07,1718,1495,87.02,6.62,Night
652,2,2025-03-07,1135,895,78.85,3.21,Morning
653,3,2025-03-07,989,776,78.46,3.82,Morning
654,4,2025-03-07,806,670,83.13,3.07,Evening
655,5,2025-03-07,1571,1314,83.64,7.63,Evening
656,6,2025-03-07,1396,1340,95.99,0.09,Night
657,7,2025-03-07,1168,996,85.27,0.5,Morning
658,8,2025-03-07,1276,1114,87.3,1.28,Night
659,9,2025-03-07,1314,1144,87.06,5.52,Night
660,10,2025-03-07,1738,1454,83.66,2.94,Morning
661,1,2025-03-08,1024,836,81.64,3.83,Evening
662,2,2025-03-08,1565,1483,94.76,2.99,Night
663,3,2025-03-08,1362,1262,92.66,6.06,Night
664,4,2025-03-08,1645,1344,81.7,6.09,Night
665,5,2025-03-08,1572,1484,94.4,6.99,Morning
666,6,2025-03-08,1338,1231,92.0,4.23,Evening
667,7,2025-03-08,879,803,91.35,0.9,Night
668,8,2025-03-08,1724,1551,89.97,1.62,Night
669,9,2025-03-08,953,756,79.33,2.62,Night
670,10,2025-03-08,1252,998,79.71,5.44,Night
671,1,2025-03-09,1397,1297,92.84,0.73,Night
672,2,2025-03-09,1256,970,77.23,3.63,Night
673,3,2025-03-09,1225,1151,93.96,4.51,Night
674,4,2025-03-09,1273,1111,87.27,5.79,Evening
675,5,2025-03-09,1060,796,75.09,5.97,Night
676,6,2025-03-09,874,666,76.2,3.39,Night
677,7,2025-03-09,865,786,90.87,7.95,Morning
678,8,2025-03-09,1756,1558,88.72,0.25,Evening
679,9,2025-03-09,984,934,94.92,1.08,Night
680,10,2025-03-09,1546,1489,96.31,7.71,Evening
681,1,2025-03-10,1712,1479,86.39,3.59,Evening
682,2,2025-03-10,1184,929,78.46,5.46,Night
683,3,2025-03-10,1695,1547,91.27,1.06,Evening
684,4,2025-03-10,921,735,79.8,7.94,Evening
685,5,2025-03-10,1341,1070,79.79,5.82,Morning
686,6,2025-03-10,1654,1241,75.03,6.05,Evening
687,7,2025-03-10,1274,1233,96.78,3.39,Evening
688,8,2025-03-10,1643,1349,82.11,1.98,Evening
689,9,2025-03-10,958,788,82.25,1.51,Night
690,10,2025-03-10,1583,1244,78.58,0.26,Night
691,1,2025-03-11,1229,929,75.59,1.93,Morning
692,2,2025-03-11,903,829,91.81,0.27,Night
693,3,2025-03-11,1488,1476,99.19,6.98,Morning
694,4,2025-03-11,1558,1190,76.38,3.22,Morning
695,5,2025-03-11,1352,1125,83.21,6.04,Morning
696,6,2025-03-11,943,835,88.55,7.95,Morning
697,7,2025-03-11,1635,1600,97.86,4.61,Night
698,8,2025-03-11,1412,1403,99.36,6.55,Morning
699,9,2025-03-11,1109,904,81.51,7.89,Night
700,10,2025-03-11,1026,980,95.52,2.4,Morning
701,1,2025-03-12,1370,1329,97.01,7.04,Morning
702,2,2025-03-12,1441,1427,99.03,3.42,Evening
703,3,2025-03-12,848,724,85.38,7.53,Night
704,4,2025-03-12,1190,1160,97.48,2.55,Evening
705,5,2025-03-12,1218,989,81.2,2.4,Morning
706,6,2025-03-12,1572,1454,92.49,3.79,Morning
707,7,2025-03-12,1107,903,81.57,6.45,Morning
708,8,2025-03-12,1375,1242,90.33,7.74,Night
709,9,2025-03-12,1342,1074,80.03,3.11,Evening
710,10,2025-03-12,1008,840,83.33,5.17,Evening
711,1,2025-03-13,1667,1439,86.32,0.74,Night
712,2,2025-03-13,1649,1333,80.84,0.41,Evening
713,3,2025-03-13,1489,1425,95.7,4.82,Morning
714,4,2025-03-13,992,949,95.67,6.09,Night
715,5,2025-03-13,1487,1401,94.22,1.74,Morning
716,6,2025-03-13,1690,1437,85.03,2.43,Morning
717,7,2025-03-13,1016,1001,98.52,1.52,Night
718,8,2025-03-13,920,881,95.76,8.0,Evening
719,9,2025-03-13,1736,1426,82.14,5.57,Night
720,10,2025-03-13,1009,857,84.94,7.32,Night
721,1,2025-03-14,1129,990,87.69,3.05,Night
722,2,2025-03-14,1464,1281,87.5,2.47,Evening
723,3,2025-03-14,1325,1247,94.11,3.73,Night
724,4,2025-03-14,1280,1123,87.73,7.31,Evening
725,5,2025-03-14,1120,1051,93.84,0.37,Morning
726,6,2025-03-14,1559,1243,79.73,0.13,Night
727,7,2025-03-14,1757,1616,91.97,4.63,Evening
728,8,2025-03-14,1102,904,82.03,1.57,Morning
729,9,2025-03-14,1188,1182,99.49,6.67,Evening
730,10,2025-03-14,1363,1357,99.56,7.55,Evening
731,1,2025-03-15,1063,1047,98.49,7.73,Night
732,2,2025-03-15,1557,1418,91.07,3.69,Night
733,3,2025-03-15,1614,1390,86.12,1.35,Night
734,4,2025-03-15,1359,1269,93.38,1.47,Night
735,5,2025-03-15,1457,1122,77.01,4.19,Morning
736,6,2025-03-15,1767,1743,98.64,5.35,Morning
737,7,2025-03-15,1222,986,80.69,6.74,Morning
738,8,2025-03-15,869,832,95.74,1.21,Morning
739,9,2025-03-15,1317,1220,92.63,2.99,Night
740,10,2025-03-15,1453,1430,98.42,7.47,Evening
741,1,2025-03-16,1475,1355,91.86,0.13,Night
742,2,2025-03-16,1364,1233,90.4,0.09,Night
743,3,2025-03-16,1539,1294,84.08,4.29,Evening
744,4,2025-03-16,817,740,90.58,6.51,Night
745,5,2025-03-16,1240,1021,82.34,0.86,Morning
746,6,2025-03-16,1336,1078,80.69,1.93,Night
747,7,2025-03-16,1339,1133,84.62,6.52,Evening
748,8,2025-03-16,1614,1413,87.55,0.63,Evening
749,9,2025-03-16,1270,1241,97.72,1.95,Night
750,10,2025-03-16,1031,926,89.82,5.47,Morning
751,1,2025-03-17,1469,1433,97.55,6.08,Morning
752,2,2025-03-17,1215,1105,90.95,3.02,Evening
753,3,2025-03-17,857,805,93.93,0.08,Morning
754,4,2025-03-17,884,790,89.37,6.76,Night
755,5,2025-03-17,1603,1371,85.53,4.53,Morning
756,6,2025-03-17,1716,1557,90.73,7.35,Morning
757,7,2025-03-17,1016,992,97.64,6.94,Night
758,8,2025-03-17,1286,1102,85.69,0.37,Morning
759,9,2025-03-17,1500,1268,84.53,7.19,Night
760,10,2025-03-17,1473,1120,76.04,1.43,Evening
761,1,2025-03-18,816,665,81.5,4.7,Night
762,2,2025-03-18,1640,1433,87.38,7.43,Evening
763,3,2025-03-18,966,868,89.86,1.92,Evening
764,4,2025-03-18,1493,1395,93.44,2.65,Night
765,5,2025-03-18,943,909,96.39,7.91,Night
766,6,2025-03-18,880,788,89.55,5.96,Evening
767,7,2025-03-18,854,665,77.87,3.5,Morning
768,8,2025-03-18,1148,1064,92.68,7.75,Evening
769,9,2025-03-18,830,784,94.46,2.19,Evening
770,10,2025-03-18,1302,1092,83.87,2.85,Evening
771,1,2025-03-19,1242,1026,82.61,5.44,Night
772,2,2025-03-19,1189,934,78.55,6.18,Evening
773,3,2025-03-19,1617,1338,82.75,5.7,Morning
774,4,2025-03-19,1074,883,82.22,3.04,Night
775,5,2025-03-19,957,906,94.67,3.12,Evening
776,6,2025-03-19,909,704,77.45,0.04,Evening
777,7,2025-03-19,1255,1125,89.64,6.09,Morning
778,8,2025-03-19,935,723,77.33,1.5,Evening
779,9,2025-03-19,1370,1311,95.69,4.1,Morning
780,10,2025-03-19,826,641,77.6,2.83,Morning
781,1,2025-03-20,1411,1364,96.67,6.28,Evening
782,2,2025-03-20,812,683,84.11,3.31,Morning
783,3,2025-03-20,1542,1442,93.51,7.24,Morning
784,4,2025-03-20,1385,1304,94.15,1.36,Evening
785,5,2025-03-20,973,764,78.52,2.15,Evening
786,6,2025-03-20,1304,1052,80.67,0.51,Evening
787,7,2025-03-20,1082,1026,94.82,2.4,Morning
788,8,2025-03-20,1169,1004,85.89,7.55,Night
789,9,2025-03-20,1440,1333,92.57,4.75,Morning
790,10,2025-03-20,1268,1005,79.26,1.08,Morning
791,1,2025-03-21,1771,1530,86.39,2.66,Night
792,2,2025-03-21,1189,1059,89.07,3.52,Evening
793,3,2025-03-21,1635,1559,95.35,7.79,Morning
794,4,2025-03-21,1107,994,89.79,4.83,Night
795,5,2025-03-21,1005,875,87.06,2.51,Evening
796,6,2025-03-21,1791,1506,84.09,2.33,Night
797,7,2025-03-21,1448,1337,92.33,7.74,Morning
798,8,2025-03-21,1133,1041,91.88,2.24,Evening
799,9,2025-03-21,1173,937,79.88,7.46,Morning
800,10,2025-03-21,1406,1333,94.81,1.44,Night
801,1,2025-03-22,827,806,97.46,3.69,Night
802,2,2025-03-22,1014,872,86.0,6.38,Night
803,3,2025-03-22,870,861,98.97,6.78,Evening
804,4,2025-03-22,1489,1371,92.08,1.11,Evening
805,5,2025-03-22,1047,914,87.3,5.27,Night
806,6,2025-03-22,1233,1117,90.59,0.59,Night
807,7,2025-03-22,1290,1265,98.06,3.21,Night
808,8,2025-03-22,1745,1662,95.24,3.35,Morning
809,9,2025-03-22,1609,1390,86.39,5.61,Night
810,10,2025-03-22,1408,1382,98.15,7.32,Morning
811,1,2025-03-23,1587,1317,82.99,5.26,Evening
812,2,2025-03-23,970,892,91.96,4.9,Night
813,3,2025-03-23,1460,1441,98.7,5.17,Evening
814,4,2025-03-23,1788,1748,97.76,3.44,Morning
815,5,2025-03-23,900,741,82.33,1.78,Night
816,6,2025-03-23,1331,1283,96.39,4.64,Night
817,7,2025-03-23,1026,997,97.17,2.99,Evening
818,8,2025-03-23,1590,1539,96.79,4.71,Night
819,9,2025-03-23,954,803,84.17,7.98,Evening
820,10,2025-03-23,907,755,83.24,3.33,Morning
821,1,2025-03-24,918,900,98.04,7.53,Morning
822,2,2025-03-24,1156,1026,88.75,2.74,Morning
823,3,2025-03-24,1333,1246,93.47,2.79,Morning
824,4,2025-03-24,1248,1167,93.51,2.55,Evening
825,5,2025-03-24,845,840,99.41,5.69,Morning
826,6,2025-03-24,1669,1426,85.44,5.18,Night
827,7,2025-03-24,1619,1298,80.17,7.44,Night
828,8,2025-03-24,1049,875,83.41,4.42,Evening
829,9,2025-03-24,1373,1247,90.82,7.67,Morning
830,10,2025-03-24,1616,1419,87.81,5.04,Morning
831,1,2025-03-25,1455,1427,98.08,3.46,Morning
832,2,2025-03-25,1555,1480,95.18,7.06,Evening
833,3,2025-03-25,1406,1273,90.54,3.11,Night
834,4,2025-03-25,1019,869,85.28,2.23,Night
835,5,2025-03-25,1628,1628,100.0,0.5,Morning
836,6,2025-03-25,1618,1487,91.9,1.5,Evening
837,7,2025-03-25,1001,867,86.61,0.91,Night
838,8,2025-03-25,1683,1512,89.84,4.22,Night
839,9,2025-03-25,1120,1038,92.68,4.89,Night
840,10,2025-03-25,916,776,84.72,2.82,Evening
841,1,2025-03-26,1432,1162,81.15,6.51,Night
842,2,2025-03-26,1619,1366,84.37,7.35,Night
843,3,2025-03-26,886,836,94.36,1.07,Morning
844,4,2025-03-26,1044,939,89.94,0.94,Evening
845,5,2025-03-26,1510,1204,79.74,4.09,Evening
846,6,2025-03-26,1410,1127,79.93,4.6,Evening
847,7,2025-03-26,990,866,87.47,5.08,Night
848,8,2025-03-26,1741,1635,93.91,7.45,Morning
849,9,2025-03-26,1368,1111,81.21,3.92,Morning
850,10,2025-03-26,991,823,83.05,6.74,Night
851,1,2025-03-27,854,731,85.6,7.61,Evening
852,2,2025-03-27,939,753,80.19,6.52,Night
853,3,2025-03-27,1317,1240,94.15,3.27,Evening
854,4,2025-03-27,1225,1145,93.47,3.91,Morning
855,5,2025-03-27,1378,1048,76.05,6.37,Morning
856,6,2025-03-27,1099,840,76.43,2.2,Night
857,7,2025-03-27,1095,907,82.83,6.25,Night
858,8,2025-03-27,1560,1423,91.22,4.4,Morning
859,9,2025-03-27,1386,1097,79.15,2.14,Night
860,10,2025-03-27,1643,1419,86.37,4.34,Morning
861,1,2025-03-28,1578,1551,98.29,3.53,Morning
862,2,2025-03-28,1235,978,79.19,5.89,Night
863,3,2025-03-28,1569,1302,82.98,2.38,Morning
864,4,2025-03-28,1260,1079,85.63,2.79,Morning
865,5,2025-03-28,1249,996,79.74,6.21,Morning
866,6,2025-03-28,1014,967,95.36,5.9,Night
867,7,2025-03-28,1159,1088,93.87,1.33,Morning
868,8,2025-03-28,1603,1307,81.53,6.51,Morning
869,9,2025-03-28,1383,1216,87.92,4.26,Night
870,10,2025-03-28,1351,1099,81.35,2.59,Night
871,1,2025-03-29,1099,972,88.44,4.58,Night
872,2,2025-03-29,1721,1637,95.12,6.52,Morning
873,3,2025-03-29,1785,1722,96.47,6.29,Morning
874,4,2025-03-29,1083,876,80.89,5.61,Morning
875,5,2025-03-29,1055,865,81.99,5.69,Morning
876,6,2025-03-29,1579,1530,96.9,3.14,Morning
877,7,2025-03-29,1391,1366,98.2,2.15,Evening
878,8,2025-03-29,1184,1119,94.51,0.6,Morning
879,9,2025-03-29,1212,1172,96.7,6.0,Night
880,10,2025-03-29,1758,1506,85.67,3.64,Evening
881,1,2025-03-30,1135,852,75.07,6.95,Night
882,2,2025-03-30,895,858,95.87,7.78,Night
883,3,2025-03-30,1480,1467,99.12,2.87,Morning
884,4,2025-03-30,1614,1483,91.88,3.18,Evening
885,5,2025-03-30,1644,1341,81.57,3.96,Evening
886,6,2025-03-30,1648,1381,83.8,2.7,Night
887,7,2025-03-30,933,843,90.35,6.82,Evening
888,8,2025-03-30,1715,1635,95.34,6.1,Morning
889,9,2025-03-30,901,835,92.67,6.27,Evening
890,10,2025-03-30,816,643,78.8,7.44,Morning
891,1,2025-03-31,1251,1171,93.61,0.01,Evening
892,2,2025-03-31,1007,931,92.45,7.28,Night
893,3,2025-03-31,1109,912,82.24,7.0,Evening
894,4,2025-03-31,895,838,93.63,2.88,Morning
895,5,2025-03-31,1180,969,82.12,0.41,Night
896,6,2025-03-31,1112,953,85.7,3.43,Morning
897,7,2025-03-31,1520,1188,78.16,0.01,Evening
898,8,2025-03-31,879,692,78.73,4.75,Night
899,9,2025-03-31,1496,1349,90.17,0.07,Night
900,10,2025-03-31,1151,924,80.28,7.91,Evening
901,1,2025-04-01,1510,1199,79.4,3.82,Morning
902,2,2025-04-01,1192,939,78.78,5.85,Morning
903,3,2025-04-01,905,758,83.76,2.94,Evening
904,4,2025-04-01,940,802,85.32,6.19,Morning
905,5,2025-04-01,1456,1438,98.76,1.14,Night
906,6,2025-04-01,1376,1036,75.29,4.88,Morning
907,7,2025-04-01,1250,1116,89.28,5.78,Night
908,8,2025-04-01,1566,1251,79.89,7.36,Night
909,9,2025-04-01,1503,1353,90.02,6.88,Morning
910,10,2025-04-01,1718,1339,77.94,1.12,Morning
911,1,2025-04-02,1403,1248,88.95,2.81,Evening
912,2,2025-04-02,1122,912,81.28,1.98,Night
913,3,2025-04-02,886,727,82.05,4.43,Night
914,4,2025-04-02,1538,1464,95.19,2.28,Night
915,5,2025-04-02,827,788,95.28,7.01,Morning
916,6,2025-04-02,1330,1307,98.27,4.08,Night
917,7,2025-04-02,1201,1051,87.51,5.17,Morning
918,8,2025-04-02,1306,1176,90.05,0.9,Evening
919,9,2025-04-02,1453,1393,95.87,0.57,Morning
920,10,2025-04-02,1169,1038,88.79,1.06,Night
921,1,2025-04-03,1230,1109,90.16,4.37,Morning
922,2,2025-04-03,1581,1426,90.2,7.64,Morning
923,3,2025-04-03,817,762,93.27,0.54,Evening
924,4,2025-04-03,1020,785,76.96,7.38,Evening
925,5,2025-04-03,1318,1134,86.04,5.03,Night
926,6,2025-04-03,1585,1400,88.33,3.39,Evening
927,7,2025-04-03,884,826,93.44,4.29,Night
928,8,2025-04-03,956,788,82.43,0.67,Morning
929,9,2025-04-03,1323,1096,82.84,7.79,Morning
930,10,2025-04-03,1349,1178,87.32,3.13,Night
931,1,2025-04-04,1581,1517,95.95,5.45,Morning
932,2,2025-04-04,1117,1060,94.9,5.84,Morning
933,3,2025-04-04,859,706,82.19,0.69,Evening
934,4,2025-04-04,918,804,87.58,4.9,Morning
935,5,2025-04-04,1116,926,82.97,0.96,Night
936,6,2025-04-04,940,884,94.04,0.09,Evening
937,7,2025-04-04,1775,1508,84.96,4.18,Night
938,8,2025-04-04,1065,883,82.91,2.97,Night
939,9,2025-04-04,1599,1336,83.55,5.86,Morning
940,10,2025-04-04,1589,1206,75.9,2.68,Evening
941,1,2025-04-05,1078,1076,99.81,0.51,Night
942,2,2025-04-05,1798,1643,91.38,5.02,Evening
943,3,2025-04-05,1266,1210,95.58,2.88,Evening
944,4,2025-04-05,1679,1549,92.26,1.34,Morning
945,5,2025-04-05,1061,847,79.83,7.15,Night
946,6,2025-04-05,1540,1214,78.83,1.83,Night
947,7,2025-04-05,802,612,76.31,6.87,Morning
948,8,2025-04-05,1050,810,77.14,3.77,Evening
949,9,2025-04-05,1742,1382,79.33,1.43,Morning
950,10,2025-04-05,1366,1359,99.49,3.35,Evening
951,1,2025-04-06,1054,1003,95.16,7.33,Evening
952,2,2025-04-06,1077,846,78.55,4.57,Morning
953,3,2025-04-06,1314,1011,76.94,1.43,Night
954,4,2025-04-06,847,737,87.01,0.55,Evening
955,5,2025-04-06,1686,1408,83.51,6.19,Evening
956,6,2025-04-06,1135,895,78.85,4.42,Morning
957,7,2025-04-06,1177,984,83.6,2.33,Evening
958,8,2025-04-06,1557,1485,95.38,1.94,Evening
959,9,2025-04-06,1405,1305,92.88,7.98,Morning
960,10,2025-04-06,1550,1441,92.97,6.08,Morning
961,1,2025-04-07,954,716,75.05,7.46,Morning
962,2,2025-04-07,1038,955,92.0,5.09,Night
963,3,2025-04-07,1698,1277,75.21,7.61,Morning
964,4,2025-04-07,1577,1518,96.26,3.01,Night
965,5,2025-04-07,1544,1315,85.17,0.83,Night
966,6,2025-04-07,1043,996,95.49,3.94,Morning
967,7,2025-04-07,1795,1418,79.0,5.69,Morning
968,8,2025-04-07,844,692,81.99,7.18,Night
969,9,2025-04-07,1222,1106,90.51,3.67,Night
970,10,2025-04-07,886,812,91.65,0.76,Morning
971,1,2025-04-08,1452,1290,88.84,0.6,Night
972,2,2025-04-08,863,758,87.83,5.3,Morning
973,3,2025-04-08,1042,930,89.25,2.09,Evening
974,4,2025-04-08,1748,1721,98.46,3.14,Night
975,5,2025-04-08,1134,1012,89.24,3.62,Morning
976,6,2025-04-08,876,708,80.82,1.09,Night
977,7,2025-04-08,911,722,79.25,0.85,Evening
978,8,2025-04-08,1277,1117,87.47,3.25,Night
979,9,2025-04-08,1166,980,84.05,3.62,Evening
980,10,2025-04-08,1071,864,80.67,0.72,Night
981,1,2025-04-09,1111,853,76.78,1.72,Evening
982,2,2025-04-09,951,736,77.39,5.69,Evening
983,3,2025-04-09,1205,1165,96.68,0.39,Evening
984,4,2025-04-09,1066,888,83.3,0.25,Evening
985,5,2025-04-09,1675,1487,88.78,4.45,Night
986,6,2025-04-09,1055,839,79.53,3.7,Morning
987,7,2025-04-09,924,696,75.32,0.49,Morning
988,8,2025-04-09,933,749,80.28,6.59,Evening
989,9,2025-04-09,1502,1448,96.4,7.5,Morning
990,10,2025-04-09,1396,1347,96.49,2.07,Morning
991,1,2025-04-10,822,632,76.89,1.58,Night
992,2,2025-04-10,1254,1005,80.14,0.74,Evening
993,3,2025-04-10,925,703,76.0,7.54,Morning
994,4,2025-04-10,972,965,99.28,4.59,Night
995,5,2025-04-10,1204,1157,96.1,0.24,Night
996,6,2025-04-10,1236,1015,82.12,2.83,Morning
997,7,2025-04-10,1081,953,88.16,3.57,Morning
998,8,2025-04-10,835,783,93.77,4.95,Morning
999,9,2025-04-10,1462,1247,85.29,3.99,Night
1000,10,2025-04-10,1290,998,77.36,0.7,Evening
1001,1,2025-04-11,940,812,86.38,1.6,Night
1002,2,2025-04-11,1055,800,75.83,7.92,Night
1003,3,2025-04-11,1167,1120,95.97,4.36,Evening
1004,4,2025-04-11,1152,1121,97.31,2.57,Evening
1005,5,2025-04-11,984,744,75.61,2.55,Morning
1006,6,2025-04-11,830,829,99.88,6.23,Morning
1007,7,2025-04-11,1628,1462,89.8,4.24,Night
1008,8,2025-04-11,1038,859,82.76,0.8,Night
1009,9,2025-04-11,1046,920,87.95,4.27,Night
1010,10,2025-04-11,857,837,97.67,7.97,Morning
1011,1,2025-04-12,1389,1239,89.2,2.84,Morning
1012,2,2025-04-12,980,795,81.12,4.74,Night
1013,3,2025-04-12,1514,1318,87.05,7.31,Morning
1014,4,2025-04-12,1520,1498,98.55,2.81,Night
1015,5,2025-04-12,1377,1104,80.17,4.5,Morning
1016,6,2025-04-12,1656,1656,100.0,7.05,Evening
1017,7,2025-04-12,1355,1174,86.64,1.4,Morning
1018,8,2025-04-12,892,683,76.57,1.86,Morning
1019,9,2025-04-12,820,749,91.34,3.82,Evening
1020,10,2025-04-12,1739,1618,93.04,1.61,Morning
1021,1,2025-04-13,1148,951,82.84,7.35,Evening
1022,2,2025-04-13,860,650,75.58,1.18,Night
1023,3,2025-04-13,1739,1376,79.13,6.19,Night
1024,4,2025-04-13,1681,1446,86.02,7.68,Evening
1025,5,2025-04-13,1521,1479,97.24,3.16,Morning
1026,6,2025-04-13,1144,1012,88.46,2.58,Morning
1027,7,2025-04-13,1549,1384,89.35,6.33,Evening
1028,8,2025-04-13,1464,1260,86.07,1.39,Night
1029,9,2025-04-13,1510,1446,95.76,6.3,Morning
1030,10,2025-04-13,1481,1411,95.27,6.52,Evening
1031,1,2025-04-14,1114,985,88.42,1.02,Night
1032,2,2025-04-14,801,779,97.25,7.59,Evening
1033,3,2025-04-14,1671,1647,98.56,7.72,Morning
1034,4,2025-04-14,986,893,90.57,2.55,Night
1035,5,2025-04-14,1026,822,80.12,7.49,Morning
1036,6,2025-04-14,1139,893,78.4,1.9,Evening
1037,7,2025-04-14,971,890,91.66,7.08,Morning
1038,8,2025-04-14,1641,1592,97.01,5.36,Night
1039,9,2025-04-14,1707,1451,85.0,3.57,Evening
1040,10,2025-04-14,1014,823,81.16,5.55,Evening
1041,1,2025-04-15,1062,851,80.13,5.76,Morning
1042,2,2025-04-15,1195,1120,93.72,5.86,Morning
1043,3,2025-04-15,1705,1489,87.33,3.94,Evening
1044,4,2025-04-15,1159,1148,99.05,3.0,Evening
1045,5,2025-04-15,1607,1500,93.34,5.21,Night
1046,6,2025-04-15,1030,855,83.01,3.61,Morning
1047,7,2025-04-15,1101,835,75.84,2.55,Morning
1048,8,2025-04-15,875,743,84.91,1.36,Evening
1049,9,2025-04-15,964,910,94.4,0.6,Morning
1050,10,2025-04-15,1146,1106,96.51,5.64,Evening
1051,1,2025-04-16,1765,1657,93.88,1.32,Evening
1052,2,2025-04-16,960,733,76.35,0.81,Morning
1053,3,2025-04-16,1797,1444,80.36,3.27,Night
1054,4,2025-04-16,1539,1527,99.22,4.32,Night
1055,5,2025-04-16,1088,968,88.97,1.9,Morning
1056,6,2025-04-16,1202,1193,99.25,4.4,Evening
1057,7,2025-04-16,957,730,76.28,2.89,Evening
1058,8,2025-04-16,889,741,83.35,6.59,Night
1059,9,2025-04-16,1414,1305,92.29,1.6,Morning
1060,10,2025-04-16,1011,801,79.23,5.11,Morning
1061,1,2025-04-17,1284,1022,79.6,2.47,Evening
1062,2,2025-04-17,1282,1211,94.46,7.16,Evening
1063,3,2025-04-17,893,833,93.28,4.35,Morning
1064,4,2025-04-17,1179,1079,91.52,2.96,Evening
1065,5,2025-04-17,845,700,82.84,3.52,Evening
1066,6,2025-04-17,1031,910,88.26,4.51,Morning
1067,7,2025-04-17,1570,1533,97.64,5.34,Morning
1068,8,2025-04-17,1484,1289,86.86,6.47,Evening
1069,9,2025-04-17,1794,1732,96.54,4.72,Night
1070,10,2025-04-17,862,861,99.88,3.1,Night
1071,1,2025-04-18,1228,1195,97.31,5.5,Evening
1072,2,2025-04-18,1386,1159,83.62,3.81,Morning
1073,3,2025-04-18,1204,920,76.41,4.02,Night
1074,4,2025-04-18,1619,1506,93.02,5.42,Night
1075,5,2025-04-18,950,742,78.11,7.59,Evening
1076,6,2025-04-18,977,974,99.69,7.87,Morning
1077,7,2025-04-18,1627,1318,81.01,1.01,Evening
1078,8,2025-04-18,880,834,94.77,3.48,Night
1079,9,2025-04-18,951,926,97.37,4.76,Evening
1080,10,2025-04-18,1732,1671,96.48,7.31,Morning
1081,1,2025-04-19,889,765,86.05,4.45,Night
1082,2,2025-04-19,1133,990,87.38,4.16,Morning
1083,3,2025-04-19,1605,1561,97.26,4.98,Night
1084,4,2025-04-19,1600,1414,88.38,0.9,Morning
1085,5,2025-04-19,951,858,90.22,4.7,Morning
1086,6,2025-04-19,1747,1364,78.08,4.5,Morning
1087,7,2025-04-19,1604,1349,84.1,6.94,Evening
1088,8,2025-04-19,1698,1483,87.34,2.11,Night
1089,9,2025-04-19,1297,1264,97.46,4.87,Morning
1090,10,2025-04-19,976,802,82.17,3.22,Night
1091,1,2025-04-20,1423,1415,99.44,5.55,Morning
1092,2,2025-04-20,1205,1072,88.96,5.52,Morning
1093,3,2025-04-20,1563,1415,90.53,7.37,Evening
1094,4,2025-04-20,820,701,85.49,6.54,Evening
1095,5,2025-04-20,1118,981,87.75,6.74,Night
1096,6,2025-04-20,1501,1175,78.28,7.78,Morning
1097,7,2025-04-20,937,778,83.03,7.79,Evening
1098,8,2025-04-20,1592,1358,85.3,2.16,Evening
1099,9,2025-04-20,1419,1394,98.24,0.71,Evening
1100,10,2025-04-20,1016,995,97.93,6.59,Night
1101,1,2025-04-21,1296,1236,95.37,6.94,Morning
1102,2,2025-04-21,1327,1076,81.09,0.52,Night
1103,3,2025-04-21,1318,1194,90.59,1.09,Night
1104,4,2025-04-21,1700,1566,92.12,0.23,Morning
1105,5,2025-04-21,1696,1374,81.01,6.7,Morning
1106,6,2025-04-21,833,740,88.84,0.4,Evening
1107,7,2025-04-21,1521,1241,81.59,2.19,Evening
1108,8,2025-04-21,1317,1190,90.36,5.08,Morning
1109,9,2025-04-21,1497,1137,75.95,1.94,Evening
1110,10,2025-04-21,1408,1284,91.19,1.42,Evening
1111,1,2025-04-22,1400,1332,95.14,2.8,Morning
1112,2,2025-04-22,1657,1374,82.92,5.99,Night
1113,3,2025-04-22,892,741,83.07,0.22,Morning
1114,4,2025-04-22,966,942,97.52,4.58,Morning
1115,5,2025-04-22,1677,1370,81.69,5.18,Night
1116,6,2025-04-22,1011,826,81.7,5.21,Night
1117,7,2025-04-22,820,814,99.27,7.74,Night
1118,8,2025-04-22,809,727,89.86,7.29,Night
1119,9,2025-04-22,977,885,90.58,6.41,Morning
1120,10,2025-04-22,1058,949,89.7,5.7,Night
1121,1,2025-04-23,1458,1233,84.57,3.39,Evening
1122,2,2025-04-23,1672,1432,85.65,3.67,Morning
1123,3,2025-04-23,1277,1111,87.0,5.42,Night
1124,4,2025-04-23,1206,1203,99.75,0.82,Night
1125,5,2025-04-23,1478,1299,87.89,4.49,Night
1126,6,2025-04-23,1423,1211,85.1,2.39,Morning
1127,7,2025-04-23,1293,1001,77.42,2.69,Evening
1128,8,2025-04-23,1455,1257,86.39,6.89,Evening
1129,9,2025-04-23,1471,1467,99.73,7.62,Night
1130,10,2025-04-23,1105,924,83.62,1.2,Morning
1131,1,2025-04-24,1721,1319,76.64,6.44,Night
1132,2,2025-04-24,1213,1072,88.38,5.45,Night
1133,3,2025-04-24,826,786,95.16,3.98,Evening
1134,4,2025-04-24,1065,1012,95.02,3.24,Night
1135,5,2025-04-24,836,776,92.82,5.66,Night
1136,6,2025-04-24,1635,1323,80.92,2.75,Night
1137,7,2025-04-24,1027,1013,98.64,7.25,Night
1138,8,2025-04-24,1167,1134,97.17,2.4,Morning
1139,9,2025-04-24,1660,1581,95.24,7.01,Morning
1140,10,2025-04-24,1100,874,79.45,3.77,Night
1141,1,2025-04-25,1064,891,83.74,7.58,Evening
1142,2,2025-04-25,1470,1147,78.03,1.78,Morning
1143,3,2025-04-25,1562,1328,85.02,3.36,Evening
1144,4,2025-04-25,1180,1018,86.27,4.68,Evening
1145,5,2025-04-25,1671,1313,78.58,3.76,Night
1146,6,2025-04-25,1397,1344,96.21,7.55,Morning
1147,7,2025-04-25,1283,1061,82.7,4.0,Night
1148,8,2025-04-25,1190,1163,97.73,2.39,Morning
1149,9,2025-04-25,1691,1345,79.54,1.1,Morning
1150,10,2025-04-25,1150,1071,93.13,7.9,Evening
1151,1,2025-04-26,946,789,83.4,6.9,Morning
1152,2,2025-04-26,1597,1238,77.52,3.9,Night
1153,3,2025-04-26,981,815,83.08,5.08,Morning
1154,4,2025-04-26,1262,1086,86.05,1.68,Morning
1155,5,2025-04-26,1390,1123,80.79,3.92,Morning
1156,6,2025-04-26,932,856,91.85,3.47,Evening
1157,7,2025-04-26,1213,1128,92.99,7.72,Evening
1158,8,2025-04-26,804,612,76.12,4.27,Night
1159,9,2025-04-26,1182,893,75.55,7.14,Night
1160,10,2025-04-26,995,750,75.38,5.41,Night
1161,1,2025-04-27,1551,1290,83.17,1.81,Evening
1162,2,2025-04-27,1119,905,80.88,0.82,Night
1163,3,2025-04-27,1402,1207,86.09,1.34,Morning
1164,4,2025-04-27,1105,976,88.33,3.65,Night
1165,5,2025-04-27,1410,1325,93.97,2.7,Night
1166,6,2025-04-27,937,789,84.2,7.97,Evening
1167,7,2025-04-27,1167,971,83.2,1.32,Evening
1168,8,2025-04-27,819,672,82.05,1.79,Morning
1169,9,2025-04-27,1016,949,93.41,0.18,Night
1170,10,2025-04-27,973,760,78.11,2.93,Night
1171,1,2025-04-28,1611,1227,76.16,3.0,Night
1172,2,2025-04-28,1061,819,77.19,4.75,Morning
1173,3,2025-04-28,1477,1162,78.67,5.23,Morning
1174,4,2025-04-28,849,812,95.64,0.93,Evening
1175,5,2025-04-28,1189,954,80.24,4.38,Evening
1176,6,2025-04-28,1518,1216,80.11,1.64,Night
1177,7,2025-04-28,1445,1087,75.22,2.41,Night
1178,8,2025-04-28,903,846,93.69,4.16,Night
1179,9,2025-04-28,1420,1135,79.93,3.35,Morning
1180,10,2025-04-28,1323,1308,98.87,0.94,Morning
1181,1,2025-04-29,1603,1256,78.35,3.98,Night
1182,2,2025-04-29,1004,952,94.82,2.1,Night
1183,3,2025-04-29,1796,1450,80.73,2.86,Evening
1184,4,2025-04-29,1102,908,82.4,0.32,Evening
1185,5,2025-04-29,1732,1405,81.12,5.51,Evening
1186,6,2025-04-29,1138,973,85.5,0.02,Night
1187,7,2025-04-29,891,696,78.11,6.68,Night
1188,8,2025-04-29,1305,1054,80.77,7.6,Night
1189,9,2025-04-29,876,842,96.12,5.79,Evening
1190,10,2025-04-29,1459,1212,83.07,3.65,Evening
1191,1,2025-04-30,1070,1039,97.1,0.4,Morning
1192,2,2025-04-30,1695,1291,76.17,6.82,Evening
1193,3,2025-04-30,1620,1561,96.36,2.5,Night
1194,4,2025-04-30,918,712,77.56,6.81,Morning
1195,5,2025-04-30,809,641,79.23,5.31,Morning
1196,6,2025-04-30,1136,1035,91.11,7.16,Night
1197,7,2025-04-30,1074,852,79.33,2.98,Evening
1198,8,2025-04-30,987,769,77.91,3.21,Evening
1199,9,2025-04-30,1078,1005,93.23,5.52,Evening
1200,10,2025-04-30,1619,1429,88.26,5.19,Morning
1201,1,2025-05-01,915,719,78.58,5.57,Morning
1202,2,2025-05-01,1765,1755,99.43,1.28,Evening
1203,3,2025-05-01,1733,1601,92.38,3.86,Night
1204,4,2025-05-01,1494,1344,89.96,1.45,Evening
1205,5,2025-05-01,1597,1380,86.41,4.89,Night
1206,6,2025-05-01,1701,1647,96.83,7.79,Morning
1207,7,2025-05-01,1294,1219,94.2,0.9,Evening
1208,8,2025-05-01,1251,961,76.82,0.51,Night
1209,9,2025-05-01,1121,846,75.47,5.64,Night
1210,10,2025-05-01,1337,1297,97.01,5.79,Morning
1211,1,2025-05-02,1778,1675,94.21,6.99,Night
1212,2,2025-05-02,1335,1317,98.65,0.76,Night
1213,3,2025-05-02,1544,1285,83.23,3.86,Night
1214,4,2025-05-02,1492,1447,96.98,3.08,Night
1215,5,2025-05-02,1713,1597,93.23,0.44,Night
1216,6,2025-05-02,1756,1397,79.56,4.04,Evening
1217,7,2025-05-02,1672,1507,90.13,6.96,Morning
1218,8,2025-05-02,1569,1427,90.95,2.57,Evening
1219,9,2025-05-02,1793,1486,82.88,0.4,Morning
1220,10,2025-05-02,1363,1351,99.12,3.03,Morning
1221,1,2025-05-03,880,777,88.3,3.55,Night
1222,2,2025-05-03,1258,988,78.54,6.85,Evening
1223,3,2025-05-03,1123,902,80.32,7.85,Night
1224,4,2025-05-03,1469,1110,75.56,0.82,Evening
1225,5,2025-05-03,836,769,91.99,4.39,Morning
1226,6,2025-05-03,1610,1516,94.16,7.71,Night
1227,7,2025-05-03,1111,1093,98.38,4.5,Night
1228,8,2025-05-03,1487,1348,90.65,7.6,Evening
1229,9,2025-05-03,1645,1260,76.6,6.53,Evening
1230,10,2025-05-03,1139,1096,96.22,5.73,Evening
1231,1,2025-05-04,1533,1380,90.02,0.91,Night
1232,2,2025-05-04,1027,771,75.07,2.73,Night
1233,3,2025-05-04,1787,1749,97.87,2.34,Night
1234,4,2025-05-04,1182,940,79.53,0.37,Morning
1235,5,2025-05-04,1304,1049,80.44,6.57,Night
1236,6,2025-05-04,1538,1362,88.56,0.86,Night
1237,7,2025-05-04,1000,798,79.8,0.97,Evening
1238,8,2025-05-04,1020,999,97.94,6.6,Morning
1239,9,2025-05-04,1533,1322,86.24,0.86,Evening
1240,10,2025-05-04,847,797,94.1,6.7,Night
1241,1,2025-05-05,926,891,96.22,7.13,Evening
1242,2,2025-05-05,1474,1406,95.39,7.65,Morning
1243,3,2025-05-05,1786,1594,89.25,0.03,Night
1244,4,2025-05-05,849,777,91.52,7.48,Night
1245,5,2025-05-05,1294,1230,95.05,6.25,Morning
1246,6,2025-05-05,1508,1427,94.63,1.39,Morning
1247,7,2025-05-05,906,778,85.87,5.26,Night
1248,8,2025-05-05,1703,1441,84.62,4.03,Evening
1249,9,2025-05-05,1228,1048,85.34,2.19,Evening
1250,10,2025-05-05,1793,1494,83.32,3.62,Morning
1251,1,2025-05-06,941,810,86.08,4.82,Night
1252,2,2025-05-06,1324,1146,86.56,6.74,Night
1253,3,2025-05-06,1681,1420,84.47,5.69,Night
1254,4,2025-05-06,1447,1196,82.65,1.61,Night
1255,5,2025-05-06,1531,1296,84.65,5.49,Night
1256,6,2025-05-06,935,882,94.33,5.2,Morning
1257,7,2025-05-06,1315,1263,96.05,5.55,Evening
1258,8,2025-05-06,1527,1204,78.85,6.09,Night
1259,9,2025-05-06,1291,1266,98.06,4.57,Night
1260,10,2025-05-06,1527,1358,88.93,5.39,Night
1261,1,2025-05-07,1092,1035,94.78,6.47,Night
1262,2,2025-05-07,909,687,75.58,3.05,Morning
1263,3,2025-05-07,1486,1142,76.85,1.6,Morning
1264,4,2025-05-07,1093,947,86.64,1.17,Morning
1265,5,2025-05-07,1507,1281,85.0,1.63,Night
1266,6,2025-05-07,833,715,85.83,6.51,Morning
1267,7,2025-05-07,1430,1417,99.09,5.92,Morning
1268,8,2025-05-07,1560,1501,96.22,4.49,Morning
1269,9,2025-05-07,1323,1139,86.09,5.54,Morning
1270,10,2025-05-07,1748,1506,86.16,3.1,Night
1271,1,2025-05-08,1120,867,77.41,0.1,Evening
1272,2,2025-05-08,1007,913,90.67,6.95,Evening
1273,3,2025-05-08,1649,1351,81.93,7.29,Night
1274,4,2025-05-08,1526,1475,96.66,2.94,Night
1275,5,2025-05-08,1359,1327,97.65,1.57,Night
1276,6,2025-05-08,1787,1439,80.53,2.35,Morning
1277,7,2025-05-08,1499,1162,77.52,1.5,Morning
1278,8,2025-05-08,1552,1427,91.95,0.95,Morning
1279,9,2025-05-08,1238,1070,86.43,4.45,Morning
1280,10,2025-05-08,964,872,90.46,6.77,Morning
1281,1,2025-05-09,1138,1091,95.87,5.68,Morning
1282,2,2025-05-09,840,669,79.64,7.43,Night
1283,3,2025-05-09,852,837,98.24,7.46,Night
1284,4,2025-05-09,1663,1585,95.31,2.41,Night
1285,5,2025-05-09,1363,1205,88.41,0.58,Night
1286,6,2025-05-09,1125,1112,98.84,1.76,Morning
1287,7,2025-05-09,1333,1033,77.49,6.29,Morning
1288,8,2025-05-09,1225,1196,97.63,4.3,Morning
1289,9,2025-05-09,1157,980,84.7,7.07,Night
1290,10,2025-05-09,1139,1023,89.82,2.89,Morning
1291,1,2025-05-10,1773,1714,96.67,4.95,Evening
1292,2,2025-05-10,1374,1362,99.13,0.07,Night
1293,3,2025-05-10,1154,1093,94.71,1.92,Night
1294,4,2025-05-10,1428,1389,97.27,1.95,Morning
1295,5,2025-05-10,1498,1287,85.91,3.05,Morning
1296,6,2025-05-10,1195,1027,85.94,4.32,Evening
1297,7,2025-05-10,825,750,90.91,6.58,Evening
1298,8,2025-05-10,1326,1254,94.57,3.56,Morning
1299,9,2025-05-10,1103,925,83.86,2.56,Morning
1300,10,2025-05-10,1770,1376,77.74,1.34,Night
1301,1,2025-05-11,1346,1012,75.19,5.02,Morning
1302,2,2025-05-11,1486,1436,96.64,6.19,Night
1303,3,2025-05-11,1234,978,79.25,1.64,Night
1304,4,2025-05-11,1699,1653,97.29,6.2,Night
1305,5,2025-05-11,1636,1263,77.2,5.98,Morning
1306,6,2025-05-11,824,735,89.2,5.73,Morning
1307,7,2025-05-11,889,684,76.94,0.43,Evening
1308,8,2025-05-11,1371,1064,77.61,4.6,Morning
1309,9,2025-05-11,1732,1431,82.62,3.26,Evening
1310,10,2025-05-11,1445,1290,89.27,3.46,Morning
1311,1,2025-05-12,1198,958,79.97,4.28,Night
1312,2,2025-05-12,1537,1468,95.51,0.51,Night
1313,3,2025-05-12,1399,1072,76.63,5.61,Morning
1314,4,2025-05-12,1166,1131,97.0,0.85,Night
1315,5,2025-05-12,1108,875,78.97,2.25,Evening
1316,6,2025-05-12,1190,1094,91.93,6.58,Morning
1317,7,2025-05-12,1285,1043,81.17,4.27,Morning
1318,8,2025-05-12,1564,1373,87.79,6.37,Night
1319,9,2025-05-12,1102,899,81.58,2.38,Night
1320,10,2025-05-12,1463,1288,88.04,7.66,Morning
1321,1,2025-05-13,1366,1308,95.75,1.13,Morning
1322,2,2025-05-13,805,749,93.04,4.77,Night
1323,3,2025-05-13,1360,1063,78.16,2.44,Night
1324,4,2025-05-13,1559,1540,98.78,2.75,Evening
1325,5,2025-05-13,1727,1625,94.09,6.81,Morning
1326,6,2025-05-13,964,770,79.88,1.77,Evening
1327,7,2025-05-13,998,777,77.86,1.45,Night
1328,8,2025-05-13,1672,1281,76.61,6.81,Night
1329,9,2025-05-13,1272,1235,97.09,0.59,Night
1330,10,2025-05-13,868,715,82.37,0.79,Night
1331,1,2025-05-14,1394,1294,92.83,7.61,Evening
1332,2,2025-05-14,931,869,93.34,5.24,Morning
1333,3,2025-05-14,1091,853,78.19,7.2,Evening
1334,4,2025-05-14,1297,1202,92.68,2.63,Night
1335,5,2025-05-14,1113,912,81.94,4.52,Evening
1336,6,2025-05-14,1627,1381,84.88,7.67,Morning
1337,7,2025-05-14,804,683,84.95,1.97,Morning
1338,8,2025-05-14,1529,1524,99.67,5.13,Evening
1339,9,2025-05-14,1660,1429,86.08,1.07,Night
1340,10,2025-05-14,1139,1099,96.49,3.7,Evening
1341,1,2025-05-15,1593,1350,84.75,3.9,Morning
1342,2,2025-05-15,979,899,91.83,4.85,Evening
1343,3,2025-05-15,1679,1330,79.21,7.13,Morning
1344,4,2025-05-15,1069,840,78.58,5.82,Morning
1345,5,2025-05-15,1669,1510,90.47,5.05,Night
1346,6,2025-05-15,1392,1251,89.87,6.15,Morning
1347,7,2025-05-15,1728,1314,76.04,4.41,Night
1348,8,2025-05-15,1715,1562,91.08,3.78,Morning
1349,9,2025-05-15,1174,1080,91.99,1.79,Night
1350,10,2025-05-15,1550,1310,84.52,1.07,Night
1351,1,2025-05-16,1322,1037,78.44,3.17,Night
1352,2,2025-05-16,810,776,95.8,1.91,Night
1353,3,2025-05-16,1500,1209,80.6,6.06,Morning
1354,4,2025-05-16,1256,1023,81.45,1.43,Night
1355,5,2025-05-16,1475,1180,80.0,5.89,Evening
1356,6,2025-05-16,1761,1503,85.35,0.32,Evening
1357,7,2025-05-16,1037,809,78.01,2.11,Morning
1358,8,2025-05-16,843,803,95.26,1.65,Evening
1359,9,2025-05-16,1197,1137,94.99,7.34,Morning
1360,10,2025-05-16,840,796,94.76,2.59,Night
1361,1,2025-05-17,1791,1609,89.84,5.07,Evening
1362,2,2025-05-17,1654,1619,97.88,2.11,Night
1363,3,2025-05-17,1383,1126,81.42,3.01,Evening
1364,4,2025-05-17,1174,919,78.28,4.13,Evening
1365,5,2025-05-17,1796,1461,81.35,4.13,Evening
1366,6,2025-05-17,1636,1403,85.76,3.89,Evening
1367,7,2025-05-17,1708,1590,93.09,0.05,Morning
1368,8,2025-05-17,1250,1021,81.68,1.84,Night
1369,9,2025-05-17,1458,1236,84.77,1.69,Morning
1370,10,2025-05-17,961,812,84.5,4.82,Morning
1371,1,2025-05-18,1476,1224,82.93,3.32,Evening
1372,2,2025-05-18,1537,1210,78.72,3.85,Evening
1373,3,2025-05-18,1290,1074,83.26,4.73,Night
1374,4,2025-05-18,1653,1449,87.66,0.18,Morning
1375,5,2025-05-18,930,843,90.65,4.74,Morning
1376,6,2025-05-18,1444,1345,93.14,0.31,Night
1377,7,2025-05-18,950,726,76.42,1.33,Morning
1378,8,2025-05-18,1329,1203,90.52,4.79,Night
1379,9,2025-05-18,1452,1098,75.62,7.03,Night
1380,10,2025-05-18,1477,1252,84.77,7.58,Morning
1381,1,2025-05-19,1259,1254,99.6,7.94,Evening
1382,2,2025-05-19,974,786,80.7,6.64,Night
1383,3,2025-05-19,946,912,96.41,4.66,Morning
1384,4,2025-05-19,1438,1415,98.4,4.09,Morning
1385,5,2025-05-19,1541,1506,97.73,2.74,Evening
1386,6,2025-05-19,1410,1359,96.38,0.55,Evening
1387,7,2025-05-19,1194,962,80.57,0.87,Morning
1388,8,2025-05-19,1335,1259,94.31,5.47,Morning
1389,9,2025-05-19,1420,1114,78.45,1.42,Night
1390,10,2025-05-19,1414,1079,76.31,7.02,Night
1391,1,2025-05-20,1315,1046,79.54,0.75,Night
1392,2,2025-05-20,933,929,99.57,4.83,Morning
1393,3,2025-05-20,1718,1684,98.02,5.43,Evening
1394,4,2025-05-20,1334,1215,91.08,2.96,Morning
1395,5,2025-05-20,1514,1406,92.87,3.43,Evening
1396,6,2025-05-20,1608,1599,99.44,3.05,Night
1397,7,2025-05-20,1623,1596,98.34,7.26,Night
1398,8,2025-05-20,1389,1091,78.55,3.4,Evening
1399,9,2025-05-20,1288,1085,84.24,7.28,Morning
1400,10,2025-05-20,1090,1026,94.13,2.06,Morning
1401,1,2025-05-21,1526,1524,99.87,6.32,Night
1402,2,2025-05-21,1335,1061,79.48,4.16,Evening
1403,3,2025-05-21,1470,1207,82.11,5.5,Evening
1404,4,2025-05-21,1218,1098,90.15,0.85,Evening
1405,5,2025-05-21,1467,1399,95.36,2.03,Night
1406,6,2025-05-21,1233,1213,98.38,2.93,Evening
1407,7,2025-05-21,1496,1325,88.57,6.04,Evening
1408,8,2025-05-21,1365,1308,95.82,3.86,Evening
1409,9,2025-05-21,1372,1313,95.7,3.87,Evening
1410,10,2025-05-21,1391,1219,87.63,6.19,Evening
1411,1,2025-05-22,1553,1234,79.46,6.84,Night
1412,2,2025-05-22,921,881,95.66,1.84,Night
1413,3,2025-05-22,1772,1411,79.63,0.8,Night
1414,4,2025-05-22,1210,1080,89.26,6.41,Night
1415,5,2025-05-22,1513,1484,98.08,5.65,Morning
1416,6,2025-05-22,1198,900,75.13,6.43,Morning
1417,7,2025-05-22,1282,1268,98.91,3.48,Morning
1418,8,2025-05-22,1069,914,85.5,2.97,Night
1419,9,2025-05-22,838,813,97.02,3.07,Evening
1420,10,2025-05-22,1428,1406,98.46,4.17,Night
1421,1,2025-05-23,1786,1644,92.05,0.46,Morning
1422,2,2025-05-23,1455,1344,92.37,3.51,Morning
1423,3,2025-05-23,1670,1588,95.09,7.45,Night
1424,4,2025-05-23,1092,918,84.07,0.27,Night
1425,5,2025-05-23,1322,1255,94.93,5.59,Night
1426,6,2025-05-23,973,901,92.6,0.29,Morning
1427,7,2025-05-23,1470,1102,74.97,7.81,Morning
1428,8,2025-05-23,1082,1015,93.81,2.83,Evening
1429,9,2025-05-23,1215,1211,99.67,1.6,Morning
1430,10,2025-05-23,1554,1525,98.13,0.55,Morning
1431,1,2025-05-24,1362,1166,85.61,5.81,Night
1432,2,2025-05-24,1736,1600,92.17,2.78,Evening
1433,3,2025-05-24,1031,872,84.58,3.64,Evening
1434,4,2025-05-24,1388,1043,75.14,2.09,Evening
1435,5,2025-05-24,1318,1042,79.06,4.47,Night
1436,6,2025-05-24,1101,999,90.74,7.58,Night
1437,7,2025-05-24,1779,1465,82.35,7.01,Night
1438,8,2025-05-24,1056,1018,96.4,7.73,Night
1439,9,2025-05-24,1295,1095,84.56,6.06,Evening
1440,10,2025-05-24,1497,1357,90.65,7.17,Morning
1441,1,2025-05-25,1293,1028,79.51,2.06,Evening
1442,2,2025-05-25,1448,1198,82.73,5.42,Morning
1443,3,2025-05-25,1619,1375,84.93,3.3,Evening
1444,4,2025-05-25,1328,1270,95.63,0.08,Evening
1445,5,2025-05-25,1054,937,88.9,0.74,Night
1446,6,2025-05-25,1566,1349,86.14,0.61,Morning
1447,7,2025-05-25,1287,1125,87.41,2.83,Night
1448,8,2025-05-25,1075,899,83.63,7.58,Night
1449,9,2025-05-25,1752,1411,80.54,3.99,Morning
1450,10,2025-05-25,1040,903,86.83,6.98,Morning
1451,1,2025-05-26,1034,878,84.91,6.68,Night
1452,2,2025-05-26,1164,952,81.79,6.23,Morning
1453,3,2025-05-26,1742,1346,77.27,5.41,Night
1454,4,2025-05-26,1304,1292,99.08,0.05,Night
1455,5,2025-05-26,1780,1356,76.18,6.78,Evening
1456,6,2025-05-26,1435,1237,86.2,3.94,Night
1457,7,2025-05-26,1689,1406,83.24,3.93,Night
1458,8,2025-05-26,1086,1017,93.65,1.78,Night
1459,9,2025-05-26,931,711,76.37,4.21,Evening
1460,10,2025-05-26,1289,1242,96.35,0.26,Evening
1461,1,2025-05-27,1203,991,82.38,3.66,Morning
1462,2,2025-05-27,1515,1401,92.48,3.68,Night
1463,3,2025-05-27,808,609,75.37,5.39,Evening
1464,4,2025-05-27,1394,1096,78.62,2.6,Night
1465,5,2025-05-27,1682,1393,82.82,1.5,Evening
1466,6,2025-05-27,1042,918,88.1,3.77,Night
1467,7,2025-05-27,1151,1050,91.23,1.47,Evening
1468,8,2025-05-27,1015,868,85.52,5.61,Evening
1469,9,2025-05-27,1173,1084,92.41,2.24,Morning
1470,10,2025-05-27,1385,1105,79.78,7.83,Night
1471,1,2025-05-28,1034,826,79.88,5.77,Morning
1472,2,2025-05-28,1368,1247,91.15,6.85,Morning
1473,3,2025-05-28,949,915,96.42,7.67,Morning
1474,4,2025-05-28,1284,967,75.31,1.41,Evening
1475,5,2025-05-28,937,930,99.25,6.8,Night
1476,6,2025-05-28,1346,1170,86.92,6.28,Evening
1477,7,2025-05-28,1056,816,77.27,3.19,Night
1478,8,2025-05-28,967,740,76.53,1.72,Evening
1479,9,2025-05-28,1287,1287,100.0,0.77,Night
1480,10,2025-05-28,1142,989,86.6,2.89,Night
1481,1,2025-05-29,1370,1158,84.53,2.75,Evening
1482,2,2025-05-29,924,782,84.63,6.94,Night
1483,3,2025-05-29,1003,899,89.63,4.61,Night
1484,4,2025-05-29,1351,1102,81.57,7.83,Evening
1485,5,2025-05-29,1163,1038,89.25,5.39,Evening
1486,6,2025-05-29,1593,1571,98.62,3.58,Morning
1487,7,2025-05-29,1190,1038,87.23,3.71,Morning
1488,8,2025-05-29,1689,1351,79.99,5.12,Evening
1489,9,2025-05-29,1231,1215,98.7,3.24,Morning
1490,10,2025-05-29,881,701,79.57,2.75,Evening
1491,1,2025-05-30,1124,992,88.26,5.68,Night
1492,2,2025-05-30,1460,1297,88.84,2.17,Evening
1493,3,2025-05-30,1599,1384,86.55,5.98,Night
1494,4,2025-05-30,1788,1571,87.86,3.31,Morning
1495,5,2025-05-30,1674,1266,75.63,1.0,Morning
1496,6,2025-05-30,1477,1235,83.62,7.52,Night
1497,7,2025-05-30,1567,1215,77.54,1.68,Evening
1498,8,2025-05-30,905,702,77.57,0.51,Evening
1499,9,2025-05-30,1361,1047,76.93,0.21,Evening
1500,10,2025-05-30,1336,1044,78.14,0.83,Night
1501,1,2025-05-31,959,740,77.16,5.24,Evening
1502,2,2025-05-31,1116,954,85.48,1.98,Evening
1503,3,2025-05-31,1253,1003,80.05,1.05,Morning
1504,4,2025-05-31,829,629,75.87,5.31,Evening
1505,5,2025-05-31,1684,1506,89.43,3.74,Night
1506,6,2025-05-31,1757,1456,82.87,4.39,Morning
1507,7,2025-05-31,1792,1701,94.92,4.31,Night
1508,8,2025-05-31,1411,1291,91.5,5.05,Night
1509,9,2025-05-31,1698,1561,91.93,3.48,Night
1510,10,2025-05-31,1454,1363,93.74,2.48,Evening
1511,1,2025-06-01,1293,1245,96.29,1.82,Morning
1512,2,2025-06-01,1252,1096,87.54,2.93,Evening
1513,3,2025-06-01,959,796,83.0,0.08,Night
1514,4,2025-06-01,1634,1613,98.71,6.78,Evening
1515,5,2025-06-01,1093,1059,96.89,4.28,Night
1516,6,2025-06-01,1744,1559,89.39,7.58,Evening
1517,7,2025-06-01,1106,833,75.32,6.13,Evening
1518,8,2025-06-01,1411,1176,83.35,6.37,Night
1519,9,2025-06-01,1182,982,83.08,3.29,Night
1520,10,2025-06-01,1247,1137,91.18,2.0,Night
1521,1,2025-06-02,1554,1495,96.2,3.12,Evening
1522,2,2025-06-02,1025,902,88.0,0.63,Night
1523,3,2025-06-02,1045,922,88.23,2.28,Night
1524,4,2025-06-02,1344,1145,85.19,3.3,Morning
1525,5,2025-06-02,986,773,78.4,2.32,Night
1526,6,2025-06-02,1266,1265,99.92,3.62,Night
1527,7,2025-06-02,1437,1328,92.41,1.5,Morning
1528,8,2025-06-02,955,728,76.23,7.76,Morning
1529,9,2025-06-02,990,990,100.0,0.82,Evening
1530,10,2025-06-02,928,879,94.72,3.51,Morning
1531,1,2025-06-03,1038,824,79.38,1.21,Evening
1532,2,2025-06-03,1022,941,92.07,3.36,Evening
1533,3,2025-06-03,1180,1122,95.08,5.58,Morning
1534,4,2025-06-03,1138,894,78.56,6.75,Morning
1535,5,2025-06-03,857,710,82.85,6.21,Morning
1536,6,2025-06-03,1356,1257,92.7,1.45,Evening
1537,7,2025-06-03,1636,1422,86.92,6.63,Morning
1538,8,2025-06-03,1797,1740,96.83,5.72,Evening
1539,9,2025-06-03,1589,1417,89.18,1.98,Morning
1540,10,2025-06-03,1003,869,86.64,5.88,Morning
1541,1,2025-06-04,1333,1105,82.9,3.78,Night
1542,2,2025-06-04,1784,1497,83.91,7.49,Morning
1543,3,2025-06-04,1444,1104,76.45,5.96,Night
1544,4,2025-06-04,1333,1061,79.59,2.03,Night
1545,5,2025-06-04,1105,929,84.07,2.88,Morning
1546,6,2025-06-04,1684,1604,95.25,1.74,Morning
1547,7,2025-06-04,1041,1002,96.25,2.6,Morning
1548,8,2025-06-04,1613,1350,83.69,4.68,Evening
1549,9,2025-06-04,1608,1330,82.71,0.07,Morning
1550,10,2025-06-04,1395,1289,92.4,5.51,Morning
1551,1,2025-06-05,1180,930,78.81,1.99,Evening
1552,2,2025-06-05,893,844,94.51,4.95,Night
1553,3,2025-06-05,861,660,76.66,2.84,Morning
1554,4,2025-06-05,1518,1412,93.02,6.33,Morning
1555,5,2025-06-05,1299,1093,84.14,2.53,Night
1556,6,2025-06-05,1607,1535,95.52,6.05,Evening
1557,7,2025-06-05,1550,1260,81.29,0.17,Evening
1558,8,2025-06-05,1166,942,80.79,2.01,Morning
1559,9,2025-06-05,1296,1196,92.28,4.47,Night
1560,10,2025-06-05,1513,1384,91.47,1.52,Morning
1561,1,2025-06-06,1356,1195,88.13,2.59,Evening
1562,2,2025-06-06,1081,892,82.52,0.55,Morning
1563,3,2025-06-06,1260,1096,86.98,6.56,Night
1564,4,2025-06-06,1175,1113,94.72,0.01,Night
1565,5,2025-06-06,1318,1182,89.68,5.87,Morning
1566,6,2025-06-06,1434,1261,87.94,6.21,Morning
1567,7,2025-06-06,1128,878,77.84,5.27,Night
1568,8,2025-06-06,1638,1426,87.06,1.52,Night
1569,9,2025-06-06,1309,1263,96.49,1.23,Evening
1570,10,2025-06-06,1130,1056,93.45,5.13,Morning
1571,1,2025-06-07,898,806,89.76,5.27,Morning
1572,2,2025-06-07,1655,1307,78.97,1.43,Morning
1573,3,2025-06-07,1006,781,77.63,3.88,Morning
1574,4,2025-06-07,832,770,92.55,5.13,Evening
1575,5,2025-06-07,1473,1354,91.92,4.21,Night
1576,6,2025-06-07,1404,1184,84.33,0.39,Morning
1577,7,2025-06-07,1420,1101,77.54,0.1,Morning
1578,8,2025-06-07,1471,1354,92.05,7.43,Morning
1579,9,2025-06-07,1279,990,77.4,2.89,Night
1580,10,2025-06-07,1760,1532,87.05,6.58,Night
1581,1,2025-06-08,859,854,99.42,4.94,Night
1582,2,2025-06-08,841,817,97.15,0.56,Evening
1583,3,2025-06-08,879,714,81.23,7.68,Morning
1584,4,2025-06-08,903,862,95.46,1.85,Evening
1585,5,2025-06-08,994,794,79.88,4.21,Morning
1586,6,2025-06-08,1383,1357,98.12,7.58,Night
1587,7,2025-06-08,1567,1460,93.17,3.32,Morning
1588,8,2025-06-08,1584,1514,95.58,4.61,Night
1589,9,2025-06-08,1269,1169,92.12,7.06,Morning
1590,10,2025-06-08,1611,1300,80.7,4.4,Night
1591,1,2025-06-09,1145,938,81.92,4.27,Night
1592,2,2025-06-09,1253,1119,89.31,7.22,Night
1593,3,2025-06-09,1132,1039,91.78,3.3,Night
1594,4,2025-06-09,1240,1095,88.31,4.87,Night
1595,5,2025-06-09,1358,1127,82.99,3.0,Night
1596,6,2025-06-09,1748,1692,96.8,2.03,Evening
1597,7,2025-06-09,1258,1146,91.1,0.0,Morning
1598,8,2025-06-09,1091,826,75.71,4.14,Evening
1599,9,2025-06-09,806,680,84.37,7.88,Morning
1600,10,2025-06-09,1676,1418,84.61,0.17,Night
1601,1,2025-06-10,1642,1372,83.56,7.35,Night
1602,2,2025-06-10,1369,1318,96.27,7.41,Morning
1603,3,2025-06-10,896,681,76.0,3.68,Morning
1604,4,2025-06-10,941,772,82.04,2.94,Night
1605,5,2025-06-10,1055,910,86.26,2.05,Evening
1606,6,2025-06-10,894,816,91.28,3.2,Morning
1607,7,2025-06-10,1551,1202,77.5,5.79,Evening
1608,8,2025-06-10,977,856,87.62,6.61,Night
1609,9,2025-06-10,1519,1434,94.4,6.56,Morning
1610,10,2025-06-10,1409,1384,98.23,2.4,Night
1611,1,2025-06-11,1627,1515,93.12,3.05,Morning
1612,2,2025-06-11,1743,1701,97.59,2.68,Evening
1613,3,2025-06-11,1226,980,79.93,6.96,Morning
1614,4,2025-06-11,1565,1507,96.29,6.8,Morning
1615,5,2025-06-11,1449,1409,97.24,3.06,Evening
1616,6,2025-06-11,1336,1023,76.57,2.55,Night
1617,7,2025-06-11,953,797,83.63,4.02,Morning
1618,8,2025-06-11,956,729,76.26,5.39,Evening
1619,9,2025-06-11,1794,1573,87.68,6.02,Night
1620,10,2025-06-11,1316,1033,78.5,1.78,Evening
1621,1,2025-06-12,1605,1404,87.48,1.18,Evening
1622,2,2025-06-12,884,784,88.69,4.57,Morning
1623,3,2025-06-12,1361,1224,89.93,2.1,Evening
1624,4,2025-06-12,1313,1206,91.85,6.19,Morning
1625,5,2025-06-12,1580,1254,79.37,3.85,Morning
1626,6,2025-06-12,1299,1176,90.53,5.22,Morning
1627,7,2025-06-12,1374,1345,97.89,7.98,Night
1628,8,2025-06-12,1052,913,86.79,0.57,Evening
1629,9,2025-06-12,1131,893,78.96,0.9,Evening
1630,10,2025-06-12,1233,1111,90.11,2.79,Evening
1631,1,2025-06-13,1152,876,76.04,6.16,Morning
1632,2,2025-06-13,1158,1094,94.47,4.99,Evening
1633,3,2025-06-13,845,842,99.64,1.87,Night
1634,4,2025-06-13,1182,965,81.64,6.06,Morning
1635,5,2025-06-13,915,875,95.63,0.44,Night
1636,6,2025-06-13,1748,1386,79.29,6.95,Evening
1637,7,2025-06-13,814,697,85.63,5.55,Morning
1638,8,2025-06-13,1112,1064,95.68,3.77,Evening
1639,9,2025-06-13,1014,949,93.59,4.3,Morning
1640,10,2025-06-13,1359,1286,94.63,6.0,Night
1641,1,2025-06-14,1294,1288,99.54,5.84,Morning
1642,2,2025-06-14,1511,1490,98.61,5.35,Evening
1643,3,2025-06-14,1396,1386,99.28,4.21,Evening
1644,4,2025-06-14,974,745,76.49,2.27,Night
1645,5,2025-06-14,1432,1212,84.64,0.42,Night
1646,6,2025-06-14,1767,1329,75.21,0.53,Night
1647,7,2025-06-14,1077,991,92.01,6.91,Morning
1648,8,2025-06-14,1099,1021,92.9,1.85,Evening
1649,9,2025-06-14,1320,1040,78.79,7.23,Evening
1650,10,2025-06-14,1687,1570,93.06,4.25,Morning
1651,1,2025-06-15,1003,880,87.74,7.73,Night
1652,2,2025-06-15,1748,1675,95.82,0.17,Morning
1653,3,2025-06-15,1744,1579,90.54,2.44,Evening
1654,4,2025-06-15,1202,981,81.61,0.15,Night
1655,5,2025-06-15,1160,1051,90.6,5.0,Morning
1656,6,2025-06-15,1313,1125,85.68,6.5,Night
1657,7,2025-06-15,1063,995,93.6,7.12,Morning
1658,8,2025-06-15,1766,1608,91.05,7.59,Morning
1659,9,2025-06-15,955,803,84.08,7.18,Night
1660,10,2025-06-15,940,727,77.34,5.84,Night
1661,1,2025-06-16,1783,1684,94.45,4.9,Night
1662,2,2025-06-16,1502,1242,82.69,3.34,Night
1663,3,2025-06-16,956,826,86.4,7.76,Night
1664,4,2025-06-16,1137,1081,95.07,4.34,Morning
1665,5,2025-06-16,1468,1171,79.77,4.65,Night
1666,6,2025-06-16,1619,1317,81.35,6.9,Evening
1667,7,2025-06-16,1505,1489,98.94,7.19,Morning
1668,8,2025-06-16,1240,1004,80.97,5.25,Night
1669,9,2025-06-16,1739,1384,79.59,2.54,Night
1670,10,2025-06-16,1345,1068,79.41,1.47,Morning
1671,1,2025-06-17,1544,1173,75.97,6.12,Evening
1672,2,2025-06-17,1784,1548,86.77,2.43,Night
1673,3,2025-06-17,1756,1737,98.92,7.15,Night
1674,4,2025-06-17,1080,887,82.13,6.23,Morning
1675,5,2025-06-17,934,747,79.98,0.21,Night
1676,6,2025-06-17,1431,1209,84.49,4.84,Night
1677,7,2025-06-17,1036,895,86.39,1.85,Morning
1678,8,2025-06-17,1167,915,78.41,5.51,Evening
1679,9,2025-06-17,937,830,88.58,6.77,Evening
1680,10,2025-06-17,1529,1478,96.66,2.99,Evening
1681,1,2025-06-18,1303,1219,93.55,1.1,Morning
1682,2,2025-06-18,1031,789,76.53,3.27,Morning
1683,3,2025-06-18,1747,1448,82.88,7.6,Morning
1684,4,2025-06-18,1560,1513,96.99,7.91,Morning
1685,5,2025-06-18,867,695,80.16,7.42,Evening
1686,6,2025-06-18,1687,1580,93.66,3.92,Evening
1687,7,2025-06-18,1687,1499,88.86,7.1,Evening
1688,8,2025-06-18,1214,931,76.69,4.86,Evening
1689,9,2025-06-18,1537,1312,85.36,3.15,Night
1690,10,2025-06-18,1385,1342,96.9,4.29,Night
1691,1,2025-06-19,1696,1632,96.23,6.3,Night
1692,2,2025-06-19,911,798,87.6,3.66,Morning
1693,3,2025-06-19,1698,1398,82.33,4.15,Evening
1694,4,2025-06-19,1552,1184,76.29,4.46,Night
1695,5,2025-06-19,1583,1509,95.33,7.7,Morning
1696,6,2025-06-19,1098,1048,95.45,3.18,Evening
1697,7,2025-06-19,1592,1340,84.17,3.69,Evening
1698,8,2025-06-19,1101,852,77.38,5.52,Morning
1699,9,2025-06-19,1274,1186,93.09,0.72,Night
1700,10,2025-06-19,915,732,80.0,6.23,Night
1701,1,2025-06-20,1359,1088,80.06,3.14,Evening
1702,2,2025-06-20,1261,957,75.89,1.43,Night
1703,3,2025-06-20,1718,1652,96.16,7.17,Evening
1704,4,2025-06-20,892,733,82.17,2.59,Night
1705,5,2025-06-20,1728,1660,96.06,6.37,Night
1706,6,2025-06-20,1550,1225,79.03,0.73,Night
1707,7,2025-06-20,1260,1130,89.68,0.68,Night
1708,8,2025-06-20,1193,1155,96.81,4.9,Morning
1709,9,2025-06-20,1187,1171,98.65,3.04,Morning
1710,10,2025-06-20,1734,1471,84.83,4.52,Night
1711,1,2025-06-21,1683,1338,79.5,1.3,Morning
1712,2,2025-06-21,983,933,94.91,5.7,Evening
1713,3,2025-06-21,1115,994,89.15,5.84,Evening
1714,4,2025-06-21,1095,913,83.38,0.94,Morning
1715,5,2025-06-21,1783,1440,80.76,0.03,Evening
1716,6,2025-06-21,812,726,89.41,3.98,Evening
1717,7,2025-06-21,1356,1019,75.15,4.86,Evening
1718,8,2025-06-21,1043,893,85.62,4.71,Evening
1719,9,2025-06-21,1264,1157,91.53,3.54,Night
1720,10,2025-06-21,1414,1063,75.18,1.96,Night
1721,1,2025-06-22,1084,919,84.78,0.39,Morning
1722,2,2025-06-22,856,809,94.51,2.79,Morning
1723,3,2025-06-22,1674,1271,75.93,5.34,Night
1724,4,2025-06-22,1105,997,90.23,7.36,Morning
1725,5,2025-06-22,911,789,86.61,7.95,Morning
1726,6,2025-06-22,1488,1261,84.74,4.89,Night
1727,7,2025-06-22,1516,1441,95.05,4.58,Night
1728,8,2025-06-22,981,851,86.75,5.99,Evening
1729,9,2025-06-22,1753,1332,75.98,0.75,Evening
1730,10,2025-06-22,1130,1035,91.59,7.18,Morning
1731,1,2025-06-23,1576,1400,88.83,6.75,Morning
1732,2,2025-06-23,1099,1065,96.91,1.08,Night
1733,3,2025-06-23,1680,1400,83.33,2.63,Evening
1734,4,2025-06-23,1337,1109,82.95,5.57,Night
1735,5,2025-06-23,859,671,78.11,4.57,Night
1736,6,2025-06-23,1341,1049,78.23,3.87,Night
1737,7,2025-06-23,1419,1211,85.34,3.42,Evening
1738,8,2025-06-23,1065,979,91.92,7.42,Night
1739,9,2025-06-23,1376,1286,93.46,4.16,Night
1740,10,2025-06-23,1309,1233,94.19,6.46,Night
1741,1,2025-06-24,1038,926,89.21,7.83,Morning
1742,2,2025-06-24,921,696,75.57,3.72,Morning
1743,3,2025-06-24,1555,1272,81.8,6.4,Evening
1744,4,2025-06-24,1223,940,76.86,2.67,Night
1745,5,2025-06-24,1625,1544,95.02,1.7,Night
1746,6,2025-06-24,1006,930,92.45,2.25,Morning
1747,7,2025-06-24,1115,989,88.7,4.05,Evening
1748,8,2025-06-24,1585,1191,75.14,0.91,Evening
1749,9,2025-06-24,1149,1063,92.52,5.8,Night
1750,10,2025-06-24,1783,1351,75.77,6.66,Morning
1751,1,2025-06-25,1138,1026,90.16,7.38,Evening
1752,2,2025-06-25,1738,1545,88.9,6.38,Night
1753,3,2025-06-25,939,827,88.07,1.24,Evening
1754,4,2025-06-25,1713,1558,90.95,7.17,Evening
1755,5,2025-06-25,1602,1412,88.14,7.42,Morning
1756,6,2025-06-25,1655,1507,91.06,2.39,Night
1757,7,2025-06-25,1494,1281,85.74,4.44,Morning
1758,8,2025-06-25,1013,906,89.44,5.48,Evening
1759,9,2025-06-25,867,688,79.35,2.24,Morning
1760,10,2025-06-25,1147,1052,91.72,5.01,Morning
1761,1,2025-06-26,1384,1348,97.4,3.12,Night
1762,2,2025-06-26,919,910,99.02,6.26,Evening
1763,3,2025-06-26,1522,1302,85.55,5.68,Evening
1764,4,2025-06-26,1223,961,78.58,3.98,Morning
1765,5,2025-06-26,1180,1116,94.58,6.64,Evening
1766,6,2025-06-26,1021,919,90.01,1.4,Evening
1767,7,2025-06-26,1603,1221,76.17,6.22,Morning
1768,8,2025-06-26,1254,1199,95.61,0.2,Evening
1769,9,2025-06-26,1726,1550,89.8,1.23,Evening
1770,10,2025-06-26,1745,1555,89.11,5.86,Night
1771,1,2025-06-27,1117,1004,89.88,1.15,Morning
1772,2,2025-06-27,1641,1494,91.04,5.41,Morning
1773,3,2025-06-27,1010,942,93.27,0.29,Evening
1774,4,2025-06-27,1530,1414,92.42,0.93,Evening
1775,5,2025-06-27,1754,1337,76.23,5.5,Night
1776,6,2025-06-27,1692,1313,77.6,2.67,Morning
1777,7,2025-06-27,905,811,89.61,6.13,Night
1778,8,2025-06-27,1119,850,75.96,4.62,Evening
1779,9,2025-06-27,1454,1197,82.32,2.57,Morning
1780,10,2025-06-27,1093,960,87.83,4.26,Evening
1781,1,2025-06-28,1487,1175,79.02,2.18,Morning
1782,2,2025-06-28,1080,868,80.37,0.12,Night
1783,3,2025-06-28,1373,1292,94.1,0.82,Night
1784,4,2025-06-28,1158,1149,99.22,2.55,Morning
1785,5,2025-06-28,1765,1683,95.35,6.43,Night
1786,6,2025-06-28,1050,874,83.24,0.57,Night
1787,7,2025-06-28,1713,1457,85.06,4.32,Morning
1788,8,2025-06-28,933,706,75.67,3.77,Night
1789,9,2025-06-28,851,665,78.14,3.07,Morning
1790,10,2025-06-28,1236,1127,91.18,1.43,Night
1791,1,2025-06-29,1712,1587,92.7,5.04,Night
1792,2,2025-06-29,1516,1365,90.04,4.93,Evening
1793,3,2025-06-29,1140,956,83.86,5.7,Night
1794,4,2025-06-29,1628,1494,91.77,0.63,Evening
1795,5,2025-06-29,1381,1102,79.8,0.74,Night
1796,6,2025-06-29,1279,1008,78.81,3.64,Night
1797,7,2025-06-29,1459,1457,99.86,6.13,Evening
1798,8,2025-06-29,1037,891,85.92,1.15,Night
1799,9,2025-06-29,1064,984,92.48,3.14,Night
1800,10,2025-06-29,1739,1644,94.54,2.64,Evening
1801,1,2025-06-30,1264,1197,94.7,0.24,Evening
1802,2,2025-06-30,915,775,84.7,3.83,Morning
1803,3,2025-06-30,1089,994,91.28,4.84,Morning
1804,4,2025-06-30,1320,1042,78.94,3.25,Night
1805,5,2025-06-30,1615,1265,78.33,2.61,Night
1806,6,2025-06-30,872,856,98.17,2.42,Evening
1807,7,2025-06-30,1210,1209,99.92,3.31,Night
1808,8,2025-06-30,1049,867,82.65,7.79,Evening
1809,9,2025-06-30,867,737,85.01,1.67,Night
1810,10,2025-06-30,1405,1273,90.6,6.27,Evening
1811,1,2025-07-01,1380,1210,87.68,4.36,Morning
1812,2,2025-07-01,977,901,92.22,5.36,Night
1813,3,2025-07-01,1753,1678,95.72,4.59,Evening
1814,4,2025-07-01,917,838,91.38,4.77,Evening
1815,5,2025-07-01,1368,1075,78.58,6.58,Morning
1816,6,2025-07-01,1115,1043,93.54,0.56,Morning
1817,7,2025-07-01,1501,1430,95.27,6.17,Evening
1818,8,2025-07-01,1135,1104,97.27,5.16,Morning
1819,9,2025-07-01,892,724,81.17,6.54,Night
1820,10,2025-07-01,1724,1679,97.39,5.09,Morning
1821,1,2025-07-02,1575,1256,79.75,5.29,Evening
1822,2,2025-07-02,1344,1157,86.09,3.12,Night
1823,3,2025-07-02,1257,1042,82.9,1.65,Evening
1824,4,2025-07-02,1106,984,88.97,7.35,Evening
1825,5,2025-07-02,1535,1327,86.45,7.92,Night
1826,6,2025-07-02,808,762,94.31,7.89,Evening
1827,7,2025-07-02,1667,1315,78.88,6.82,Morning
1828,8,2025-07-02,1178,1164,98.81,7.74,Morning
1829,9,2025-07-02,1520,1426,93.82,6.57,Evening
1830,10,2025-07-02,912,904,99.12,2.26,Morning
1831,1,2025-07-03,1040,1001,96.25,5.62,Evening
1832,2,2025-07-03,1440,1242,86.25,5.69,Evening
1833,3,2025-07-03,1190,1114,93.61,4.36,Night
1834,4,2025-07-03,977,853,87.31,1.11,Night
1835,5,2025-07-03,1193,1078,90.36,6.72,Morning
1836,6,2025-07-03,1095,885,80.82,1.07,Morning
1837,7,2025-07-03,1463,1105,75.53,1.15,Evening
1838,8,2025-07-03,1473,1327,90.09,7.8,Morning
1839,9,2025-07-03,886,699,78.89,5.14,Evening
1840,10,2025-07-03,1680,1493,88.87,7.15,Night
1841,1,2025-07-04,1418,1280,90.27,4.99,Evening
1842,2,2025-07-04,1321,1207,91.37,4.42,Evening
1843,3,2025-07-04,1193,1075,90.11,1.81,Evening
1844,4,2025-07-04,1419,1067,75.19,4.62,Night
1845,5,2025-07-04,1042,1037,99.52,2.15,Night
1846,6,2025-07-04,1390,1229,88.42,0.27,Morning
1847,7,2025-07-04,1381,1282,92.83,5.64,Morning
1848,8,2025-07-04,1394,1291,92.61,7.69,Morning
1849,9,2025-07-04,945,894,94.6,5.85,Evening
1850,10,2025-07-04,1276,1221,95.69,0.63,Night
1851,1,2025-07-05,890,729,81.91,3.78,Night
1852,2,2025-07-05,1479,1451,98.11,0.62,Night
1853,3,2025-07-05,1352,1310,96.89,2.5,Morning
1854,4,2025-07-05,1725,1468,85.1,4.28,Morning
1855,5,2025-07-05,1280,1192,93.12,4.1,Evening
1856,6,2025-07-05,1387,1209,87.17,3.37,Evening
1857,7,2025-07-05,1096,907,82.76,0.28,Night
1858,8,2025-07-05,1567,1330,84.88,5.82,Night
1859,9,2025-07-05,1066,830,77.86,5.03,Night
1860,10,2025-07-05,973,875,89.93,0.41,Evening
1861,1,2025-07-06,1628,1598,98.16,4.99,Evening
1862,2,2025-07-06,1296,1014,78.24,1.01,Morning
1863,3,2025-07-06,1671,1654,98.98,2.22,Morning
1864,4,2025-07-06,1430,1215,84.97,2.2,Evening
1865,5,2025-07-06,814,799,98.16,0.89,Morning
1866,6,2025-07-06,1731,1600,92.43,5.91,Night
1867,7,2025-07-06,1257,1131,89.98,6.46,Evening
1868,8,2025-07-06,1601,1558,97.31,1.89,Morning
1869,9,2025-07-06,1618,1483,91.66,6.9,Evening
1870,10,2025-07-06,886,701,79.12,4.76,Morning
1871,1,2025-07-07,1657,1495,90.22,6.02,Evening
1872,2,2025-07-07,1588,1387,87.34,1.9,Evening
1873,3,2025-07-07,1543,1483,96.11,1.34,Night
1874,4,2025-07-07,1551,1339,86.33,0.43,Evening
1875,5,2025-07-07,1573,1238,78.7,0.42,Evening
1876,6,2025-07-07,1208,1149,95.12,2.41,Night
1877,7,2025-07-07,1771,1713,96.73,7.38,Morning
1878,8,2025-07-07,1188,1090,91.75,3.8,Morning
1879,9,2025-07-07,1343,1229,91.51,0.09,Evening
1880,10,2025-07-07,1191,1054,88.5,7.69,Night
1881,1,2025-07-08,1778,1354,76.15,0.78,Night
1882,2,2025-07-08,1452,1270,87.47,7.65,Evening
1883,3,2025-07-08,1425,1401,98.32,6.87,Evening
1884,4,2025-07-08,1076,943,87.64,6.42,Evening
1885,5,2025-07-08,1470,1401,95.31,3.13,Night
1886,6,2025-07-08,1567,1298,82.83,5.87,Night
1887,7,2025-07-08,1588,1290,81.23,4.16,Night
1888,8,2025-07-08,1506,1221,81.08,2.51,Morning
1889,9,2025-07-08,1488,1120,75.27,6.65,Morning
1890,10,2025-07-08,1221,965,79.03,4.2,Night
1891,1,2025-07-09,1256,1121,89.25,1.76,Evening
1892,2,2025-07-09,1057,890,84.2,0.27,Night
1893,3,2025-07-09,894,684,76.51,7.51,Night
1894,4,2025-07-09,1715,1713,99.88,1.73,Night
1895,5,2025-07-09,1453,1151,79.22,5.66,Morning
1896,6,2025-07-09,888,885,99.66,4.84,Evening
1897,7,2025-07-09,1472,1435,97.49,4.53,Morning
1898,8,2025-07-09,1717,1343,78.22,5.57,Evening
1899,9,2025-07-09,1101,1064,96.64,5.28,Morning
1900,10,2025-07-09,1454,1322,90.92,7.38,Evening
1901,1,2025-07-10,1587,1408,88.72,5.54,Night
1902,2,2025-07-10,1588,1585,99.81,2.59,Morning
1903,3,2025-07-10,1599,1236,77.3,2.22,Morning
1904,4,2025-07-10,1191,1091,91.6,2.66,Morning
1905,5,2025-07-10,1064,933,87.69,1.42,Morning
1906,6,2025-07-10,1303,1079,82.81,4.88,Morning
1907,7,2025-07-10,1460,1346,92.19,0.87,Night
1908,8,2025-07-10,1587,1410,88.85,1.75,Night
1909,9,2025-07-10,908,794,87.44,5.72,Morning
1910,10,2025-07-10,835,644,77.13,0.56,Night
1911,1,2025-07-11,1056,1020,96.59,0.15,Evening
1912,2,2025-07-11,952,881,92.54,5.12,Morning
1913,3,2025-07-11,1480,1309,88.45,2.13,Night
1914,4,2025-07-11,1137,1052,92.52,4.6,Night
1915,5,2025-07-11,1524,1394,91.47,3.83,Evening
1916,6,2025-07-11,1664,1620,97.36,6.25,Morning
1917,7,2025-07-11,1353,1129,83.44,0.03,Night
1918,8,2025-07-11,1637,1626,99.33,3.86,Night
1919,9,2025-07-11,1348,1194,88.58,2.67,Evening
1920,10,2025-07-11,1210,935,77.27,5.06,Night
1921,1,2025-07-12,892,762,85.43,4.28,Evening
1922,2,2025-07-12,882,876,99.32,3.68,Evening
1923,3,2025-07-12,1463,1200,82.02,1.41,Morning
1924,4,2025-07-12,1790,1538,85.92,5.29,Evening
1925,5,2025-07-12,1512,1333,88.16,7.17,Night
1926,6,2025-07-12,1505,1311,87.11,3.89,Night
1927,7,2025-07-12,1248,1033,82.77,1.12,Morning
1928,8,2025-07-12,825,802,97.21,7.97,Morning
1929,9,2025-07-12,1300,1174,90.31,0.5,Night
1930,10,2025-07-12,1458,1250,85.73,4.0,Evening
1931,1,2025-07-13,1789,1349,75.41,0.3,Morning
1932,2,2025-07-13,1145,879,76.77,3.24,Morning
1933,3,2025-07-13,1626,1553,95.51,5.34,Evening
1934,4,2025-07-13,1762,1668,94.67,6.96,Night
1935,5,2025-07-13,952,903,94.85,4.63,Morning
1936,6,2025-07-13,837,815,97.37,1.13,Night
1937,7,2025-07-13,819,734,89.62,7.26,Night
1938,8,2025-07-13,846,696,82.27,5.61,Morning
1939,9,2025-07-13,814,654,80.34,5.06,Evening
1940,10,2025-07-13,1640,1636,99.76,0.78,Night
1941,1,2025-07-14,974,943,96.82,4.73,Morning
1942,2,2025-07-14,916,814,88.86,4.76,Night
1943,3,2025-07-14,1025,800,78.05,6.44,Evening
1944,4,2025-07-14,1145,1063,92.84,2.59,Night
1945,5,2025-07-14,1389,1320,95.03,1.1,Morning
1946,6,2025-07-14,1582,1209,76.42,4.74,Evening
1947,7,2025-07-14,864,678,78.47,2.19,Evening
1948,8,2025-07-14,972,907,93.31,2.96,Morning
1949,9,2025-07-14,1249,1060,84.87,7.41,Morning
1950,10,2025-07-14,936,727,77.67,6.33,Night
1951,1,2025-07-15,1427,1262,88.44,6.22,Morning
1952,2,2025-07-15,1700,1524,89.65,0.65,Morning
1953,3,2025-07-15,983,974,99.08,0.71,Night
1954,4,2025-07-15,1407,1200,85.29,3.33,Evening
1955,5,2025-07-15,1508,1195,79.24,1.65,Night
1956,6,2025-07-15,1077,1074,99.72,3.6,Morning
1957,7,2025-07-15,1760,1409,80.06,4.88,Morning
1958,8,2025-07-15,1410,1149,81.49,5.74,Night
1959,9,2025-07-15,1773,1374,77.5,5.02,Evening
1960,10,2025-07-15,1156,1081,93.51,0.04,Morning
1961,1,2025-07-16,996,777,78.01,7.89,Morning
1962,2,2025-07-16,1433,1259,87.86,6.9,Night
1963,3,2025-07-16,1319,1101,83.47,3.71,Night
1964,4,2025-07-16,1475,1212,82.17,2.21,Morning
1965,5,2025-07-16,915,889,97.16,1.19,Evening
1966,6,2025-07-16,1309,1071,81.82,1.28,Morning
1967,7,2025-07-16,855,806,94.27,2.91,Morning
1968,8,2025-07-16,1245,1061,85.22,2.67,Evening
1969,9,2025-07-16,844,659,78.08,5.92,Night
1970,10,2025-07-16,980,775,79.08,6.28,Evening
1971,1,2025-07-17,1327,1054,79.43,0.57,Morning
1972,2,2025-07-17,1538,1380,89.73,4.74,Evening
1973,3,2025-07-17,1229,1022,83.16,5.98,Evening
1974,4,2025-07-17,1035,832,80.39,2.61,Morning
1975,5,2025-07-17,1042,992,95.2,6.96,Evening
1976,6,2025-07-17,1712,1396,81.54,0.59,Night
1977,7,2025-07-17,1296,999,77.08,7.12,Morning
1978,8,2025-07-17,1021,997,97.65,1.42,Evening
1979,9,2025-07-17,939,821,87.43,5.76,Night
1980,10,2025-07-17,1167,1013,86.8,1.62,Morning
1981,1,2025-07-18,832,801,96.27,4.55,Evening
1982,2,2025-07-18,939,732,77.96,6.81,Evening
1983,3,2025-07-18,1228,1008,82.08,6.08,Morning
1984,4,2025-07-18,1707,1431,83.83,4.83,Night
1985,5,2025-07-18,1775,1644,92.62,7.24,Night
1986,6,2025-07-18,1793,1627,90.74,6.84,Morning
1987,7,2025-07-18,1221,1182,96.81,3.91,Morning
1988,8,2025-07-18,1405,1295,92.17,6.7,Evening
1989,9,2025-07-18,814,796,97.79,3.42,Morning
1990,10,2025-07-18,1053,956,90.79,3.47,Morning
1991,1,2025-07-19,1713,1586,92.59,7.57,Night
1992,2,2025-07-19,1719,1291,75.1,3.34,Morning
1993,3,2025-07-19,841,750,89.18,5.87,Night
1994,4,2025-07-19,834,733,87.89,4.25,Evening
1995,5,2025-07-19,1629,1629,100.0,5.57,Morning
1996,6,2025-07-19,1263,1200,95.01,1.92,Night
1997,7,2025-07-19,1571,1184,75.37,5.55,Evening
1998,8,2025-07-19,1772,1440,81.26,1.06,Evening
1999,9,2025-07-19,1044,829,79.41,0.13,Night
2000,10,2025-07-19,1112,916,82.37,5.63,Night
2001,1,2025-07-20,1565,1471,93.99,0.2,Evening
2002,2,2025-07-20,1274,1025,80.46,6.99,Evening
2003,3,2025-07-20,989,943,95.35,6.97,Night
2004,4,2025-07-20,1275,956,74.98,6.88,Morning
2005,5,2025-07-20,1194,1065,89.2,4.25,Evening
2006,6,2025-07-20,1236,1065,86.17,5.58,Night
2007,7,2025-07-20,1355,1310,96.68,6.36,Night
2008,8,2025-07-20,882,819,92.86,7.05,Night
2009,9,2025-07-20,1754,1343,76.57,4.12,Night
2010,10,2025-07-20,1172,905,77.22,0.89,Evening
2011,1,2025-07-21,1276,1273,99.76,0.33,Evening
2012,2,2025-07-21,979,899,91.83,4.47,Morning
2013,3,2025-07-21,1374,1134,82.53,1.11,Evening
2014,4,2025-07-21,1044,841,80.56,5.19,Night
2015,5,2025-07-21,1761,1705,96.82,4.64,Night
2016,6,2025-07-21,1014,952,93.89,5.96,Morning
2017,7,2025-07-21,1128,1026,90.96,7.18,Night
2018,8,2025-07-21,1496,1338,89.44,2.22,Morning
2019,9,2025-07-21,1181,1061,89.84,3.62,Night
2020,10,2025-07-21,1339,1066,79.61,3.76,Night
2021,1,2025-07-22,1494,1392,93.17,7.2,Evening
2022,2,2025-07-22,1435,1264,88.08,6.4,Night
2023,3,2025-07-22,1628,1254,77.03,1.51,Evening
2024,4,2025-07-22,889,686,77.17,3.13,Morning
2025,5,2025-07-22,1095,860,78.54,0.87,Evening
2026,6,2025-07-22,914,863,94.42,1.18,Morning
2027,7,2025-07-22,1695,1375,81.12,4.17,Night
2028,8,2025-07-22,823,692,84.08,3.33,Night
2029,9,2025-07-22,1354,1082,79.91,3.79,Evening
2030,10,2025-07-22,1254,950,75.76,2.33,Morning
2031,1,2025-07-23,822,821,99.88,1.86,Night
2032,2,2025-07-23,1460,1266,86.71,3.29,Evening
2033,3,2025-07-23,1471,1433,97.42,6.29,Evening
2034,4,2025-07-23,1407,1395,99.15,5.57,Night
2035,5,2025-07-23,1255,1175,93.63,2.43,Morning
2036,6,2025-07-23,1719,1693,98.49,2.45,Evening
2037,7,2025-07-23,1032,1021,98.93,2.98,Evening
2038,8,2025-07-23,1588,1215,76.51,1.19,Evening
2039,9,2025-07-23,1266,1034,81.67,4.95,Morning
2040,10,2025-07-23,1528,1420,92.93,2.28,Morning
2041,1,2025-07-24,1659,1606,96.81,5.54,Night
2042,2,2025-07-24,1613,1287,79.79,1.29,Morning
2043,3,2025-07-24,842,712,84.56,4.6,Evening
2044,4,2025-07-24,1066,988,92.68,1.48,Night
2045,5,2025-07-24,1524,1160,76.12,5.32,Evening
2046,6,2025-07-24,951,808,84.96,3.59,Morning
2047,7,2025-07-24,1346,1163,86.4,0.97,Morning
2048,8,2025-07-24,1214,1165,95.96,6.15,Evening
2049,9,2025-07-24,1750,1475,84.29,1.25,Night
2050,10,2025-07-24,1359,1278,94.04,2.65,Night
2051,1,2025-07-25,1102,1068,96.91,7.17,Night
2052,2,2025-07-25,1482,1186,80.03,6.4,Night
2053,3,2025-07-25,1728,1522,88.08,2.71,Morning
2054,4,2025-07-25,1549,1406,90.77,7.2,Morning
2055,5,2025-07-25,1494,1402,93.84,0.94,Morning
2056,6,2025-07-25,1211,1020,84.23,3.57,Morning
2057,7,2025-07-25,1134,878,77.43,4.87,Morning
2058,8,2025-07-25,1397,1316,94.2,1.78,Evening
2059,9,2025-07-25,1000,755,75.5,0.67,Evening
2060,10,2025-07-25,1493,1462,97.92,7.66,Night
2061,1,2025-07-26,1203,1001,83.21,3.92,Night
2062,2,2025-07-26,1419,1325,93.38,7.55,Night
2063,3,2025-07-26,1169,1079,92.3,1.18,Evening
2064,4,2025-07-26,1178,1080,91.68,2.98,Evening
2065,5,2025-07-26,1153,1043,90.46,2.46,Evening
2066,6,2025-07-26,1695,1558,91.92,0.7,Night
2067,7,2025-07-26,1709,1508,88.24,5.93,Evening
2068,8,2025-07-26,1622,1442,88.9,2.31,Night
2069,9,2025-07-26,1793,1561,87.06,5.83,Evening
2070,10,2025-07-26,942,919,97.56,4.7,Morning
2071,1,2025-07-27,947,763,80.57,2.43,Night
2072,2,2025-07-27,1143,890,77.87,7.47,Night
2073,3,2025-07-27,1574,1372,87.17,0.71,Evening
2074,4,2025-07-27,1454,1229,84.53,3.32,Night
2075,5,2025-07-27,1273,1244,97.72,6.04,Morning
2076,6,2025-07-27,1004,800,79.68,6.66,Evening
2077,7,2025-07-27,1367,1276,93.34,0.34,Evening
2078,8,2025-07-27,1654,1539,93.05,2.43,Night
2079,9,2025-07-27,1557,1404,90.17,1.8,Morning
2080,10,2025-07-27,957,784,81.92,2.4,Night
2081,1,2025-07-28,1654,1565,94.62,3.78,Night
2082,2,2025-07-28,1481,1257,84.88,3.34,Evening
2083,3,2025-07-28,1728,1648,95.37,5.16,Morning
2084,4,2025-07-28,922,886,96.1,2.22,Morning
2085,5,2025-07-28,1413,1244,88.04,4.65,Night
2086,6,2025-07-28,1246,1066,85.55,5.02,Evening
2087,7,2025-07-28,1797,1702,94.71,6.55,Evening
2088,8,2025-07-28,1324,1287,97.21,0.14,Evening
2089,9,2025-07-28,966,872,90.27,0.47,Evening
2090,10,2025-07-28,1272,1023,80.42,2.86,Morning
2091,1,2025-07-29,1079,993,92.03,3.36,Evening
2092,2,2025-07-29,849,710,83.63,2.33,Night
2093,3,2025-07-29,1758,1357,77.19,4.11,Night
2094,4,2025-07-29,987,935,94.73,0.76,Morning
2095,5,2025-07-29,1356,1182,87.17,6.98,Night
2096,6,2025-07-29,1619,1368,84.5,2.17,Night
2097,7,2025-07-29,1504,1313,87.3,0.77,Night
2098,8,2025-07-29,1160,943,81.29,0.1,Night
2099,9,2025-07-29,1088,1006,92.46,6.23,Evening
2100,10,2025-07-29,1148,944,82.23,0.82,Morning
2101,1,2025-07-30,1315,1099,83.57,6.65,Night
2102,2,2025-07-30,1428,1424,99.72,6.65,Night
2103,3,2025-07-30,1666,1521,91.3,5.7,Night
2104,4,2025-07-30,1574,1238,78.65,3.34,Morning
2105,5,2025-07-30,919,898,97.71,1.05,Morning
2106,6,2025-07-30,1291,1146,88.77,2.49,Evening
2107,7,2025-07-30,942,915,97.13,3.54,Night
2108,8,2025-07-30,1335,1176,88.09,1.38,Evening
2109,9,2025-07-30,829,811,97.83,6.52,Morning
2110,10,2025-07-30,931,917,98.5,5.55,Night
2111,1,2025-07-31,1032,931,90.21,1.0,Morning
2112,2,2025-07-31,880,768,87.27,5.53,Morning
2113,3,2025-07-31,879,663,75.43,6.2,Evening
2114,4,2025-07-31,843,682,80.9,0.86,Night
2115,5,2025-07-31,1325,1296,97.81,0.47,Morning
2116,6,2025-07-31,1730,1426,82.43,0.35,Evening
2117,7,2025-07-31,1483,1117,75.32,6.04,Morning
2118,8,2025-07-31,1742,1614,92.65,1.64,Morning
2119,9,2025-07-31,989,912,92.21,2.81,Morning
2120,10,2025-07-31,949,927,97.68,5.97,Evening
2121,1,2025-08-01,1771,1624,91.7,2.78,Morning
2122,2,2025-08-01,1675,1512,90.27,6.25,Night
2123,3,2025-08-01,1047,1043,99.62,4.56,Morning
2124,4,2025-08-01,1639,1525,93.04,6.11,Night
2125,5,2025-08-01,1022,864,84.54,7.71,Morning
2126,6,2025-08-01,1723,1678,97.39,4.3,Night
2127,7,2025-08-01,901,729,80.91,7.36,Night
2128,8,2025-08-01,1286,1151,89.5,5.59,Morning
2129,9,2025-08-01,1250,991,79.28,1.45,Evening
2130,10,2025-08-01,1188,1108,93.27,1.71,Morning
2131,1,2025-08-02,1217,969,79.62,6.09,Evening
2132,2,2025-08-02,926,813,87.8,0.88,Morning
2133,3,2025-08-02,1307,1164,89.06,5.64,Night
2134,4,2025-08-02,1539,1174,76.28,0.66,Evening
2135,5,2025-08-02,918,786,85.62,2.27,Night
2136,6,2025-08-02,1553,1323,85.19,5.5,Evening
2137,7,2025-08-02,1031,981,95.15,2.32,Evening
2138,8,2025-08-02,993,963,96.98,0.56,Evening
2139,9,2025-08-02,1761,1667,94.66,2.94,Morning
2140,10,2025-08-02,1490,1368,91.81,5.38,Evening
2141,1,2025-08-03,1248,1203,96.39,5.27,Morning
2142,2,2025-08-03,922,727,78.85,3.16,Night
2143,3,2025-08-03,1404,1105,78.7,5.93,Morning
2144,4,2025-08-03,866,742,85.68,7.8,Evening
2145,5,2025-08-03,1005,905,90.05,6.75,Evening
2146,6,2025-08-03,925,752,81.3,6.7,Night
2147,7,2025-08-03,1311,1125,85.81,6.12,Night
2148,8,2025-08-03,1407,1194,84.86,6.05,Night
2149,9,2025-08-03,1765,1527,86.52,2.85,Night
2150,10,2025-08-03,1417,1269,89.56,7.9,Night
2151,1,2025-08-04,1085,888,81.84,6.14,Morning
2152,2,2025-08-04,925,757,81.84,3.91,Morning
2153,3,2025-08-04,1443,1150,79.7,0.24,Night
2154,4,2025-08-04,854,852,99.77,0.55,Night
2155,5,2025-08-04,827,665,80.41,3.06,Night
2156,6,2025-08-04,1134,928,81.83,2.42,Night
2157,7,2025-08-04,898,867,96.55,0.61,Night
2158,8,2025-08-04,1585,1440,90.85,6.34,Morning
2159,9,2025-08-04,1100,1079,98.09,3.92,Evening
2160,10,2025-08-04,1355,1191,87.9,6.48,Night
2161,1,2025-08-05,1359,1028,75.64,7.62,Morning
2162,2,2025-08-05,1240,990,79.84,3.07,Evening
2163,3,2025-08-05,1673,1446,86.43,3.54,Morning
2164,4,2025-08-05,833,669,80.31,4.45,Evening
2165,5,2025-08-05,1705,1639,96.13,1.31,Evening
2166,6,2025-08-05,937,781,83.35,5.73,Evening
2167,7,2025-08-05,1582,1242,78.51,4.55,Evening
2168,8,2025-08-05,1475,1389,94.17,5.48,Night
2169,9,2025-08-05,1281,1203,93.91,4.5,Morning
2170,10,2025-08-05,1318,1016,77.09,3.13,Evening
2171,1,2025-08-06,1405,1246,88.68,4.94,Evening
2172,2,2025-08-06,1584,1333,84.15,2.56,Morning
2173,3,2025-08-06,1404,1076,76.64,1.03,Evening
2174,4,2025-08-06,1157,880,76.06,6.12,Night
2175,5,2025-08-06,1149,1055,91.82,0.78,Evening
2176,6,2025-08-06,1165,1083,92.96,2.81,Night
2177,7,2025-08-06,1050,913,86.95,1.88,Evening
2178,8,2025-08-06,1406,1097,78.02,7.28,Morning
2179,9,2025-08-06,1689,1422,84.19,0.92,Morning
2180,10,2025-08-06,820,752,91.71,2.61,Evening
2181,1,2025-08-07,1473,1320,89.61,4.54,Evening
2182,2,2025-08-07,1073,814,75.86,5.57,Night
2183,3,2025-08-07,822,697,84.79,3.02,Evening
2184,4,2025-08-07,1130,897,79.38,6.47,Morning
2185,5,2025-08-07,1507,1475,97.88,1.65,Evening
2186,6,2025-08-07,1314,1158,88.13,1.33,Evening
2187,7,2025-08-07,1172,1102,94.03,1.61,Night
2188,8,2025-08-07,1667,1653,99.16,0.6,Night
2189,9,2025-08-07,1019,911,89.4,2.12,Evening
2190,10,2025-08-07,1387,1245,89.76,6.44,Night
2191,1,2025-08-08,1560,1217,78.01,5.74,Night
2192,2,2025-08-08,897,823,91.75,2.69,Morning
2193,3,2025-08-08,1380,1306,94.64,3.8,Morning
2194,4,2025-08-08,1155,905,78.35,5.21,Evening
2195,5,2025-08-08,1316,1140,86.63,3.46,Night
2196,6,2025-08-08,1120,942,84.11,3.31,Evening
2197,7,2025-08-08,1439,1342,93.26,3.63,Night
2198,8,2025-08-08,984,963,97.87,0.15,Night
2199,9,2025-08-08,1328,1091,82.15,4.61,Morning
2200,10,2025-08-08,1476,1346,91.19,2.14,Night
2201,1,2025-08-09,1345,1322,98.29,6.82,Evening
2202,2,2025-08-09,1757,1606,91.41,5.81,Morning
2203,3,2025-08-09,1334,1102,82.61,2.91,Morning
2204,4,2025-08-09,1046,861,82.31,5.97,Evening
2205,5,2025-08-09,1664,1470,88.34,3.28,Morning
2206,6,2025-08-09,1449,1190,82.13,6.77,Evening
2207,7,2025-08-09,1643,1378,83.87,5.17,Evening
2208,8,2025-08-09,1503,1434,95.41,1.89,Morning
2209,9,2025-08-09,916,725,79.15,1.54,Morning
2210,10,2025-08-09,1616,1370,84.78,3.71,Night
2211,1,2025-08-10,1246,1150,92.3,5.18,Morning
2212,2,2025-08-10,1006,794,78.93,2.18,Morning
2213,3,2025-08-10,1064,940,88.35,5.27,Morning
2214,4,2025-08-10,1459,1115,76.42,7.71,Evening
2215,5,2025-08-10,1601,1210,75.58,0.44,Morning
2216,6,2025-08-10,1121,992,88.49,6.94,Evening
2217,7,2025-08-10,1718,1474,85.8,5.37,Morning
2218,8,2025-08-10,1206,975,80.85,1.89,Night
2219,9,2025-08-10,1552,1420,91.49,7.46,Night
2220,10,2025-08-10,1480,1407,95.07,7.6,Night
2221,1,2025-08-11,1057,1046,98.96,7.08,Morning
2222,2,2025-08-11,1414,1122,79.35,6.19,Evening
2223,3,2025-08-11,1137,1051,92.44,6.45,Night
2224,4,2025-08-11,1041,996,95.68,1.74,Morning
2225,5,2025-08-11,979,788,80.49,7.76,Evening
2226,6,2025-08-11,1218,1043,85.63,6.9,Morning
2227,7,2025-08-11,1302,1249,95.93,3.0,Morning
2228,8,2025-08-11,1124,1122,99.82,3.39,Night
2229,9,2025-08-11,1052,931,88.5,7.04,Morning
2230,10,2025-08-11,1171,1121,95.73,5.73,Evening
2231,1,2025-08-12,821,780,95.01,7.73,Night
2232,2,2025-08-12,835,815,97.6,5.3,Morning
2233,3,2025-08-12,1507,1473,97.74,1.92,Night
2234,4,2025-08-12,1193,1052,88.18,5.11,Night
2235,5,2025-08-12,1171,940,80.27,4.28,Morning
2236,6,2025-08-12,1678,1484,88.44,3.11,Evening
2237,7,2025-08-12,1749,1441,82.39,2.41,Morning
2238,8,2025-08-12,1104,935,84.69,6.88,Morning
2239,9,2025-08-12,1737,1526,87.85,5.05,Night
2240,10,2025-08-12,1216,929,76.4,2.19,Morning
2241,1,2025-08-13,1642,1630,99.27,7.52,Evening
2242,2,2025-08-13,1554,1376,88.55,7.41,Evening
2243,3,2025-08-13,1534,1366,89.05,7.01,Morning
2244,4,2025-08-13,1644,1315,79.99,5.59,Night
2245,5,2025-08-13,867,740,85.35,3.37,Night
2246,6,2025-08-13,1632,1504,92.16,5.9,Evening
2247,7,2025-08-13,1511,1147,75.91,6.1,Night
2248,8,2025-08-13,1456,1186,81.46,5.04,Night
2249,9,2025-08-13,939,704,74.97,3.21,Night
2250,10,2025-08-13,1112,994,89.39,4.61,Morning
2251,1,2025-08-14,961,783,81.48,4.13,Night
2252,2,2025-08-14,1581,1251,79.13,6.78,Night
2253,3,2025-08-14,1220,1078,88.36,3.61,Night
2254,4,2025-08-14,936,768,82.05,1.39,Night
2255,5,2025-08-14,1646,1401,85.12,6.4,Morning
2256,6,2025-08-14,886,770,86.91,2.94,Evening
2257,7,2025-08-14,1697,1465,86.33,7.56,Night
2258,8,2025-08-14,1029,781,75.9,7.58,Night
2259,9,2025-08-14,1462,1409,96.37,5.01,Morning
2260,10,2025-08-14,1797,1583,88.09,1.59,Night
2261,1,2025-08-15,1672,1340,80.14,0.4,Night
2262,2,2025-08-15,1239,1236,99.76,2.08,Morning
2263,3,2025-08-15,1781,1523,85.51,1.36,Night
2264,4,2025-08-15,920,693,75.33,5.75,Evening
2265,5,2025-08-15,1591,1425,89.57,6.62,Evening
2266,6,2025-08-15,921,747,81.11,5.71,Morning
2267,7,2025-08-15,1768,1767,99.94,6.51,Evening
2268,8,2025-08-15,1094,1073,98.08,3.06,Evening
2269,9,2025-08-15,1676,1362,81.26,4.8,Evening
2270,10,2025-08-15,1544,1504,97.41,1.51,Morning
2271,1,2025-08-16,1218,987,81.03,0.23,Evening
2272,2,2025-08-16,1041,1010,97.02,7.26,Evening
2273,3,2025-08-16,1396,1378,98.71,3.67,Morning
2274,4,2025-08-16,1280,1028,80.31,6.97,Night
2275,5,2025-08-16,1207,1013,83.93,5.71,Night
2276,6,2025-08-16,1233,1229,99.68,2.05,Morning
2277,7,2025-08-16,1370,1057,77.15,0.42,Morning
2278,8,2025-08-16,1282,1142,89.08,7.97,Night
2279,9,2025-08-16,1790,1752,97.88,4.79,Night
2280,10,2025-08-16,1629,1244,76.37,0.04,Night
2281,1,2025-08-17,1434,1270,88.56,2.42,Evening
2282,2,2025-08-17,1487,1304,87.69,1.06,Night
2283,3,2025-08-17,842,779,92.52,1.43,Morning
2284,4,2025-08-17,1315,1238,94.14,7.44,Evening
2285,5,2025-08-17,935,723,77.33,2.54,Night
2286,6,2025-08-17,1243,1004,80.77,2.08,Evening
2287,7,2025-08-17,845,665,78.7,3.99,Evening
2288,8,2025-08-17,1565,1357,86.71,7.41,Evening
2289,9,2025-08-17,1724,1427,82.77,4.9,Evening
2290,10,2025-08-17,1329,1156,86.98,3.49,Morning
2291,1,2025-08-18,1123,1093,97.33,6.11,Morning
2292,2,2025-08-18,1369,1362,99.49,5.09,Evening
2293,3,2025-08-18,854,688,80.56,1.19,Morning
2294,4,2025-08-18,987,749,75.89,3.76,Morning
2295,5,2025-08-18,1522,1380,90.67,3.49,Evening
2296,6,2025-08-18,841,743,88.35,2.85,Night
2297,7,2025-08-18,1374,1278,93.01,3.66,Morning
2298,8,2025-08-18,1666,1617,97.06,6.94,Morning
2299,9,2025-08-18,1157,914,79.0,1.63,Evening
2300,10,2025-08-18,984,951,96.65,1.35,Night
2301,1,2025-08-19,1642,1370,83.43,4.51,Night
2302,2,2025-08-19,1399,1157,82.7,4.67,Morning
2303,3,2025-08-19,1338,1295,96.79,1.44,Morning
2304,4,2025-08-19,1052,1044,99.24,5.42,Evening
2305,5,2025-08-19,826,691,83.66,5.45,Night
2306,6,2025-08-19,924,793,85.82,2.99,Morning
2307,7,2025-08-19,1657,1407,84.91,1.23,Morning
2308,8,2025-08-19,1271,1198,94.26,3.63,Evening
2309,9,2025-08-19,1408,1392,98.86,0.05,Morning
2310,10,2025-08-19,1471,1421,96.6,7.61,Evening
2311,1,2025-08-20,1770,1701,96.1,8.0,Night
2312,2,2025-08-20,932,753,80.79,6.91,Night
2313,3,2025-08-20,1089,981,90.08,6.39,Night
2314,4,2025-08-20,872,794,91.06,7.62,Evening
2315,5,2025-08-20,894,772,86.35,2.04,Morning
2316,6,2025-08-20,1788,1735,97.04,6.92,Morning
2317,7,2025-08-20,821,668,81.36,1.3,Evening
2318,8,2025-08-20,1091,896,82.13,0.96,Evening
2319,9,2025-08-20,1620,1436,88.64,5.89,Evening
2320,10,2025-08-20,1725,1643,95.25,4.83,Evening
2321,1,2025-08-21,1481,1159,78.26,6.66,Night
2322,2,2025-08-21,1004,878,87.45,3.56,Evening
2323,3,2025-08-21,1287,1102,85.63,4.5,Evening
2324,4,2025-08-21,892,862,96.64,3.38,Evening
2325,5,2025-08-21,1428,1166,81.65,3.47,Evening
2326,6,2025-08-21,895,681,76.09,4.11,Evening
2327,7,2025-08-21,1492,1233,82.64,5.18,Night
2328,8,2025-08-21,958,956,99.79,3.96,Night
2329,9,2025-08-21,1462,1364,93.3,0.67,Evening
2330,10,2025-08-21,1247,975,78.19,7.26,Evening
2331,1,2025-08-22,1107,906,81.84,7.87,Night
2332,2,2025-08-22,1724,1446,83.87,6.73,Night
2333,3,2025-08-22,1237,1078,87.15,4.55,Night
2334,4,2025-08-22,878,669,76.2,4.11,Night
2335,5,2025-08-22,1235,1137,92.06,0.76,Night
2336,6,2025-08-22,1537,1443,93.88,6.5,Evening
2337,7,2025-08-22,1060,836,78.87,6.15,Morning
2338,8,2025-08-22,916,876,95.63,5.29,Morning
2339,9,2025-08-22,1605,1296,80.75,6.74,Morning
2340,10,2025-08-22,885,769,86.89,7.01,Evening
2341,1,2025-08-23,1121,1072,95.63,6.06,Evening
2342,2,2025-08-23,1438,1213,84.35,2.73,Morning
2343,3,2025-08-23,1016,809,79.63,0.63,Night
2344,4,2025-08-23,1065,852,80.0,3.47,Morning
2345,5,2025-08-23,805,704,87.45,0.93,Morning
2346,6,2025-08-23,1471,1347,91.57,3.68,Evening
2347,7,2025-08-23,1689,1602,94.85,7.73,Night
2348,8,2025-08-23,1543,1406,91.12,2.42,Night
2349,9,2025-08-23,1169,1078,92.22,6.44,Morning
2350,10,2025-08-23,928,730,78.66,0.11,Morning
2351,1,2025-08-24,1635,1234,75.47,5.57,Morning
2352,2,2025-08-24,1679,1272,75.76,1.67,Night
2353,3,2025-08-24,948,877,92.51,1.93,Night
2354,4,2025-08-24,1678,1662,99.05,4.31,Morning
2355,5,2025-08-24,1108,1068,96.39,1.19,Evening
2356,6,2025-08-24,822,645,78.47,1.33,Morning
2357,7,2025-08-24,1556,1526,98.07,3.56,Evening
2358,8,2025-08-24,1282,971,75.74,6.88,Night
2359,9,2025-08-24,1048,889,84.83,2.36,Evening
2360,10,2025-08-24,852,724,84.98,0.06,Night
2361,1,2025-08-25,1667,1615,96.88,3.45,Evening
2362,2,2025-08-25,1668,1504,90.17,5.9,Night
2363,3,2025-08-25,1548,1444,93.28,7.99,Morning
2364,4,2025-08-25,1299,1178,90.69,3.89,Night
2365,5,2025-08-25,1542,1469,95.27,7.48,Evening
2366,6,2025-08-25,1037,808,77.92,4.23,Evening
2367,7,2025-08-25,1390,1203,86.55,4.43,Evening
2368,8,2025-08-25,1714,1616,94.28,3.34,Evening
2369,9,2025-08-25,919,815,88.68,4.98,Night
2370,10,2025-08-25,1155,1095,94.81,5.58,Morning
2371,1,2025-08-26,965,796,82.49,5.81,Evening
2372,2,2025-08-26,1152,1088,94.44,1.86,Morning
2373,3,2025-08-26,1401,1400,99.93,2.71,Night
2374,4,2025-08-26,1673,1620,96.83,5.26,Morning
2375,5,2025-08-26,1704,1428,83.8,5.78,Evening
2376,6,2025-08-26,1782,1549,86.92,6.66,Night
2377,7,2025-08-26,1468,1285,87.53,6.37,Morning
2378,8,2025-08-26,1436,1183,82.38,2.26,Night
2379,9,2025-08-26,888,836,94.14,3.86,Morning
2380,10,2025-08-26,1004,793,78.98,4.85,Morning
2381,1,2025-08-27,1612,1421,88.15,7.54,Evening
2382,2,2025-08-27,1110,952,85.77,1.68,Morning
2383,3,2025-08-27,818,704,86.06,7.05,Evening
2384,4,2025-08-27,1493,1200,80.38,1.4,Night
2385,5,2025-08-27,832,830,99.76,0.51,Evening
2386,6,2025-08-27,916,845,92.25,1.81,Night
2387,7,2025-08-27,1029,1020,99.13,2.06,Evening
2388,8,2025-08-27,1603,1383,86.28,6.15,Night
2389,9,2025-08-27,1073,881,82.11,6.83,Night
2390,10,2025-08-27,1418,1405,99.08,0.83,Morning
2391,1,2025-08-28,1748,1535,87.81,6.39,Morning
2392,2,2025-08-28,1798,1402,77.98,6.25,Night
2393,3,2025-08-28,1600,1252,78.25,6.59,Morning
2394,4,2025-08-28,1319,1042,79.0,1.34,Morning
2395,5,2025-08-28,1691,1373,81.19,7.29,Morning
2396,6,2025-08-28,1545,1307,84.6,5.67,Night
2397,7,2025-08-28,1310,1032,78.78,1.23,Evening
2398,8,2025-08-28,1142,926,81.09,0.98,Morning
2399,9,2025-08-28,1249,1148,91.91,6.15,Morning
2400,10,2025-08-28,1051,1030,98.0,2.73,Night
2401,1,2025-08-29,975,752,77.13,2.13,Night
2402,2,2025-08-29,1572,1391,88.49,2.89,Night
2403,3,2025-08-29,1051,865,82.3,6.03,Night
2404,4,2025-08-29,1231,1039,84.4,1.1,Evening
2405,5,2025-08-29,1223,1126,92.07,7.18,Night
2406,6,2025-08-29,1613,1558,96.59,2.89,Morning
2407,7,2025-08-29,1253,1013,80.85,6.16,Night
2408,8,2025-08-29,1625,1482,91.2,7.55,Morning
2409,9,2025-08-29,1146,1020,89.01,3.21,Morning
2410,10,2025-08-29,1244,964,77.49,3.15,Morning
2411,1,2025-08-30,1476,1435,97.22,1.21,Night
2412,2,2025-08-30,859,805,93.71,7.84,Night
2413,3,2025-08-30,1696,1538,90.68,7.78,Evening
2414,4,2025-08-30,1211,1191,98.35,6.99,Night
2415,5,2025-08-30,1560,1330,85.26,7.27,Morning
2416,6,2025-08-30,1646,1377,83.66,7.2,Night
2417,7,2025-08-30,1742,1381,79.28,5.6,Evening
2418,8,2025-08-30,1459,1199,82.18,7.1,Night
2419,9,2025-08-30,1607,1521,94.65,5.22,Night
2420,10,2025-08-30,1153,1071,92.89,6.2,Evening
2421,1,2025-08-31,886,673,75.96,4.3,Evening
2422,2,2025-08-31,1542,1524,98.83,5.92,Morning
2423,3,2025-08-31,1332,1275,95.72,2.27,Morning
2424,4,2025-08-31,1323,1274,96.3,2.5,Evening
2425,5,2025-08-31,1575,1506,95.62,1.28,Morning
2426,6,2025-08-31,1711,1690,98.77,4.32,Evening
2427,7,2025-08-31,1047,940,89.78,5.81,Night
2428,8,2025-08-31,913,871,95.4,0.48,Evening
2429,9,2025-08-31,1065,1057,99.25,2.84,Morning
2430,10,2025-08-31,1574,1513,96.12,7.53,Evening
2431,1,2025-09-01,1105,830,75.11,3.63,Morning
2432,2,2025-09-01,1624,1599,98.46,7.91,Night
2433,3,2025-09-01,1531,1469,95.95,5.32,Night
2434,4,2025-09-01,1039,958,92.2,2.39,Night
2435,5,2025-09-01,1603,1568,97.82,4.58,Morning
2436,6,2025-09-01,1531,1341,87.59,4.16,Morning
2437,7,2025-09-01,907,763,84.12,4.13,Morning
2438,8,2025-09-01,1642,1629,99.21,2.89,Morning
2439,9,2025-09-01,950,894,94.11,3.41,Evening
2440,10,2025-09-01,883,685,77.58,0.5,Morning
2441,1,2025-09-02,1287,1074,83.45,3.57,Evening
2442,2,2025-09-02,1493,1388,92.97,3.22,Night
2443,3,2025-09-02,1331,1200,90.16,6.98,Night
2444,4,2025-09-02,1310,1307,99.77,3.39,Evening
2445,5,2025-09-02,1505,1378,91.56,5.85,Evening
2446,6,2025-09-02,1643,1315,80.04,1.15,Morning
2447,7,2025-09-02,1296,1206,93.06,1.04,Night
2448,8,2025-09-02,1325,1263,95.32,0.94,Morning
2449,9,2025-09-02,1266,1191,94.08,0.26,Morning
2450,10,2025-09-02,1766,1610,91.17,2.95,Morning
2451,1,2025-09-03,1416,1271,89.76,0.88,Evening
2452,2,2025-09-03,1385,1186,85.63,0.32,Morning
2453,3,2025-09-03,920,785,85.33,2.44,Evening
2454,4,2025-09-03,1110,982,88.47,3.89,Morning
2455,5,2025-09-03,945,908,96.08,4.72,Morning
2456,6,2025-09-03,1759,1475,83.85,7.11,Morning
2457,7,2025-09-03,987,949,96.15,5.92,Morning
2458,8,2025-09-03,925,833,90.05,2.79,Morning
2459,9,2025-09-03,1227,1166,95.03,4.58,Night
2460,10,2025-09-03,1263,1119,88.6,6.25,Evening
2461,1,2025-09-04,1654,1608,97.22,6.67,Morning
2462,2,2025-09-04,1580,1255,79.43,4.04,Evening
2463,3,2025-09-04,1579,1414,89.55,5.34,Morning
2464,4,2025-09-04,1687,1637,97.04,2.6,Night
2465,5,2025-09-04,1480,1429,96.55,3.28,Morning
2466,6,2025-09-04,1721,1492,86.69,2.71,Morning
2467,7,2025-09-04,1781,1678,94.22,7.12,Night
2468,8,2025-09-04,1084,858,79.15,6.93,Night
2469,9,2025-09-04,825,764,92.61,5.04,Night
2470,10,2025-09-04,1116,900,80.65,5.15,Morning
2471,1,2025-09-05,997,991,99.4,4.95,Night
2472,2,2025-09-05,1575,1208,76.7,7.66,Night
2473,3,2025-09-05,993,936,94.26,3.81,Morning
2474,4,2025-09-05,923,860,93.17,7.49,Morning
2475,5,2025-09-05,1785,1347,75.46,2.2,Morning
2476,6,2025-09-05,1051,1015,96.57,0.68,Night
2477,7,2025-09-05,1421,1229,86.49,3.21,Morning
2478,8,2025-09-05,1303,988,75.83,2.72,Morning
2479,9,2025-09-05,1224,930,75.98,6.88,Evening
2480,10,2025-09-05,1191,1024,85.98,0.73,Morning
2481,1,2025-09-06,1354,1101,81.31,2.28,Morning
2482,2,2025-09-06,1061,840,79.17,1.23,Evening
2483,3,2025-09-06,1494,1206,80.72,0.47,Evening
2484,4,2025-09-06,985,744,75.53,5.71,Evening
2485,5,2025-09-06,1199,949,79.15,2.56,Evening
2486,6,2025-09-06,1714,1450,84.6,2.06,Morning
2487,7,2025-09-06,853,690,80.89,1.92,Night
2488,8,2025-09-06,1400,1171,83.64,3.94,Night
2489,9,2025-09-06,1194,953,79.82,2.15,Evening
2490,10,2025-09-06,1275,1239,97.18,3.26,Evening
2491,1,2025-09-07,829,725,87.45,5.07,Morning
2492,2,2025-09-07,1075,857,79.72,1.97,Night
2493,3,2025-09-07,1467,1164,79.35,2.44,Evening
2494,4,2025-09-07,1256,984,78.34,6.77,Night
2495,5,2025-09-07,1008,956,94.84,7.74,Evening
2496,6,2025-09-07,1353,1100,81.3,6.26,Night
2497,7,2025-09-07,1775,1547,87.15,7.69,Night
2498,8,2025-09-07,1262,967,76.62,0.01,Evening
2499,9,2025-09-07,1784,1762,98.77,4.97,Night
2500,10,2025-09-07,1795,1431,79.72,0.0,Evening
2501,1,2025-09-08,1079,937,86.84,6.72,Evening
2502,2,2025-09-08,1159,977,84.3,4.68,Night
2503,3,2025-09-08,1088,839,77.11,1.29,Night
2504,4,2025-09-08,1376,1067,77.54,2.41,Evening
2505,5,2025-09-08,1515,1198,79.08,6.64,Night
2506,6,2025-09-08,1369,1169,85.39,7.03,Morning
2507,7,2025-09-08,1425,1326,93.05,7.66,Evening
2508,8,2025-09-08,1705,1627,95.43,7.56,Night
2509,9,2025-09-08,1067,1031,96.63,2.18,Night
2510,10,2025-09-08,1129,1020,90.35,1.68,Night
2511,1,2025-09-09,1136,860,75.7,7.31,Morning
2512,2,2025-09-09,1461,1096,75.02,4.87,Morning
2513,3,2025-09-09,1723,1296,75.22,5.38,Evening
2514,4,2025-09-09,1369,1276,93.21,6.1,Night
2515,5,2025-09-09,883,863,97.73,7.01,Night
2516,6,2025-09-09,879,796,90.56,0.25,Night
2517,7,2025-09-09,1255,1004,80.0,2.82,Evening
2518,8,2025-09-09,1647,1542,93.62,2.86,Morning
2519,9,2025-09-09,1659,1637,98.67,6.49,Morning
2520,10,2025-09-09,927,813,87.7,2.96,Morning
2521,1,2025-09-10,1255,945,75.3,1.77,Morning
2522,2,2025-09-10,1576,1325,84.07,5.44,Night
2523,3,2025-09-10,1166,972,83.36,0.72,Night
2524,4,2025-09-10,1440,1235,85.76,6.47,Morning
2525,5,2025-09-10,1039,1031,99.23,7.74,Morning
2526,6,2025-09-10,1087,1067,98.16,7.24,Night
2527,7,2025-09-10,1420,1172,82.54,0.06,Night
2528,8,2025-09-10,1205,959,79.59,6.96,Night
2529,9,2025-09-10,1312,1236,94.21,1.36,Morning
2530,10,2025-09-10,1475,1395,94.58,5.38,Night
2531,1,2025-09-11,1378,1122,81.42,0.52,Morning
2532,2,2025-09-11,1563,1205,77.1,1.02,Night
2533,3,2025-09-11,1676,1373,81.92,7.05,Night
2534,4,2025-09-11,1601,1340,83.7,1.53,Night
2535,5,2025-09-11,823,794,96.48,5.42,Night
2536,6,2025-09-11,1058,1025,96.88,0.02,Evening
2537,7,2025-09-11,1456,1436,98.63,7.54,Morning
2538,8,2025-09-11,1674,1420,84.83,3.46,Evening
2539,9,2025-09-11,1080,872,80.74,5.44,Evening
2540,10,2025-09-11,1307,1165,89.14,4.14,Morning
2541,1,2025-09-12,1705,1647,96.6,1.8,Evening
2542,2,2025-09-12,1740,1520,87.36,4.26,Evening
2543,3,2025-09-12,805,703,87.33,1.56,Morning
2544,4,2025-09-12,1701,1567,92.12,6.46,Night
2545,5,2025-09-12,1031,989,95.93,7.66,Morning
2546,6,2025-09-12,1001,792,79.12,2.63,Morning
2547,7,2025-09-12,1441,1400,97.15,0.77,Evening
2548,8,2025-09-12,1242,943,75.93,4.74,Night
2549,9,2025-09-12,1757,1488,84.69,6.72,Morning
2550,10,2025-09-12,910,803,88.24,1.91,Evening
2551,1,2025-09-13,1652,1266,76.63,6.57,Night
2552,2,2025-09-13,1613,1330,82.46,7.55,Night
2553,3,2025-09-13,1434,1299,90.59,6.11,Night
2554,4,2025-09-13,1257,1238,98.49,1.0,Morning
2555,5,2025-09-13,1738,1320,75.95,3.02,Night
2556,6,2025-09-13,866,849,98.04,1.02,Evening
2557,7,2025-09-13,856,719,84.0,4.89,Evening
2558,8,2025-09-13,867,676,77.97,5.42,Night
2559,9,2025-09-13,853,714,83.7,6.8,Evening
2560,10,2025-09-13,898,831,92.54,6.02,Morning
2561,1,2025-09-14,1685,1569,93.12,6.3,Night
2562,2,2025-09-14,810,723,89.26,3.07,Evening
2563,3,2025-09-14,1701,1592,93.59,4.95,Evening
2564,4,2025-09-14,1466,1444,98.5,6.26,Evening
2565,5,2025-09-14,1329,1164,87.58,4.7,Morning
2566,6,2025-09-14,905,681,75.25,4.76,Morning
2567,7,2025-09-14,1407,1154,82.02,7.23,Morning
2568,8,2025-09-14,1452,1349,92.91,2.05,Evening
2569,9,2025-09-14,1292,1286,99.54,3.56,Morning
2570,10,2025-09-14,940,909,96.7,0.35,Morning
2571,1,2025-09-15,1119,1062,94.91,4.11,Night
2572,2,2025-09-15,1572,1362,86.64,2.49,Night
2573,3,2025-09-15,1594,1269,79.61,1.18,Evening
2574,4,2025-09-15,1417,1237,87.3,2.33,Morning
2575,5,2025-09-15,1330,1297,97.52,5.26,Morning
2576,6,2025-09-15,858,703,81.93,4.06,Night
2577,7,2025-09-15,1679,1286,76.59,3.38,Morning
2578,8,2025-09-15,1799,1451,80.66,5.12,Morning
2579,9,2025-09-15,1604,1238,77.18,2.73,Night
2580,10,2025-09-15,1287,1204,93.55,4.8,Evening
2581,1,2025-09-16,1672,1550,92.7,4.53,Evening
2582,2,2025-09-16,1430,1225,85.66,3.35,Morning
2583,3,2025-09-16,907,796,87.76,7.01,Morning
2584,4,2025-09-16,1307,1092,83.55,7.36,Night
2585,5,2025-09-16,1028,888,86.38,3.73,Morning
2586,6,2025-09-16,1044,1029,98.56,5.88,Evening
2587,7,2025-09-16,1626,1597,98.22,3.01,Evening
2588,8,2025-09-16,988,952,96.36,7.92,Evening
2589,9,2025-09-16,810,625,77.16,2.86,Night
2590,10,2025-09-16,917,723,78.84,2.32,Morning
2591,1,2025-09-17,1446,1383,95.64,7.3,Evening
2592,2,2025-09-17,844,640,75.83,1.59,Evening
2593,3,2025-09-17,978,789,80.67,7.08,Night
2594,4,2025-09-17,978,819,83.74,6.78,Morning
2595,5,2025-09-17,982,786,80.04,0.17,Evening
2596,6,2025-09-17,1732,1350,77.94,0.17,Night
2597,7,2025-09-17,940,802,85.32,5.24,Morning
2598,8,2025-09-17,1146,966,84.29,2.44,Morning
2599,9,2025-09-17,1178,1073,91.09,5.29,Night
2600,10,2025-09-17,1800,1759,97.72,7.98,Evening
2601,1,2025-09-18,1699,1638,96.41,0.52,Morning
2602,2,2025-09-18,1703,1343,78.86,6.36,Morning
2603,3,2025-09-18,1345,1201,89.29,5.55,Evening
2604,4,2025-09-18,1413,1278,90.45,7.82,Morning
2605,5,2025-09-18,1743,1330,76.31,6.1,Night
2606,6,2025-09-18,993,962,96.88,4.28,Morning
2607,7,2025-09-18,1135,977,86.08,0.43,Evening
2608,8,2025-09-18,1693,1333,78.74,6.81,Night
2609,9,2025-09-18,1707,1530,89.63,1.67,Morning
2610,10,2025-09-18,1603,1442,89.96,6.33,Night
2611,1,2025-09-19,866,691,79.79,4.07,Night
2612,2,2025-09-19,1569,1436,91.52,2.99,Night
2613,3,2025-09-19,1275,1047,82.12,2.57,Evening
2614,4,2025-09-19,1338,1250,93.42,5.73,Evening
2615,5,2025-09-19,1285,1100,85.6,4.65,Night
2616,6,2025-09-19,1743,1711,98.16,4.67,Morning
2617,7,2025-09-19,1012,815,80.53,7.16,Evening
2618,8,2025-09-19,1683,1382,82.12,3.17,Evening
2619,9,2025-09-19,1235,1119,90.61,4.57,Evening
2620,10,2025-09-19,1060,838,79.06,1.07,Morning
2621,1,2025-09-20,1102,1053,95.55,4.15,Morning
2622,2,2025-09-20,1397,1068,76.45,3.72,Night
2623,3,2025-09-20,1144,1076,94.06,3.61,Evening
2624,4,2025-09-20,1218,1101,90.39,6.44,Evening
2625,5,2025-09-20,1079,1004,93.05,0.2,Evening
2626,6,2025-09-20,1039,914,87.97,5.16,Evening
2627,7,2025-09-20,1723,1334,77.42,2.36,Night
2628,8,2025-09-20,1325,1272,96.0,5.15,Evening
2629,9,2025-09-20,1748,1427,81.64,0.79,Morning
2630,10,2025-09-20,1168,895,76.63,4.37,Evening
2631,1,2025-09-21,1001,922,92.11,2.63,Evening
2632,2,2025-09-21,1563,1521,97.31,6.76,Morning
2633,3,2025-09-21,1522,1450,95.27,7.98,Night
2634,4,2025-09-21,1557,1445,92.81,7.3,Morning
2635,5,2025-09-21,1588,1344,84.63,2.25,Evening
2636,6,2025-09-21,1601,1406,87.82,7.57,Night
2637,7,2025-09-21,1575,1516,96.25,0.1,Night
2638,8,2025-09-21,1324,1069,80.74,6.92,Morning
2639,9,2025-09-21,1032,881,85.37,3.8,Night
2640,10,2025-09-21,1401,1332,95.07,6.06,Night
2641,1,2025-09-22,1633,1460,89.41,2.73,Morning
2642,2,2025-09-22,1120,936,83.57,3.43,Night
2643,3,2025-09-22,1227,1027,83.7,3.51,Night
2644,4,2025-09-22,830,717,86.39,1.11,Morning
2645,5,2025-09-22,1112,838,75.36,4.0,Night
2646,6,2025-09-22,1654,1421,85.91,2.72,Evening
2647,7,2025-09-22,1235,1132,91.66,6.1,Night
2648,8,2025-09-22,1350,1165,86.3,2.61,Morning
2649,9,2025-09-22,1381,1051,76.1,7.38,Morning
2650,10,2025-09-22,1800,1519,84.39,4.55,Night
2651,1,2025-09-23,1735,1612,92.91,4.59,Evening
2652,2,2025-09-23,1190,996,83.7,7.59,Morning
2653,3,2025-09-23,1347,1207,89.61,1.51,Morning
2654,4,2025-09-23,1136,1083,95.33,5.11,Evening
2655,5,2025-09-23,895,714,79.78,0.83,Night
2656,6,2025-09-23,981,743,75.74,6.61,Night
2657,7,2025-09-23,1300,988,76.0,1.49,Morning
2658,8,2025-09-23,1733,1496,86.32,2.27,Morning
2659,9,2025-09-23,1098,1091,99.36,0.56,Morning
2660,10,2025-09-23,1177,1147,97.45,0.09,Evening
2661,1,2025-09-24,1680,1470,87.5,3.13,Morning
2662,2,2025-09-24,932,836,89.7,3.35,Night
2663,3,2025-09-24,870,751,86.32,7.64,Morning
2664,4,2025-09-24,933,921,98.71,1.65,Evening
2665,5,2025-09-24,1637,1590,97.13,5.32,Morning
2666,6,2025-09-24,1418,1357,95.7,7.51,Night
2667,7,2025-09-24,1007,883,87.69,5.73,Evening
2668,8,2025-09-24,1082,914,84.47,0.06,Morning
2669,9,2025-09-24,1256,974,77.55,6.6,Night
2670,10,2025-09-24,1626,1345,82.72,4.21,Night
2671,1,2025-09-25,1700,1526,89.76,3.68,Night
2672,2,2025-09-25,840,818,97.38,0.73,Night
2673,3,2025-09-25,1702,1509,88.66,2.77,Night
2674,4,2025-09-25,1611,1360,84.42,3.13,Morning
2675,5,2025-09-25,1225,1045,85.31,1.44,Night
2676,6,2025-09-25,1550,1383,89.23,3.66,Night
2677,7,2025-09-25,987,918,93.01,4.55,Evening
2678,8,2025-09-25,1515,1158,76.44,1.92,Morning
2679,9,2025-09-25,1080,959,88.8,5.33,Morning
2680,10,2025-09-25,1514,1506,99.47,5.78,Morning
2681,1,2025-09-26,1730,1549,89.54,3.29,Night
2682,2,2025-09-26,924,787,85.17,0.61,Morning
2683,3,2025-09-26,1316,1153,87.61,3.28,Morning
2684,4,2025-09-26,1058,899,84.97,4.05,Evening
2685,5,2025-09-26,827,638,77.15,5.11,Night
2686,6,2025-09-26,1567,1411,90.04,3.05,Night
2687,7,2025-09-26,1208,1005,83.2,3.17,Morning
2688,8,2025-09-26,1056,850,80.49,5.67,Morning
2689,9,2025-09-26,1134,1087,95.86,3.88,Morning
2690,10,2025-09-26,884,803,90.84,5.26,Night
2691,1,2025-09-27,1772,1553,87.64,1.12,Evening
2692,2,2025-09-27,1661,1327,79.89,1.36,Morning
2693,3,2025-09-27,1421,1116,78.54,1.42,Morning
2694,4,2025-09-27,1347,1210,89.83,1.35,Night
2695,5,2025-09-27,1581,1190,75.27,5.42,Morning
2696,6,2025-09-27,1251,1121,89.61,1.42,Night
2697,7,2025-09-27,835,798,95.57,4.26,Evening
2698,8,2025-09-27,1513,1158,76.54,6.69,Night
2699,9,2025-09-27,1456,1431,98.28,5.73,Morning
2700,10,2025-09-27,1199,1056,88.07,3.55,Night
2701,1,2025-09-28,804,615,76.49,6.18,Morning
2702,2,2025-09-28,1751,1440,82.24,3.0,Morning
2703,3,2025-09-28,1004,776,77.29,0.13,Morning
2704,4,2025-09-28,814,696,85.5,6.56,Night
2705,5,2025-09-28,1485,1145,77.1,1.76,Morning
2706,6,2025-09-28,1616,1552,96.04,1.34,Morning
2707,7,2025-09-28,845,739,87.46,4.1,Evening
2708,8,2025-09-28,1130,944,83.54,5.0,Night
2709,9,2025-09-28,1204,1122,93.19,0.97,Morning
2710,10,2025-09-28,908,772,85.02,2.59,Morning
2711,1,2025-09-29,1211,1069,88.27,0.1,Morning
2712,2,2025-09-29,1269,1063,83.77,0.53,Evening
2713,3,2025-09-29,1465,1417,96.72,2.95,Morning
2714,4,2025-09-29,1706,1390,81.48,3.29,Night
2715,5,2025-09-29,1311,1035,78.95,5.7,Night
2716,6,2025-09-29,975,795,81.54,7.67,Night
2717,7,2025-09-29,1132,1047,92.49,5.42,Night
2718,8,2025-09-29,936,787,84.08,1.4,Night
2719,9,2025-09-29,1125,1089,96.8,0.54,Morning
2720,10,2025-09-29,1423,1366,95.99,3.59,Night
2721,1,2025-09-30,1455,1210,83.16,4.03,Night
2722,2,2025-09-30,813,668,82.16,0.17,Morning
2723,3,2025-09-30,1116,958,85.84,5.9,Morning
2724,4,2025-09-30,1434,1115,77.75,0.48,Evening
2725,5,2025-09-30,1310,1133,86.49,1.62,Evening
2726,6,2025-09-30,1009,920,91.18,0.3,Night
2727,7,2025-09-30,1412,1286,91.08,5.91,Evening
2728,8,2025-09-30,937,773,82.5,2.54,Morning
2729,9,2025-09-30,1333,1211,90.85,5.18,Evening
2730,10,2025-09-30,1568,1188,75.77,1.83,Night
2731,1,2025-10-01,1139,1029,90.34,1.94,Night
2732,2,2025-10-01,855,811,94.85,7.91,Night
2733,3,2025-10-01,1512,1502,99.34,1.78,Evening
2734,4,2025-10-01,1333,1163,87.25,1.47,Night
2735,5,2025-10-01,806,620,76.92,6.96,Morning
2736,6,2025-10-01,1776,1430,80.52,0.42,Morning
2737,7,2025-10-01,1760,1424,80.91,1.0,Morning
2738,8,2025-10-01,1406,1335,94.95,6.65,Morning
2739,9,2025-10-01,1041,1039,99.81,0.63,Night
2740,10,2025-10-01,1278,1117,87.4,1.31,Morning
2741,1,2025-10-02,1050,1004,95.62,1.41,Morning
2742,2,2025-10-02,1110,978,88.11,4.61,Night
2743,3,2025-10-02,1006,823,81.81,6.9,Evening
2744,4,2025-10-02,881,752,85.36,3.19,Morning
2745,5,2025-10-02,1282,1186,92.51,3.38,Night
2746,6,2025-10-02,1552,1385,89.24,6.08,Evening
2747,7,2025-10-02,820,810,98.78,3.05,Morning
2748,8,2025-10-02,1577,1335,84.65,4.76,Morning
2749,9,2025-10-02,1366,1113,81.48,2.06,Evening
2750,10,2025-10-02,1113,1066,95.78,2.27,Night
2751,1,2025-10-03,1420,1311,92.32,0.58,Morning
2752,2,2025-10-03,1532,1389,90.67,1.57,Morning
2753,3,2025-10-03,804,606,75.37,6.89,Night
2754,4,2025-10-03,1542,1347,87.35,3.93,Evening
2755,5,2025-10-03,1762,1523,86.44,7.76,Evening
2756,6,2025-10-03,1193,1144,95.89,2.46,Night
2757,7,2025-10-03,872,758,86.93,7.08,Morning
2758,8,2025-10-03,1194,1184,99.16,1.3,Evening
2759,9,2025-10-03,1780,1465,82.3,6.17,Night
2760,10,2025-10-03,1156,1127,97.49,5.67,Night
2761,1,2025-10-04,1505,1316,87.44,5.57,Night
2762,2,2025-10-04,1194,1112,93.13,5.89,Morning
2763,3,2025-10-04,1289,983,76.26,7.37,Evening
2764,4,2025-10-04,1446,1445,99.93,5.41,Night
2765,5,2025-10-04,1481,1440,97.23,1.18,Night
2766,6,2025-10-04,1266,1024,80.88,2.03,Night
2767,7,2025-10-04,1392,1383,99.35,6.73,Morning
2768,8,2025-10-04,919,886,96.41,0.74,Night
2769,9,2025-10-04,1738,1499,86.25,3.18,Night
2770,10,2025-10-04,1797,1388,77.24,4.15,Morning
2771,1,2025-10-05,1697,1488,87.68,1.33,Evening
2772,2,2025-10-05,1058,947,89.51,4.01,Night
2773,3,2025-10-05,1474,1300,88.2,4.69,Night
2774,4,2025-10-05,1221,960,78.62,0.87,Night
2775,5,2025-10-05,1595,1372,86.02,6.51,Evening
2776,6,2025-10-05,1566,1281,81.8,7.44,Evening
2777,7,2025-10-05,1515,1293,85.35,0.05,Morning
2778,8,2025-10-05,1635,1477,90.34,0.01,Morning
2779,9,2025-10-05,1592,1550,97.36,3.34,Evening
2780,10,2025-10-05,1470,1249,84.97,5.86,Morning
2781,1,2025-10-06,980,830,84.69,1.49,Morning
2782,2,2025-10-06,1002,875,87.33,1.46,Morning
2783,3,2025-10-06,1261,1235,97.94,6.51,Morning
2784,4,2025-10-06,1005,768,76.42,6.0,Morning
2785,5,2025-10-06,1065,1007,94.55,3.53,Night
2786,6,2025-10-06,911,905,99.34,5.09,Morning
2787,7,2025-10-06,1100,868,78.91,3.02,Evening
2788,8,2025-10-06,865,735,84.97,0.24,Morning
2789,9,2025-10-06,1289,1214,94.18,5.38,Morning
2790,10,2025-10-06,809,621,76.76,2.13,Morning
2791,1,2025-10-07,1481,1408,95.07,6.31,Morning
2792,2,2025-10-07,899,728,80.98,4.18,Morning
2793,3,2025-10-07,1184,1154,97.47,7.9,Evening
2794,4,2025-10-07,1754,1563,89.11,3.79,Evening
2795,5,2025-10-07,1418,1282,90.41,2.69,Night
2796,6,2025-10-07,1711,1458,85.21,8.0,Morning
2797,7,2025-10-07,1763,1506,85.42,5.32,Evening
2798,8,2025-10-07,1425,1097,76.98,7.8,Evening
2799,9,2025-10-07,1625,1269,78.09,0.02,Night
2800,10,2025-10-07,1211,979,80.84,0.21,Morning
2801,1,2025-10-08,1689,1537,91.0,2.24,Night
2802,2,2025-10-08,1569,1303,83.05,2.95,Night
2803,3,2025-10-08,1502,1463,97.4,6.96,Night
2804,4,2025-10-08,1223,1013,82.83,0.03,Night
2805,5,2025-10-08,1780,1751,98.37,2.58,Night
2806,6,2025-10-08,1168,899,76.97,7.76,Night
2807,7,2025-10-08,1133,1076,94.97,1.87,Evening
2808,8,2025-10-08,1209,947,78.33,2.79,Evening
2809,9,2025-10-08,1474,1463,99.25,7.24,Night
2810,10,2025-10-08,1194,1045,87.52,4.86,Night
2811,1,2025-10-09,946,931,98.41,4.16,Night
2812,2,2025-10-09,1603,1568,97.82,4.04,Morning
2813,3,2025-10-09,1309,1025,78.3,2.41,Night
2814,4,2025-10-09,1361,1259,92.51,1.34,Evening
2815,5,2025-10-09,1777,1391,78.28,3.86,Night
2816,6,2025-10-09,1046,908,86.81,1.69,Night
2817,7,2025-10-09,1516,1182,77.97,0.84,Night
2818,8,2025-10-09,829,662,79.86,7.43,Evening
2819,9,2025-10-09,1724,1489,86.37,6.13,Morning
2820,10,2025-10-09,1536,1283,83.53,5.33,Night
2821,1,2025-10-10,926,864,93.3,1.09,Night
2822,2,2025-10-10,1448,1337,92.33,0.72,Night
2823,3,2025-10-10,1140,969,85.0,7.45,Night
2824,4,2025-10-10,866,813,93.88,2.75,Night
2825,5,2025-10-10,1560,1546,99.1,5.8,Night
2826,6,2025-10-10,1457,1379,94.65,7.73,Evening
2827,7,2025-10-10,1627,1339,82.3,1.79,Morning
2828,8,2025-10-10,1097,866,78.94,0.89,Evening
2829,9,2025-10-10,1558,1471,94.42,7.5,Night
2830,10,2025-10-10,1764,1382,78.34,4.58,Morning
2831,1,2025-10-11,1673,1414,84.52,7.63,Night
2832,2,2025-10-11,1554,1165,74.97,2.49,Night
2833,3,2025-10-11,1348,1108,82.2,6.78,Evening
2834,4,2025-10-11,1127,1031,91.48,6.38,Morning
2835,5,2025-10-11,1332,1307,98.12,4.73,Morning
2836,6,2025-10-11,1204,907,75.33,4.31,Evening
2837,7,2025-10-11,1123,916,81.57,6.53,Evening
2838,8,2025-10-11,1657,1354,81.71,4.0,Evening
2839,9,2025-10-11,950,865,91.05,2.27,Night
2840,10,2025-10-11,1481,1469,99.19,0.27,Evening
2841,1,2025-10-12,1116,1094,98.03,7.92,Morning
2842,2,2025-10-12,1080,1054,97.59,5.05,Morning
2843,3,2025-10-12,1306,1128,86.37,5.63,Evening
2844,4,2025-10-12,860,852,99.07,2.67,Night
2845,5,2025-10-12,1015,978,96.35,5.86,Morning
2846,6,2025-10-12,1517,1513,99.74,0.42,Morning
2847,7,2025-10-12,1677,1506,89.8,5.82,Evening
2848,8,2025-10-12,1634,1562,95.59,7.3,Morning
2849,9,2025-10-12,822,756,91.97,3.14,Evening
2850,10,2025-10-12,1494,1362,91.16,7.92,Evening
2851,1,2025-10-13,1200,936,78.0,4.22,Evening
2852,2,2025-10-13,1089,915,84.02,5.61,Night
2853,3,2025-10-13,1203,951,79.05,1.05,Night
2854,4,2025-10-13,1686,1676,99.41,0.43,Night
2855,5,2025-10-13,1111,1067,96.04,5.24,Night
2856,6,2025-10-13,940,818,87.02,5.57,Evening
2857,7,2025-10-13,1718,1362,79.28,1.68,Night
2858,8,2025-10-13,1000,938,93.8,5.21,Evening
2859,9,2025-10-13,1543,1451,94.04,0.82,Morning
2860,10,2025-10-13,1185,1106,93.33,5.44,Morning
2861,1,2025-10-14,1748,1339,76.6,0.77,Evening
2862,2,2025-10-14,983,978,99.49,0.42,Night
2863,3,2025-10-14,1465,1271,86.76,4.75,Morning
2864,4,2025-10-14,1442,1287,89.25,1.96,Morning
2865,5,2025-10-14,1046,987,94.36,3.91,Night
2866,6,2025-10-14,1410,1145,81.21,5.22,Evening
2867,7,2025-10-14,1594,1549,97.18,7.93,Night
2868,8,2025-10-14,1474,1150,78.02,6.22,Night
2869,9,2025-10-14,1191,1033,86.73,5.06,Evening
2870,10,2025-10-14,1176,887,75.43,0.96,Morning
2871,1,2025-10-15,924,818,88.53,5.13,Night
2872,2,2025-10-15,1030,783,76.02,4.69,Night
2873,3,2025-10-15,1291,1108,85.82,5.55,Morning
2874,4,2025-10-15,1613,1512,93.74,1.45,Evening
2875,5,2025-10-15,1460,1454,99.59,3.47,Night
2876,6,2025-10-15,928,721,77.69,2.6,Night
2877,7,2025-10-15,1730,1704,98.5,4.3,Evening
2878,8,2025-10-15,1632,1582,96.94,0.16,Night
2879,9,2025-10-15,1637,1501,91.69,6.27,Night
2880,10,2025-10-15,1300,1007,77.46,4.15,Night
2881,1,2025-10-16,1351,1346,99.63,0.99,Morning
2882,2,2025-10-16,1788,1678,93.85,7.18,Morning
2883,3,2025-10-16,1682,1567,93.16,5.56,Morning
2884,4,2025-10-16,1368,1254,91.67,6.4,Morning
2885,5,2025-10-16,840,662,78.81,4.6,Night
2886,6,2025-10-16,965,745,77.2,4.5,Morning
2887,7,2025-10-16,886,695,78.44,4.05,Evening
2888,8,2025-10-16,1789,1619,90.5,1.37,Night
2889,9,2025-10-16,800,663,82.88,2.4,Night
2890,10,2025-10-16,1726,1694,98.15,2.35,Night
2891,1,2025-10-17,1255,1012,80.64,4.62,Night
2892,2,2025-10-17,1120,1107,98.84,7.29,Evening
2893,3,2025-10-17,1420,1340,94.37,4.08,Night
2894,4,2025-10-17,901,844,93.67,6.56,Morning
2895,5,2025-10-17,837,675,80.65,1.13,Morning
2896,6,2025-10-17,1780,1403,78.82,4.82,Morning
2897,7,2025-10-17,1405,1236,87.97,2.22,Night
2898,8,2025-10-17,1437,1293,89.98,0.59,Evening
2899,9,2025-10-17,1066,994,93.25,5.2,Morning
2900,10,2025-10-17,1209,1139,94.21,0.67,Evening
2901,1,2025-10-18,1492,1336,89.54,7.52,Morning
2902,2,2025-10-18,1348,1115,82.72,0.56,Night
2903,3,2025-10-18,1075,904,84.09,5.72,Night
2904,4,2025-10-18,1473,1435,97.42,6.56,Night
2905,5,2025-10-18,967,832,86.04,6.57,Evening
2906,6,2025-10-18,1606,1426,88.79,3.03,Night
2907,7,2025-10-18,1053,828,78.63,2.16,Night
2908,8,2025-10-18,912,859,94.19,4.39,Morning
2909,9,2025-10-18,1137,897,78.89,2.9,Evening
2910,10,2025-10-18,1596,1336,83.71,1.17,Morning
2911,1,2025-10-19,1080,815,75.46,0.78,Morning
2912,2,2025-10-19,1187,943,79.44,6.26,Morning
2913,3,2025-10-19,979,868,88.66,5.83,Evening
2914,4,2025-10-19,1402,1301,92.8,0.76,Evening
2915,5,2025-10-19,1517,1429,94.2,6.92,Night
2916,6,2025-10-19,1077,857,79.57,7.17,Morning
2917,7,2025-10-19,1125,1042,92.62,1.45,Night
2918,8,2025-10-19,1494,1392,93.17,4.41,Evening
2919,9,2025-10-19,1288,1269,98.52,1.02,Morning
2920,10,2025-10-19,1503,1389,92.42,5.71,Night
2921,1,2025-10-20,929,732,78.79,3.03,Night
2922,2,2025-10-20,1073,831,77.45,7.35,Night
2923,3,2025-10-20,1797,1536,85.48,5.66,Morning
2924,4,2025-10-20,1494,1431,95.78,3.35,Evening
2925,5,2025-10-20,987,852,86.32,7.89,Evening
2926,6,2025-10-20,1314,1131,86.07,2.21,Evening
2927,7,2025-10-20,1333,1116,83.72,2.44,Morning
2928,8,2025-10-20,1770,1483,83.79,3.25,Evening
2929,9,2025-10-20,1665,1294,77.72,5.08,Morning
2930,10,2025-10-20,1547,1282,82.87,7.56,Morning
2931,1,2025-10-21,1389,1070,77.03,0.68,Evening
2932,2,2025-10-21,1367,1277,93.42,6.47,Morning
2933,3,2025-10-21,1785,1555,87.11,5.42,Night
2934,4,2025-10-21,939,826,87.97,3.98,Night
2935,5,2025-10-21,1493,1391,93.17,5.58,Evening
2936,6,2025-10-21,814,767,94.23,1.52,Night
2937,7,2025-10-21,807,787,97.52,3.4,Night
2938,8,2025-10-21,1567,1351,86.22,1.95,Night
2939,9,2025-10-21,1477,1377,93.23,5.47,Morning
2940,10,2025-10-21,1421,1294,91.06,7.72,Night
2941,1,2025-10-22,1752,1705,97.32,4.19,Morning
2942,2,2025-10-22,979,753,76.92,2.94,Morning
2943,3,2025-10-22,1326,1174,88.54,7.62,Evening
2944,4,2025-10-22,1307,1174,89.82,1.36,Morning
2945,5,2025-10-22,1146,986,86.04,6.65,Morning
2946,6,2025-10-22,1097,975,88.88,3.86,Evening
2947,7,2025-10-22,1018,764,75.05,5.9,Night
2948,8,2025-10-22,1203,1013,84.21,7.38,Night
2949,9,2025-10-22,1327,1013,76.34,7.48,Night
2950,10,2025-10-22,1668,1500,89.93,0.46,Morning
2951,1,2025-10-23,1430,1307,91.4,2.63,Evening
2952,2,2025-10-23,909,682,75.03,2.8,Night
2953,3,2025-10-23,990,844,85.25,2.84,Morning
2954,4,2025-10-23,1241,1181,95.17,1.58,Night
2955,5,2025-10-23,1326,1072,80.84,3.29,Evening
2956,6,2025-10-23,807,644,79.8,6.16,Evening
2957,7,2025-10-23,1031,1013,98.25,3.16,Evening
2958,8,2025-10-23,1173,1098,93.61,7.14,Night
2959,9,2025-10-23,1631,1360,83.38,0.87,Evening
2960,10,2025-10-23,1472,1328,90.22,1.29,Evening
2961,1,2025-10-24,1565,1395,89.14,0.05,Night
2962,2,2025-10-24,1003,780,77.77,1.52,Morning
2963,3,2025-10-24,936,803,85.79,3.37,Evening
2964,4,2025-10-24,1722,1307,75.9,1.28,Morning
2965,5,2025-10-24,1771,1573,88.82,7.68,Evening
2966,6,2025-10-24,921,797,86.54,3.91,Evening
2967,7,2025-10-24,1619,1563,96.54,5.71,Evening
2968,8,2025-10-24,1569,1567,99.87,6.24,Evening
2969,9,2025-10-24,1313,1183,90.1,1.05,Morning
2970,10,2025-10-24,1611,1218,75.61,1.01,Evening
2971,1,2025-10-25,1312,990,75.46,6.14,Morning
2972,2,2025-10-25,853,812,95.19,6.64,Evening
2973,3,2025-10-25,1799,1654,91.94,5.9,Evening
2974,4,2025-10-25,1291,1116,86.44,2.26,Morning
2975,5,2025-10-25,1579,1403,88.85,1.98,Morning
2976,6,2025-10-25,1546,1420,91.85,1.49,Evening
2977,7,2025-10-25,1585,1246,78.61,6.91,Night
2978,8,2025-10-25,1053,1008,95.73,1.59,Night
2979,9,2025-10-25,1601,1252,78.2,5.61,Night
2980,10,2025-10-25,1425,1160,81.4,1.51,Night
2981,1,2025-10-26,1444,1407,97.44,1.19,Morning
2982,2,2025-10-26,935,803,85.88,0.31,Morning
2983,3,2025-10-26,1751,1387,79.21,3.41,Night
2984,4,2025-10-26,1004,776,77.29,6.91,Evening
2985,5,2025-10-26,1217,1180,96.96,2.45,Night
2986,6,2025-10-26,1036,890,85.91,2.69,Evening
2987,7,2025-10-26,862,776,90.02,3.42,Morning
2988,8,2025-10-26,1111,889,80.02,2.15,Evening
2989,9,2025-10-26,1765,1502,85.1,5.69,Morning
2990,10,2025-10-26,1127,869,77.11,1.45,Morning
2991,1,2025-10-27,853,808,94.72,5.96,Morning
2992,2,2025-10-27,1092,1060,97.07,2.24,Night
2993,3,2025-10-27,903,787,87.15,1.48,Evening
2994,4,2025-10-27,1172,1050,89.59,2.43,Morning
2995,5,2025-10-27,1485,1119,75.35,5.46,Morning
2996,6,2025-10-27,1139,1038,91.13,5.93,Evening
2997,7,2025-10-27,1560,1471,94.29,4.23,Evening
2998,8,2025-10-27,1043,923,88.49,1.68,Evening
2999,9,2025-10-27,889,693,77.95,1.04,Night
3000,10,2025-10-27,1416,1123,79.31,0.33,Night
3001,1,2025-10-28,1637,1324,80.88,1.54,Evening
3002,2,2025-10-28,1747,1360,77.85,0.6,Night
3003,3,2025-10-28,1433,1249,87.16,2.41,Evening
3004,4,2025-10-28,1579,1287,81.51,4.27,Morning
3005,5,2025-10-28,844,665,78.79,1.53,Night
3006,6,2025-10-28,1528,1275,83.44,7.13,Night
3007,7,2025-10-28,1798,1525,84.82,7.16,Evening
3008,8,2025-10-28,1444,1143,79.16,7.29,Morning
3009,9,2025-10-28,1294,1184,91.5,4.19,Night
3010,10,2025-10-28,1609,1217,75.64,1.34,Evening
3011,1,2025-10-29,1513,1200,79.31,2.32,Night
3012,2,2025-10-29,862,849,98.49,7.78,Morning
3013,3,2025-10-29,1558,1371,88.0,3.96,Night
3014,4,2025-10-29,1691,1530,90.48,7.77,Morning
3015,5,2025-10-29,1248,1196,95.83,3.07,Evening
3016,6,2025-10-29,1210,1046,86.45,1.66,Morning
3017,7,2025-10-29,963,868,90.13,1.74,Night
3018,8,2025-10-29,809,808,99.88,4.1,Night
3019,9,2025-10-29,1524,1511,99.15,4.2,Evening
3020,10,2025-10-29,1672,1366,81.7,2.37,Evening
3021,1,2025-10-30,1365,1083,79.34,1.37,Morning
3022,2,2025-10-30,1346,1130,83.95,2.33,Night
3023,3,2025-10-30,951,939,98.74,2.22,Morning
3024,4,2025-10-30,1076,833,77.42,5.14,Morning
3025,5,2025-10-30,1643,1339,81.5,4.28,Morning
3026,6,2025-10-30,1464,1275,87.09,5.06,Evening
3027,7,2025-10-30,1132,891,78.71,7.57,Night
3028,8,2025-10-30,1070,870,81.31,3.27,Night
3029,9,2025-10-30,1101,991,90.01,7.88,Night
3030,10,2025-10-30,1635,1231,75.29,6.59,Morning
3031,1,2025-10-31,1548,1304,84.24,1.41,Morning
3032,2,2025-10-31,1350,1348,99.85,7.83,Night
3033,3,2025-10-31,908,865,95.26,5.97,Evening
3034,4,2025-10-31,1768,1660,93.89,2.06,Night
3035,5,2025-10-31,1449,1395,96.27,4.41,Evening
3036,6,2025-10-31,1025,934,91.12,2.15,Night
3037,7,2025-10-31,1444,1285,88.99,1.25,Morning
3038,8,2025-10-31,1547,1531,98.97,3.47,Morning
3039,9,2025-10-31,1723,1537,89.2,0.75,Morning
3040,10,2025-10-31,1270,1046,82.36,6.52,Morning
3041,1,2025-11-01,993,889,89.53,3.92,Night
3042,2,2025-11-01,984,903,91.77,2.26,Evening
3043,3,2025-11-01,966,950,98.34,1.42,Evening
3044,4,2025-11-01,1503,1438,95.68,1.5,Morning
3045,5,2025-11-01,873,763,87.4,1.96,Night
3046,6,2025-11-01,1793,1550,86.45,0.8,Night
3047,7,2025-11-01,940,891,94.79,6.0,Morning
3048,8,2025-11-01,1417,1113,78.55,3.02,Morning
3049,9,2025-11-01,912,895,98.14,0.11,Night
3050,10,2025-11-01,1757,1339,76.21,1.06,Morning
3051,1,2025-11-02,1074,878,81.75,7.51,Night
3052,2,2025-11-02,813,811,99.75,7.73,Morning
3053,3,2025-11-02,1355,1189,87.75,6.82,Morning
3054,4,2025-11-02,1007,790,78.45,3.84,Night
3055,5,2025-11-02,1713,1511,88.21,6.52,Evening
3056,6,2025-11-02,1139,1099,96.49,1.24,Morning
3057,7,2025-11-02,1356,1153,85.03,5.02,Morning
3058,8,2025-11-02,821,626,76.25,0.82,Evening
3059,9,2025-11-02,905,808,89.28,7.09,Evening
3060,10,2025-11-02,945,708,74.92,7.3,Morning
3061,1,2025-11-03,1032,992,96.12,3.08,Evening
3062,2,2025-11-03,1471,1249,84.91,1.81,Night
3063,3,2025-11-03,1193,951,79.72,3.93,Morning
3064,4,2025-11-03,1029,823,79.98,7.65,Evening
3065,5,2025-11-03,1165,912,78.28,4.93,Morning
3066,6,2025-11-03,1169,919,78.61,7.16,Night
3067,7,2025-11-03,954,760,79.66,3.43,Evening
3068,8,2025-11-03,1414,1152,81.47,5.44,Morning
3069,9,2025-11-03,1714,1626,94.87,5.5,Night
3070,10,2025-11-03,1637,1373,83.87,2.79,Morning
3071,1,2025-11-04,1077,1062,98.61,5.29,Evening
3072,2,2025-11-04,1630,1586,97.3,6.39,Morning
3073,3,2025-11-04,1682,1337,79.49,6.22,Morning
3074,4,2025-11-04,1127,920,81.63,3.12,Night
3075,5,2025-11-04,1615,1613,99.88,7.81,Morning
3076,6,2025-11-04,915,833,91.04,3.42,Night
3077,7,2025-11-04,1085,887,81.75,0.72,Morning
3078,8,2025-11-04,986,935,94.83,3.08,Evening
3079,9,2025-11-04,1306,1196,91.58,3.85,Evening
3080,10,2025-11-04,1416,1387,97.95,2.67,Night
3081,1,2025-11-05,1743,1432,82.16,3.07,Night
3082,2,2025-11-05,1309,1256,95.95,4.27,Night
3083,3,2025-11-05,1349,1128,83.62,3.08,Night
3084,4,2025-11-05,1532,1364,89.03,4.22,Night
3085,5,2025-11-05,1630,1605,98.47,1.75,Morning
3086,6,2025-11-05,1040,965,92.79,0.02,Morning
3087,7,2025-11-05,1171,1163,99.32,3.79,Morning
3088,8,2025-11-05,1743,1363,78.2,0.48,Evening
3089,9,2025-11-05,1169,947,81.01,2.36,Morning
3090,10,2025-11-05,1655,1523,92.02,7.77,Evening
3091,1,2025-11-06,1048,893,85.21,6.62,Morning
3092,2,2025-11-06,1564,1243,79.48,0.94,Night
3093,3,2025-11-06,1520,1213,79.8,3.02,Morning
3094,4,2025-11-06,1512,1351,89.35,2.97,Night
3095,5,2025-11-06,908,850,93.61,4.65,Evening
3096,6,2025-11-06,1657,1546,93.3,6.96,Morning
3097,7,2025-11-06,950,805,84.74,1.13,Morning
3098,8,2025-11-06,878,661,75.28,4.55,Evening
3099,9,2025-11-06,953,909,95.38,1.46,Night
3100,10,2025-11-06,943,898,95.23,4.22,Evening
3101,1,2025-11-07,1281,1170,91.33,5.78,Evening
3102,2,2025-11-07,1600,1530,95.62,5.56,Evening
3103,3,2025-11-07,913,723,79.19,0.48,Night
3104,4,2025-11-07,832,778,93.51,6.01,Night
3105,5,2025-11-07,964,725,75.21,3.17,Evening
3106,6,2025-11-07,1496,1354,90.51,4.43,Evening
3107,7,2025-11-07,1741,1597,91.73,4.01,Night
3108,8,2025-11-07,1032,990,95.93,7.45,Evening
3109,9,2025-11-07,1796,1394,77.62,4.17,Morning
3110,10,2025-11-07,1560,1278,81.92,3.2,Morning
3111,1,2025-11-08,1024,968,94.53,1.47,Night
3112,2,2025-11-08,1799,1635,90.88,4.84,Morning
3113,3,2025-11-08,1636,1581,96.64,3.75,Evening
3114,4,2025-11-08,1468,1429,97.34,3.24,Evening
3115,5,2025-11-08,968,739,76.34,6.43,Night
3116,6,2025-11-08,1234,1024,82.98,2.16,Morning
3117,7,2025-11-08,879,751,85.44,4.83,Evening
3118,8,2025-11-08,828,682,82.37,2.26,Night
3119,9,2025-11-08,909,697,76.68,1.7,Morning
3120,10,2025-11-08,1574,1338,85.01,1.5,Morning
3121,1,2025-11-09,1453,1105,76.05,1.92,Morning
3122,2,2025-11-09,1800,1641,91.17,4.52,Night
3123,3,2025-11-09,1609,1453,90.3,0.37,Evening
3124,4,2025-11-09,895,750,83.8,0.07,Evening
3125,5,2025-11-09,1569,1320,84.13,7.67,Night
3126,6,2025-11-09,999,829,82.98,6.01,Night
3127,7,2025-11-09,1164,939,80.67,5.62,Morning
3128,8,2025-11-09,1139,1062,93.24,7.17,Night
3129,9,2025-11-09,903,805,89.15,6.46,Morning
3130,10,2025-11-09,824,768,93.2,6.37,Evening
3131,1,2025-11-10,1400,1069,76.36,2.32,Morning
3132,2,2025-11-10,1498,1360,90.79,0.63,Night
3133,3,2025-11-10,895,854,95.42,1.85,Morning
3134,4,2025-11-10,1626,1567,96.37,5.23,Night
3135,5,2025-11-10,964,851,88.28,4.13,Night
3136,6,2025-11-10,1423,1400,98.38,4.19,Evening
3137,7,2025-11-10,1258,1010,80.29,2.71,Evening
3138,8,2025-11-10,1438,1298,90.26,0.32,Night
3139,9,2025-11-10,1592,1543,96.92,3.1,Morning
3140,10,2025-11-10,1425,1378,96.7,0.6,Morning
3141,1,2025-11-11,1380,1356,98.26,7.96,Morning
3142,2,2025-11-11,1624,1225,75.43,1.14,Evening
3143,3,2025-11-11,1360,1064,78.24,3.99,Evening
3144,4,2025-11-11,1121,926,82.6,7.47,Morning
3145,5,2025-11-11,869,722,83.08,4.61,Evening
3146,6,2025-11-11,891,686,76.99,1.43,Evening
3147,7,2025-11-11,1064,1040,97.74,7.83,Evening
3148,8,2025-11-11,1465,1169,79.8,7.52,Night
3149,9,2025-11-11,1299,994,76.52,2.91,Evening
3150,10,2025-11-11,1210,1116,92.23,6.86,Night
3151,1,2025-11-12,932,811,87.02,2.93,Night
3152,2,2025-11-12,1774,1490,83.99,2.99,Night
3153,3,2025-11-12,1223,1176,96.16,3.6,Night
3154,4,2025-11-12,843,790,93.71,7.82,Morning
3155,5,2025-11-12,1558,1293,82.99,5.6,Night
3156,6,2025-11-12,808,645,79.83,6.82,Evening
3157,7,2025-11-12,1184,969,81.84,4.56,Morning
3158,8,2025-11-12,1028,969,94.26,6.99,Night
3159,9,2025-11-12,895,760,84.92,3.73,Night
3160,10,2025-11-12,1347,1248,92.65,0.87,Morning
3161,1,2025-11-13,1549,1216,78.5,7.34,Evening
3162,2,2025-11-13,1586,1410,88.9,1.6,Evening
3163,3,2025-11-13,866,730,84.3,2.74,Night
3164,4,2025-11-13,1297,1080,83.27,5.62,Evening
3165,5,2025-11-13,917,758,82.66,3.64,Night
3166,6,2025-11-13,959,839,87.49,1.16,Morning
3167,7,2025-11-13,1127,861,76.4,7.9,Evening
3168,8,2025-11-13,863,853,98.84,2.89,Evening
3169,9,2025-11-13,1284,1072,83.49,0.43,Morning
3170,10,2025-11-13,1775,1719,96.85,5.47,Evening
3171,1,2025-11-14,1058,883,83.46,0.67,Morning
3172,2,2025-11-14,1080,1017,94.17,0.65,Night
3173,3,2025-11-14,1262,1160,91.92,4.2,Night
3174,4,2025-11-14,1714,1417,82.67,1.47,Morning
3175,5,2025-11-14,894,779,87.14,2.74,Evening
3176,6,2025-11-14,968,776,80.17,2.79,Evening
3177,7,2025-11-14,1293,1212,93.74,4.28,Morning
3178,8,2025-11-14,1788,1697,94.91,3.49,Night
3179,9,2025-11-14,1384,1237,89.38,6.58,Night
3180,10,2025-11-14,1601,1505,94.0,1.59,Night
3181,1,2025-11-15,1483,1408,94.94,4.93,Evening
3182,2,2025-11-15,1480,1272,85.95,0.11,Evening
3183,3,2025-11-15,1756,1392,79.27,4.0,Evening
3184,4,2025-11-15,916,889,97.05,7.76,Evening
3185,5,2025-11-15,1069,1067,99.81,5.78,Evening
3186,6,2025-11-15,1765,1749,99.09,6.86,Night
3187,7,2025-11-15,1260,1241,98.49,0.78,Morning
3188,8,2025-11-15,1563,1268,81.13,3.36,Night
3189,9,2025-11-15,1592,1279,80.34,4.81,Morning
3190,10,2025-11-15,1156,974,84.26,7.62,Night
3191,1,2025-11-16,1390,1049,75.47,2.96,Evening
3192,2,2025-11-16,816,689,84.44,7.17,Night
3193,3,2025-11-16,1638,1291,78.82,5.59,Night
3194,4,2025-11-16,1266,1160,91.63,3.28,Evening
3195,5,2025-11-16,1648,1513,91.81,3.41,Evening
3196,6,2025-11-16,916,732,79.91,3.67,Evening
3197,7,2025-11-16,981,876,89.3,4.76,Night
3198,8,2025-11-16,1246,1129,90.61,2.28,Night
3199,9,2025-11-16,1505,1476,98.07,3.5,Evening
3200,10,2025-11-16,1518,1455,95.85,7.5,Morning
3201,1,2025-11-17,889,872,98.09,6.7,Morning
3202,2,2025-11-17,1465,1106,75.49,4.93,Evening
3203,3,2025-11-17,906,806,88.96,6.0,Night
3204,4,2025-11-17,1749,1589,90.85,0.8,Evening
3205,5,2025-11-17,1315,1283,97.57,6.45,Night
3206,6,2025-11-17,1096,1037,94.62,1.69,Evening
3207,7,2025-11-17,1364,1218,89.3,0.92,Evening
3208,8,2025-11-17,1773,1392,78.51,2.8,Evening
3209,9,2025-11-17,1222,1118,91.49,0.06,Evening
3210,10,2025-11-17,1600,1314,82.12,4.06,Evening
3211,1,2025-11-18,1700,1612,94.82,2.12,Evening
3212,2,2025-11-18,1489,1239,83.21,0.03,Evening
3213,3,2025-11-18,833,627,75.27,0.21,Evening
3214,4,2025-11-18,1660,1510,90.96,6.56,Night
3215,5,2025-11-18,1125,1014,90.13,1.36,Night
3216,6,2025-11-18,1240,1053,84.92,4.45,Evening
3217,7,2025-11-18,997,904,90.67,5.16,Morning
3218,8,2025-11-18,1620,1510,93.21,3.43,Night
3219,9,2025-11-18,1199,987,82.32,3.22,Evening
3220,10,2025-11-18,1329,1077,81.04,3.5,Morning
3221,1,2025-11-19,1527,1209,79.17,4.03,Night
3222,2,2025-11-19,1390,1242,89.35,6.74,Night
3223,3,2025-11-19,1738,1436,82.62,6.7,Morning
3224,4,2025-11-19,1771,1493,84.3,1.63,Morning
3225,5,2025-11-19,826,730,88.38,0.09,Night
3226,6,2025-11-19,956,724,75.73,4.94,Night
3227,7,2025-11-19,1742,1346,77.27,4.57,Morning
3228,8,2025-11-19,1560,1545,99.04,1.04,Evening
3229,9,2025-11-19,1449,1409,97.24,6.22,Morning
3230,10,2025-11-19,1045,896,85.74,2.38,Night
3231,1,2025-11-20,1660,1370,82.53,5.81,Evening
3232,2,2025-11-20,1588,1324,83.38,5.27,Evening
3233,3,2025-11-20,884,699,79.07,5.02,Night
3234,4,2025-11-20,1393,1096,78.68,0.89,Night
3235,5,2025-11-20,925,720,77.84,1.13,Evening
3236,6,2025-11-20,1716,1379,80.36,0.74,Evening
3237,7,2025-11-20,1664,1433,86.12,7.3,Morning
3238,8,2025-11-20,1200,951,79.25,3.93,Morning
3239,9,2025-11-20,1223,954,78.0,3.89,Night
3240,10,2025-11-20,878,711,80.98,5.5,Evening
3241,1,2025-11-21,1711,1443,84.34,5.07,Evening
3242,2,2025-11-21,1627,1302,80.02,1.44,Morning
3243,3,2025-11-21,1725,1384,80.23,5.28,Night
3244,4,2025-11-21,1421,1081,76.07,0.94,Evening
3245,5,2025-11-21,1155,1113,96.36,7.96,Night
3246,6,2025-11-21,1359,1021,75.13,1.27,Night
3247,7,2025-11-21,1060,857,80.85,1.54,Morning
3248,8,2025-11-21,1348,1022,75.82,4.14,Morning
3249,9,2025-11-21,1021,951,93.14,0.92,Morning
3250,10,2025-11-21,830,705,84.94,1.11,Morning
3251,1,2025-11-22,1545,1512,97.86,7.52,Evening
3252,2,2025-11-22,1080,1056,97.78,1.59,Morning
3253,3,2025-11-22,1156,1149,99.39,5.22,Evening
3254,4,2025-11-22,1563,1425,91.17,3.49,Evening
3255,5,2025-11-22,1744,1406,80.62,2.0,Morning
3256,6,2025-11-22,1503,1494,99.4,2.25,Evening
3257,7,2025-11-22,905,827,91.38,6.35,Night
3258,8,2025-11-22,1119,923,82.48,6.35,Night
3259,9,2025-11-22,1299,1195,91.99,7.06,Evening
3260,10,2025-11-22,1410,1196,84.82,6.53,Night
3261,1,2025-11-23,910,837,91.98,3.06,Morning
3262,2,2025-11-23,1380,1215,88.04,2.99,Night
3263,3,2025-11-23,1639,1261,76.94,3.6,Morning
3264,4,2025-11-23,1781,1596,89.61,2.02,Evening
3265,5,2025-11-23,1100,1096,99.64,2.82,Morning
3266,6,2025-11-23,917,733,79.93,6.47,Evening
3267,7,2025-11-23,1609,1301,80.86,2.86,Morning
3268,8,2025-11-23,1020,955,93.63,2.98,Evening
3269,9,2025-11-23,925,695,75.14,2.55,Morning
3270,10,2025-11-23,1534,1318,85.92,1.71,Night
3271,1,2025-11-24,1614,1374,85.13,7.19,Night
3272,2,2025-11-24,867,748,86.27,2.27,Morning
3273,3,2025-11-24,1339,1115,83.27,0.82,Evening
3274,4,2025-11-24,1533,1460,95.24,7.57,Night
3275,5,2025-11-24,876,803,91.67,7.14,Evening
3276,6,2025-11-24,1498,1345,89.79,2.54,Evening
3277,7,2025-11-24,1002,801,79.94,0.4,Evening
3278,8,2025-11-24,1310,1005,76.72,7.92,Evening
3279,9,2025-11-24,922,722,78.31,3.62,Night
3280,10,2025-11-24,1134,1046,92.24,1.89,Morning
3281,1,2025-11-25,1091,827,75.8,5.15,Night
3282,2,2025-11-25,804,721,89.68,2.27,Evening
3283,3,2025-11-25,837,763,91.16,7.34,Morning
3284,4,2025-11-25,1145,866,75.63,0.56,Morning
3285,5,2025-11-25,1649,1646,99.82,3.32,Evening
3286,6,2025-11-25,1081,972,89.92,6.03,Evening
3287,7,2025-11-25,881,802,91.03,6.2,Evening
3288,8,2025-11-25,1427,1094,76.66,3.15,Night
3289,9,2025-11-25,1265,1200,94.86,6.79,Morning
3290,10,2025-11-25,1663,1438,86.47,7.5,Morning
3291,1,2025-11-26,829,678,81.79,0.38,Morning
3292,2,2025-11-26,942,732,77.71,7.95,Night
3293,3,2025-11-26,1541,1378,89.42,1.81,Morning
3294,4,2025-11-26,995,931,93.57,7.22,Evening
3295,5,2025-11-26,1635,1501,91.8,7.92,Night
3296,6,2025-11-26,1688,1292,76.54,2.08,Morning
3297,7,2025-11-26,913,696,76.23,7.58,Morning
3298,8,2025-11-26,1070,970,90.65,5.5,Evening
3299,9,2025-11-26,1076,894,83.09,7.4,Night
3300,10,2025-11-26,1271,1014,79.78,1.01,Morning
3301,1,2025-11-27,1571,1477,94.02,7.1,Evening
3302,2,2025-11-27,1452,1317,90.7,5.35,Night
3303,3,2025-11-27,1340,1128,84.18,4.62,Night
3304,4,2025-11-27,1301,1118,85.93,2.58,Night
3305,5,2025-11-27,1294,1085,83.85,0.73,Evening
3306,6,2025-11-27,1528,1188,77.75,2.82,Morning
3307,7,2025-11-27,1475,1437,97.42,5.88,Morning
3308,8,2025-11-27,1511,1172,77.56,0.6,Evening
3309,9,2025-11-27,861,699,81.18,0.11,Morning
3310,10,2025-11-27,1279,1156,90.38,1.5,Morning
3311,1,2025-11-28,1148,967,84.23,6.51,Night
3312,2,2025-11-28,1326,1154,87.03,6.08,Evening
3313,3,2025-11-28,1525,1375,90.16,5.24,Night
3314,4,2025-11-28,908,714,78.63,1.75,Evening
3315,5,2025-11-28,1194,1126,94.3,6.94,Night
3316,6,2025-11-28,1007,954,94.74,3.2,Morning
3317,7,2025-11-28,1084,1029,94.93,1.31,Evening
3318,8,2025-11-28,1774,1625,91.6,5.19,Morning
3319,9,2025-11-28,1272,1008,79.25,5.96,Morning
3320,10,2025-11-28,816,729,89.34,1.5,Morning
3321,1,2025-11-29,1287,1236,96.04,3.62,Evening
3322,2,2025-11-29,921,830,90.12,0.67,Evening
3323,3,2025-11-29,1017,839,82.5,3.18,Evening
3324,4,2025-11-29,1320,1160,87.88,0.43,Evening
3325,5,2025-11-29,1178,933,79.2,0.39,Evening
3326,6,2025-11-29,1549,1377,88.9,1.55,Morning
3327,7,2025-11-29,1212,999,82.43,4.75,Night
3328,8,2025-11-29,1422,1318,92.69,4.15,Morning
3329,9,2025-11-29,1497,1147,76.62,5.17,Morning
3330,10,2025-11-29,1024,826,80.66,0.43,Morning
3331,1,2025-11-30,1389,1177,84.74,1.91,Night
3332,2,2025-11-30,903,747,82.72,1.81,Night
3333,3,2025-11-30,1516,1503,99.14,3.24,Evening
3334,4,2025-11-30,903,733,81.17,5.87,Night
3335,5,2025-11-30,1074,1058,98.51,1.65,Morning
3336,6,2025-11-30,1155,1013,87.71,5.65,Evening
3337,7,2025-11-30,1551,1164,75.05,0.75,Night
3338,8,2025-11-30,1729,1654,95.66,4.98,Night
3339,9,2025-11-30,1112,956,85.97,1.36,Night
3340,10,2025-11-30,871,695,79.79,1.5,Evening
3341,1,2025-12-01,945,711,75.24,5.33,Evening
3342,2,2025-12-01,1142,866,75.83,1.42,Evening
3343,3,2025-12-01,1702,1315,77.26,1.37,Morning
3344,4,2025-12-01,1408,1236,87.78,7.76,Night
3345,5,2025-12-01,801,725,90.51,6.99,Evening
3346,6,2025-12-01,912,695,76.21,6.55,Night
3347,7,2025-12-01,1496,1270,84.89,6.68,Night
3348,8,2025-12-01,1315,1071,81.44,6.04,Morning
3349,9,2025-12-01,902,753,83.48,6.43,Evening
3350,10,2025-12-01,1263,1198,94.85,5.88,Night
3351,1,2025-12-02,1063,1046,98.4,2.03,Evening
3352,2,2025-12-02,813,699,85.98,2.41,Evening
3353,3,2025-12-02,1712,1549,90.48,6.2,Night
3354,4,2025-12-02,1295,1028,79.38,2.16,Night
3355,5,2025-12-02,1545,1485,96.12,0.17,Evening
3356,6,2025-12-02,1676,1369,81.68,5.27,Morning
3357,7,2025-12-02,1165,1127,96.74,0.25,Night
3358,8,2025-12-02,1558,1524,97.82,7.79,Evening
3359,9,2025-12-02,1011,948,93.77,0.71,Evening
3360,10,2025-12-02,1454,1145,78.75,7.72,Night
3361,1,2025-12-03,1495,1399,93.58,7.19,Evening
3362,2,2025-12-03,1781,1604,90.06,1.4,Night
3363,3,2025-12-03,1157,1036,89.54,3.13,Evening
3364,4,2025-12-03,1767,1466,82.97,2.47,Morning
3365,5,2025-12-03,1393,1310,94.04,5.61,Night
3366,6,2025-12-03,925,803,86.81,6.36,Night
3367,7,2025-12-03,1791,1748,97.6,6.34,Evening
3368,8,2025-12-03,912,686,75.22,3.99,Night
3369,9,2025-12-03,950,831,87.47,5.45,Night
3370,10,2025-12-03,1789,1489,83.23,4.99,Night
3371,1,2025-12-04,966,801,82.92,3.89,Morning
3372,2,2025-12-04,1618,1363,84.24,0.12,Morning
3373,3,2025-12-04,1022,910,89.04,6.6,Morning
3374,4,2025-12-04,854,765,89.58,2.45,Evening
3375,5,2025-12-04,1160,870,75.0,0.4,Morning
3376,6,2025-12-04,1158,1013,87.48,6.28,Night
3377,7,2025-12-04,1481,1397,94.33,1.24,Morning
3378,8,2025-12-04,1530,1285,83.99,1.14,Night
3379,9,2025-12-04,1001,860,85.91,4.68,Morning
3380,10,2025-12-04,1097,934,85.14,0.26,Evening
3381,1,2025-12-05,1054,987,93.64,3.38,Morning
3382,2,2025-12-05,1714,1418,82.73,7.36,Night
3383,3,2025-12-05,1118,926,82.83,4.51,Night
3384,4,2025-12-05,1696,1437,84.73,6.44,Morning
3385,5,2025-12-05,1499,1226,81.79,2.0,Evening
3386,6,2025-12-05,1367,1127,82.44,2.41,Morning
3387,7,2025-12-05,1104,1064,96.38,4.37,Evening
3388,8,2025-12-05,1601,1423,88.88,0.77,Night
3389,9,2025-12-05,1252,1099,87.78,4.03,Night
3390,10,2025-12-05,1529,1329,86.92,3.75,Evening
3391,1,2025-12-06,1277,1172,91.78,7.69,Evening
3392,2,2025-12-06,828,764,92.27,0.21,Evening
3393,3,2025-12-06,890,860,96.63,1.12,Evening
3394,4,2025-12-06,1605,1327,82.68,4.64,Evening
3395,5,2025-12-06,930,855,91.94,4.35,Night
3396,6,2025-12-06,1698,1423,83.8,0.43,Evening
3397,7,2025-12-06,928,799,86.1,5.36,Evening
3398,8,2025-12-06,1626,1609,98.95,7.0,Evening
3399,9,2025-12-06,1659,1271,76.61,0.68,Evening
3400,10,2025-12-06,1649,1568,95.09,0.86,Night
3401,1,2025-12-07,899,884,98.33,2.32,Evening
3402,2,2025-12-07,1507,1299,86.2,6.91,Morning
3403,3,2025-12-07,1558,1467,94.16,5.4,Night
3404,4,2025-12-07,1534,1177,76.73,5.61,Night
3405,5,2025-12-07,947,853,90.07,5.92,Evening
3406,6,2025-12-07,939,761,81.04,7.16,Night
3407,7,2025-12-07,1672,1333,79.72,2.41,Evening
3408,8,2025-12-07,1536,1155,75.2,6.44,Night
3409,9,2025-12-07,1504,1230,81.78,0.92,Morning
3410,10,2025-12-07,956,871,91.11,7.04,Night
3411,1,2025-12-08,899,737,81.98,1.63,Evening
3412,2,2025-12-08,825,747,90.55,3.55,Morning
3413,3,2025-12-08,1748,1373,78.55,2.4,Evening
3414,4,2025-12-08,988,950,96.15,1.88,Night
3415,5,2025-12-08,1066,1023,95.97,6.87,Night
3416,6,2025-12-08,926,804,86.83,1.17,Morning
3417,7,2025-12-08,989,777,78.56,6.55,Night
3418,8,2025-12-08,1046,871,83.27,4.09,Night
3419,9,2025-12-08,1359,1121,82.49,3.81,Evening
3420,10,2025-12-08,1096,873,79.65,7.67,Evening
3421,1,2025-12-09,1176,1022,86.9,3.13,Night
3422,2,2025-12-09,1619,1268,78.32,3.71,Evening
3423,3,2025-12-09,951,720,75.71,2.27,Morning
3424,4,2025-12-09,1377,1231,89.4,0.09,Evening
3425,5,2025-12-09,834,790,94.72,5.2,Night
3426,6,2025-12-09,1434,1302,90.79,0.34,Evening
3427,7,2025-12-09,1785,1409,78.94,3.74,Night
3428,8,2025-12-09,1269,1092,86.05,0.07,Morning
3429,9,2025-12-09,1166,1130,96.91,6.85,Night
3430,10,2025-12-09,1015,850,83.74,7.22,Night
3431,1,2025-12-10,1199,1161,96.83,0.5,Night
3432,2,2025-12-10,955,806,84.4,5.25,Night
3433,3,2025-12-10,1147,1095,95.47,5.72,Morning
3434,4,2025-12-10,1085,968,89.22,7.39,Morning
3435,5,2025-12-10,1738,1732,99.65,5.16,Evening
3436,6,2025-12-10,1785,1579,88.46,4.85,Morning
3437,7,2025-12-10,1389,1300,93.59,6.2,Night
3438,8,2025-12-10,1065,864,81.13,5.58,Night
3439,9,2025-12-10,1778,1630,91.68,2.78,Night
3440,10,2025-12-10,1649,1442,87.45,0.54,Morning
3441,1,2025-12-11,1672,1629,97.43,1.27,Morning
3442,2,2025-12-11,1481,1164,78.6,4.0,Night
3443,3,2025-12-11,1287,1130,87.8,6.08,Night
3444,4,2025-12-11,1614,1331,82.47,0.84,Morning
3445,5,2025-12-11,1545,1354,87.64,6.05,Evening
3446,6,2025-12-11,1744,1340,76.83,0.5,Evening
3447,7,2025-12-11,917,696,75.9,6.77,Morning
3448,8,2025-12-11,1252,1130,90.26,4.85,Morning
3449,9,2025-12-11,1745,1397,80.06,2.57,Night
3450,10,2025-12-11,1260,1138,90.32,1.07,Night
3451,1,2025-12-12,1387,1324,95.46,1.6,Evening
3452,2,2025-12-12,1302,1200,92.17,5.43,Morning
3453,3,2025-12-12,1006,943,93.74,1.3,Night
3454,4,2025-12-12,1628,1625,99.82,1.54,Night
3455,5,2025-12-12,824,779,94.54,7.68,Morning
3456,6,2025-12-12,1008,764,75.79,6.48,Morning
3457,7,2025-12-12,1168,1084,92.81,4.55,Morning
3458,8,2025-12-12,1148,955,83.19,5.46,Night
3459,9,2025-12-12,1457,1362,93.48,3.97,Morning
3460,10,2025-12-12,1384,1280,92.49,4.01,Evening
3461,1,2025-12-13,1433,1360,94.91,6.83,Morning
3462,2,2025-12-13,1249,1154,92.39,5.0,Morning
3463,3,2025-12-13,1382,1076,77.86,1.02,Night
3464,4,2025-12-13,1105,879,79.55,0.94,Morning
3465,5,2025-12-13,852,792,92.96,4.32,Morning
3466,6,2025-12-13,1029,919,89.31,7.38,Evening
3467,7,2025-12-13,1199,1082,90.24,0.54,Morning
3468,8,2025-12-13,1791,1490,83.19,0.6,Night
3469,9,2025-12-13,1047,1041,99.43,2.5,Night
3470,10,2025-12-13,858,782,91.14,5.58,Morning
3471,1,2025-12-14,1396,1288,92.26,7.5,Evening
3472,2,2025-12-14,1468,1116,76.02,0.26,Evening
3473,3,2025-12-14,1067,902,84.54,2.68,Morning
3474,4,2025-12-14,942,758,80.47,4.38,Night
3475,5,2025-12-14,1137,883,77.66,1.88,Morning
3476,6,2025-12-14,1624,1506,92.73,7.23,Night
3477,7,2025-12-14,1655,1632,98.61,6.46,Evening
3478,8,2025-12-14,872,760,87.16,4.79,Night
3479,9,2025-12-14,1751,1354,77.33,7.1,Evening
3480,10,2025-12-14,1769,1392,78.69,2.16,Morning
3481,1,2025-12-15,906,688,75.94,3.97,Morning
3482,2,2025-12-15,1465,1277,87.17,3.45,Evening
3483,3,2025-12-15,1600,1316,82.25,0.17,Morning
3484,4,2025-12-15,826,817,98.91,6.25,Morning
3485,5,2025-12-15,1347,1321,98.07,6.88,Night
3486,6,2025-12-15,1500,1134,75.6,4.42,Morning
3487,7,2025-12-15,1196,1090,91.14,5.56,Evening
3488,8,2025-12-15,1518,1356,89.33,4.4,Morning
3489,9,2025-12-15,1248,996,79.81,7.18,Evening
3490,10,2025-12-15,1160,969,83.53,2.75,Morning
3491,1,2025-12-16,1043,900,86.29,0.74,Morning
3492,2,2025-12-16,1032,985,95.45,5.98,Night
3493,3,2025-12-16,1381,1058,76.61,7.93,Morning
3494,4,2025-12-16,1694,1638,96.69,2.0,Morning
3495,5,2025-12-16,878,672,76.54,1.01,Morning
3496,6,2025-12-16,1089,838,76.95,2.51,Night
3497,7,2025-12-16,1470,1227,83.47,7.98,Morning
3498,8,2025-12-16,1420,1268,89.3,3.83,Morning
3499,9,2025-12-16,1472,1143,77.65,0.61,Night
3500,10,2025-12-16,1010,883,87.43,5.64,Evening
3501,1,2025-12-17,1719,1401,81.5,3.55,Evening
3502,2,2025-12-17,1764,1510,85.6,6.24,Evening
3503,3,2025-12-17,1689,1600,94.73,1.95,Evening
3504,4,2025-12-17,1126,1121,99.56,4.03,Morning
3505,5,2025-12-17,1154,1075,93.15,5.64,Night
3506,6,2025-12-17,1297,1115,85.97,0.63,Morning
3507,7,2025-12-17,1661,1511,90.97,1.84,Night
3508,8,2025-12-17,1366,1131,82.8,0.98,Night
3509,9,2025-12-17,1635,1629,99.63,1.14,Morning
3510,10,2025-12-17,1515,1361,89.83,5.2,Evening
3511,1,2025-12-18,1775,1389,78.25,0.17,Morning
3512,2,2025-12-18,1076,949,88.2,4.71,Evening
3513,3,2025-12-18,1647,1278,77.6,0.48,Night
3514,4,2025-12-18,1193,1147,96.14,0.15,Evening
3515,5,2025-12-18,1193,1121,93.96,0.36,Morning
3516,6,2025-12-18,1188,985,82.91,5.28,Night
3517,7,2025-12-18,853,808,94.72,2.44,Night
3518,8,2025-12-18,1581,1363,86.21,7.5,Night
3519,9,2025-12-18,1572,1351,85.94,7.38,Evening
3520,10,2025-12-18,1629,1606,98.59,4.73,Morning
3521,1,2025-12-19,1149,1083,94.26,6.93,Night
3522,2,2025-12-19,1750,1688,96.46,6.02,Morning
3523,3,2025-12-19,1366,1222,89.46,7.62,Night
3524,4,2025-12-19,1094,1093,99.91,3.71,Night
3525,5,2025-12-19,1536,1442,93.88,6.15,Evening
3526,6,2025-12-19,966,821,84.99,3.74,Morning
3527,7,2025-12-19,935,933,99.79,0.12,Night
3528,8,2025-12-19,1773,1469,82.85,0.68,Morning
3529,9,2025-12-19,1589,1468,92.39,2.37,Night
3530,10,2025-12-19,1204,922,76.58,4.92,Evening
3531,1,2025-12-20,1075,934,86.88,6.26,Night
3532,2,2025-12-20,812,640,78.82,2.46,Night
3533,3,2025-12-20,1128,981,86.97,6.78,Evening
3534,4,2025-12-20,1273,962,75.57,3.52,Evening
3535,5,2025-12-20,837,718,85.78,3.84,Night
3536,6,2025-12-20,1023,976,95.41,0.47,Morning
3537,7,2025-12-20,1083,972,89.75,7.63,Evening
3538,8,2025-12-20,984,804,81.71,6.13,Evening
3539,9,2025-12-20,1065,1051,98.69,1.02,Night
3540,10,2025-12-20,978,770,78.73,6.97,Night
3541,1,2025-12-21,850,696,81.88,0.92,Morning
3542,2,2025-12-21,988,916,92.71,4.05,Evening
3543,3,2025-12-21,1393,1206,86.58,0.34,Night
3544,4,2025-12-21,1033,805,77.93,7.61,Evening
3545,5,2025-12-21,1798,1479,82.26,0.13,Evening
3546,6,2025-12-21,1353,1036,76.57,4.8,Evening
3547,7,2025-12-21,911,702,77.06,4.06,Morning
3548,8,2025-12-21,1323,1031,77.93,1.9,Evening
3549,9,2025-12-21,1384,1228,88.73,6.63,Night
3550,10,2025-12-21,1225,954,77.88,5.14,Evening
3551,1,2025-12-22,946,715,75.58,2.61,Evening
3552,2,2025-12-22,1143,1065,93.18,7.18,Evening
3553,3,2025-12-22,1281,1110,86.65,4.98,Morning
3554,4,2025-12-22,1177,904,76.81,2.33,Morning
3555,5,2025-12-22,1733,1601,92.38,0.2,Night
3556,6,2025-12-22,1016,968,95.28,2.5,Night
3557,7,2025-12-22,1599,1578,98.69,4.07,Night
3558,8,2025-12-22,1529,1322,86.46,7.52,Evening
3559,9,2025-12-22,1650,1535,93.03,0.26,Night
3560,10,2025-12-22,953,811,85.1,6.1,Night
3561,1,2025-12-23,880,679,77.16,7.67,Morning
3562,2,2025-12-23,1378,1290,93.61,7.98,Night
3563,3,2025-12-23,1361,1234,90.67,4.31,Morning
3564,4,2025-12-23,1667,1520,91.18,6.39,Night
3565,5,2025-12-23,1283,1230,95.87,4.16,Evening
3566,6,2025-12-23,1075,905,84.19,6.69,Evening
3567,7,2025-12-23,1732,1423,82.16,2.63,Evening
3568,8,2025-12-23,1036,1010,97.49,2.52,Morning
3569,9,2025-12-23,1509,1254,83.1,3.56,Evening
3570,10,2025-12-23,1170,917,78.38,2.82,Night
3571,1,2025-12-24,878,750,85.42,5.23,Night
3572,2,2025-12-24,1035,1005,97.1,6.29,Morning
3573,3,2025-12-24,1383,1101,79.61,7.41,Morning
3574,4,2025-12-24,1595,1404,88.03,5.39,Night
3575,5,2025-12-24,941,860,91.39,2.08,Evening
3576,6,2025-12-24,1149,1021,88.86,0.94,Evening
3577,7,2025-12-24,1231,1181,95.94,7.87,Night
3578,8,2025-12-24,1306,1302,99.69,7.05,Morning
3579,9,2025-12-24,1721,1382,80.3,7.01,Morning
3580,10,2025-12-24,970,757,78.04,3.35,Night
3581,1,2025-12-25,1528,1386,90.71,5.94,Morning
3582,2,2025-12-25,1690,1284,75.98,6.67,Morning
3583,3,2025-12-25,1506,1214,80.61,7.92,Morning
3584,4,2025-12-25,1327,1266,95.4,7.35,Evening
3585,5,2025-12-25,1162,936,80.55,3.22,Night
3586,6,2025-12-25,1047,935,89.3,0.95,Evening
3587,7,2025-12-25,1405,1364,97.08,4.93,Night
3588,8,2025-12-25,846,652,77.07,5.91,Evening
3589,9,2025-12-25,1772,1558,87.92,7.29,Night
3590,10,2025-12-25,1260,1168,92.7,2.31,Evening
3591,1,2025-12-26,1516,1205,79.49,5.87,Night
3592,2,2025-12-26,1584,1489,94.0,7.33,Night
3593,3,2025-12-26,885,701,79.21,7.16,Night
3594,4,2025-12-26,1407,1244,88.42,5.39,Evening
3595,5,2025-12-26,1188,1055,88.8,3.51,Night
3596,6,2025-12-26,1539,1455,94.54,2.23,Morning
3597,7,2025-12-26,1037,929,89.59,3.95,Morning
3598,8,2025-12-26,1377,1297,94.19,7.18,Night
3599,9,2025-12-26,1320,1208,91.52,2.28,Evening
3600,10,2025-12-26,1126,935,83.04,7.63,Morning
3601,1,2025-12-27,1633,1600,97.98,7.06,Night
3602,2,2025-12-27,1015,871,85.81,4.15,Night
3603,3,2025-12-27,1700,1590,93.53,2.51,Evening
3604,4,2025-12-27,1091,902,82.68,0.95,Evening
3605,5,2025-12-27,1298,1197,92.22,1.79,Morning
3606,6,2025-12-27,1095,953,87.03,7.91,Morning
3607,7,2025-12-27,1746,1427,81.73,5.33,Morning
3608,8,2025-12-27,898,725,80.73,4.42,Night
3609,9,2025-12-27,1572,1265,80.47,0.22,Morning
3610,10,2025-12-27,1782,1612,90.46,4.3,Morning
3611,1,2025-12-28,806,729,90.45,6.66,Morning
3612,2,2025-12-28,1178,987,83.79,2.25,Night
3613,3,2025-12-28,1236,1154,93.37,4.17,Evening
3614,4,2025-12-28,1102,882,80.04,5.73,Morning
3615,5,2025-12-28,1255,1162,92.59,3.95,Morning
3616,6,2025-12-28,1685,1333,79.11,7.94,Night
3617,7,2025-12-28,1484,1172,78.98,7.75,Morning
3618,8,2025-12-28,1562,1284,82.2,5.82,Evening
3619,9,2025-12-28,960,849,88.44,2.68,Evening
3620,10,2025-12-28,1445,1345,93.08,5.38,Morning
3621,1,2025-12-29,1523,1494,98.1,2.52,Morning
3622,2,2025-12-29,1243,983,79.08,7.46,Night
3623,3,2025-12-29,1125,940,83.56,6.73,Night
3624,4,2025-12-29,1657,1562,94.27,0.29,Night
3625,5,2025-12-29,1442,1085,75.24,1.97,Night
3626,6,2025-12-29,1185,1000,84.39,5.39,Evening
3627,7,2025-12-29,1281,1037,80.95,3.88,Morning
3628,8,2025-12-29,1551,1417,91.36,2.26,Morning
3629,9,2025-12-29,1450,1132,78.07,7.61,Night
3630,10,2025-12-29,1567,1284,81.94,0.03,Morning
3631,1,2025-12-30,1302,1261,96.85,4.89,Night
3632,2,2025-12-30,982,745,75.87,3.35,Evening
3633,3,2025-12-30,1428,1265,88.59,5.05,Morning
3634,4,2025-12-30,1453,1267,87.2,3.87,Night
3635,5,2025-12-30,1777,1424,80.14,7.02,Morning
3636,6,2025-12-30,1696,1421,83.79,5.34,Evening
3637,7,2025-12-30,1615,1533,94.92,3.14,Evening
3638,8,2025-12-30,1356,1263,93.14,2.36,Morning
3639,9,2025-12-30,915,911,99.56,7.17,Evening
3640,10,2025-12-30,1229,1149,93.49,2.6,Night
3641,1,2025-12-31,1235,985,79.76,1.41,Evening
3642,2,2025-12-31,1476,1165,78.93,2.78,Evening
3643,3,2025-12-31,1521,1205,79.22,6.19,Evening
3644,4,2025-12-31,1660,1657,99.82,6.91,Night
3645,5,2025-12-31,1221,1035,84.77,0.23,Evening
3646,6,2025-12-31,1319,1099,83.32,7.12,Evening
3647,7,2025-12-31,862,789,91.53,6.17,Evening
3648,8,2025-12-31,1491,1280,85.85,3.29,Evening
3649,9,2025-12-31,1235,1130,91.5,2.09,Morning
3650,10,2025-12-31,1074,1053,98.04,5.83,Evening
