quality_record_id,production_record_id,inspection_date,total_units_inspected,defective_units,defect_rate,quality_status
1,1,2025-01-01,169,10,5.92,Poor
2,2,2025-01-01,65,3,4.62,Warning
3,3,2025-01-01,80,4,5.0,Warning
4,4,2025-01-01,179,13,7.26,Poor
5,5,2025-01-01,171,13,7.6,Poor
6,6,2025-01-01,186,11,5.91,Poor
7,7,2025-01-01,62,0,0.0,Good
8,8,2025-01-01,190,14,7.37,Poor
9,9,2025-01-01,66,3,4.55,Warning
10,10,2025-01-01,148,10,6.76,Poor
11,11,2025-01-02,199,6,3.02,Warning
12,12,2025-01-02,118,1,0.85,Good
13,13,2025-01-02,64,2,3.12,Warning
14,14,2025-01-02,137,6,4.38,Warning
15,15,2025-01-02,174,12,6.9,Poor
16,16,2025-01-02,92,4,4.35,Warning
17,17,2025-01-02,82,3,3.66,Warning
18,18,2025-01-02,120,2,1.67,Good
19,19,2025-01-02,58,3,5.17,Poor
20,20,2025-01-02,181,14,7.73,Poor
21,21,2025-01-03,125,2,1.6,Good
22,22,2025-01-03,168,1,0.6,Good
23,23,2025-01-03,167,10,5.99,Poor
24,24,2025-01-03,66,1,1.52,Good
25,25,2025-01-03,162,5,3.09,Warning
26,26,2025-01-03,152,12,7.89,Poor
27,27,2025-01-03,128,8,6.25,Poor
28,28,2025-01-03,157,7,4.46,Warning
29,29,2025-01-03,78,2,2.56,Good
30,30,2025-01-03,106,6,5.66,Poor
31,31,2025-01-04,120,8,6.67,Poor
32,32,2025-01-04,197,7,3.55,Warning
33,33,2025-01-04,146,1,0.68,Good
34,34,2025-01-04,168,5,2.98,Good
35,35,2025-01-04,52,4,7.69,Poor
36,36,2025-01-04,181,10,5.52,Poor
37,37,2025-01-04,172,11,6.4,Poor
38,38,2025-01-04,53,0,0.0,Good
39,39,2025-01-04,89,5,5.62,Poor
40,40,2025-01-04,77,4,5.19,Poor
41,41,2025-01-05,192,5,2.6,Good
42,42,2025-01-05,192,3,1.56,Good
43,43,2025-01-05,150,0,0.0,Good
44,44,2025-01-05,92,5,5.43,Poor
45,45,2025-01-05,113,3,2.65,Good
46,46,2025-01-05,117,4,3.42,Warning
47,47,2025-01-05,67,0,0.0,Good
48,48,2025-01-05,50,1,2.0,Good
49,49,2025-01-05,94,0,0.0,Good
50,50,2025-01-05,68,1,1.47,Good
51,51,2025-01-06,194,4,2.06,Good
52,52,2025-01-06,68,3,4.41,Warning
53,53,2025-01-06,56,4,7.14,Poor
54,54,2025-01-06,85,1,1.18,Good
55,55,2025-01-06,185,13,7.03,Poor
56,56,2025-01-06,98,7,7.14,Poor
57,57,2025-01-06,50,4,8.0,Poor
58,58,2025-01-06,174,2,1.15,Good
59,59,2025-01-06,157,3,1.91,Good
60,60,2025-01-06,111,2,1.8,Good
61,61,2025-01-07,194,6,3.09,Warning
62,62,2025-01-07,106,0,0.0,Good
63,63,2025-01-07,53,1,1.89,Good
64,64,2025-01-07,102,2,1.96,Good
65,65,2025-01-07,188,10,5.32,Poor
66,66,2025-01-07,91,1,1.1,Good
67,67,2025-01-07,86,2,2.33,Good
68,68,2025-01-07,52,0,0.0,Good
69,69,2025-01-07,149,2,1.34,Good
70,70,2025-01-07,83,2,2.41,Good
71,71,2025-01-08,74,3,4.05,Warning
72,72,2025-01-08,127,8,6.3,Poor
73,73,2025-01-08,153,0,0.0,Good
74,74,2025-01-08,55,3,5.45,Poor
75,75,2025-01-08,118,9,7.63,Poor
76,76,2025-01-08,181,8,4.42,Warning
77,77,2025-01-08,90,4,4.44,Warning
78,78,2025-01-08,166,11,6.63,Poor
79,79,2025-01-08,161,9,5.59,Poor
80,80,2025-01-08,56,1,1.79,Good
81,81,2025-01-09,53,1,1.89,Good
82,82,2025-01-09,168,6,3.57,Warning
83,83,2025-01-09,199,0,0.0,Good
84,84,2025-01-09,118,5,4.24,Warning
85,85,2025-01-09,61,4,6.56,Poor
86,86,2025-01-09,97,0,0.0,Good
87,87,2025-01-09,93,6,6.45,Poor
88,88,2025-01-09,83,3,3.61,Warning
89,89,2025-01-09,191,5,2.62,Good
90,90,2025-01-09,175,2,1.14,Good
91,91,2025-01-10,134,3,2.24,Good
92,92,2025-01-10,197,6,3.05,Warning
93,93,2025-01-10,175,4,2.29,Good
94,94,2025-01-10,130,3,2.31,Good
95,95,2025-01-10,163,4,2.45,Good
96,96,2025-01-10,63,0,0.0,Good
97,97,2025-01-10,97,6,6.19,Poor
98,98,2025-01-10,188,8,4.26,Warning
99,99,2025-01-10,59,4,6.78,Poor
100,100,2025-01-10,138,6,4.35,Warning
101,101,2025-01-11,124,3,2.42,Good
102,102,2025-01-11,86,5,5.81,Poor
103,103,2025-01-11,52,3,5.77,Poor
104,104,2025-01-11,134,9,6.72,Poor
105,105,2025-01-11,108,1,0.93,Good
106,106,2025-01-11,87,2,2.3,Good
107,107,2025-01-11,182,3,1.65,Good
108,108,2025-01-11,186,14,7.53,Poor
109,109,2025-01-11,95,7,7.37,Poor
110,110,2025-01-11,62,3,4.84,Warning
111,111,2025-01-12,130,4,3.08,Warning
112,112,2025-01-12,136,7,5.15,Poor
113,113,2025-01-12,110,4,3.64,Warning
114,114,2025-01-12,192,10,5.21,Poor
115,115,2025-01-12,119,1,0.84,Good
116,116,2025-01-12,105,2,1.9,Good
117,117,2025-01-12,109,6,5.5,Poor
118,118,2025-01-12,147,1,0.68,Good
119,119,2025-01-12,156,2,1.28,Good
120,120,2025-01-12,144,2,1.39,Good
121,121,2025-01-13,107,0,0.0,Good
122,122,2025-01-13,191,2,1.05,Good
123,123,2025-01-13,168,3,1.79,Good
124,124,2025-01-13,99,4,4.04,Warning
125,125,2025-01-13,126,5,3.97,Warning
126,126,2025-01-13,87,6,6.9,Poor
127,127,2025-01-13,53,2,3.77,Warning
128,128,2025-01-13,141,2,1.42,Good
129,129,2025-01-13,121,2,1.65,Good
130,130,2025-01-13,65,2,3.08,Warning
131,131,2025-01-14,92,6,6.52,Poor
132,132,2025-01-14,175,3,1.71,Good
133,133,2025-01-14,182,10,5.49,Poor
134,134,2025-01-14,180,9,5.0,Warning
135,135,2025-01-14,53,3,5.66,Poor
136,136,2025-01-14,146,11,7.53,Poor
137,137,2025-01-14,79,1,1.27,Good
138,138,2025-01-14,80,5,6.25,Poor
139,139,2025-01-14,190,15,7.89,Poor
140,140,2025-01-14,148,3,2.03,Good
141,141,2025-01-15,136,4,2.94,Good
142,142,2025-01-15,60,0,0.0,Good
143,143,2025-01-15,93,2,2.15,Good
144,144,2025-01-15,52,1,1.92,Good
145,145,2025-01-15,161,12,7.45,Poor
146,146,2025-01-15,166,8,4.82,Warning
147,147,2025-01-15,192,13,6.77,Poor
148,148,2025-01-15,199,11,5.53,Poor
149,149,2025-01-15,76,1,1.32,Good
150,150,2025-01-15,172,11,6.4,Poor
151,151,2025-01-16,50,2,4.0,Warning
152,152,2025-01-16,175,0,0.0,Good
153,153,2025-01-16,90,7,7.78,Poor
154,154,2025-01-16,98,0,0.0,Good
155,155,2025-01-16,109,8,7.34,Poor
156,156,2025-01-16,96,0,0.0,Good
157,157,2025-01-16,63,0,0.0,Good
158,158,2025-01-16,59,1,1.69,Good
159,159,2025-01-16,200,0,0.0,Good
160,160,2025-01-16,72,0,0.0,Good
161,161,2025-01-17,65,4,6.15,Poor
162,162,2025-01-17,62,0,0.0,Good
163,163,2025-01-17,195,5,2.56,Good
164,164,2025-01-17,193,5,2.59,Good
165,165,2025-01-17,78,6,7.69,Poor
166,166,2025-01-17,50,1,2.0,Good
167,167,2025-01-17,189,15,7.94,Poor
168,168,2025-01-17,180,1,0.56,Good
169,169,2025-01-17,135,1,0.74,Good
170,170,2025-01-17,124,1,0.81,Good
171,171,2025-01-18,169,8,4.73,Warning
172,172,2025-01-18,198,5,2.53,Good
173,173,2025-01-18,158,5,3.16,Warning
174,174,2025-01-18,123,0,0.0,Good
175,175,2025-01-18,70,3,4.29,Warning
176,176,2025-01-18,95,4,4.21,Warning
177,177,2025-01-18,85,4,4.71,Warning
178,178,2025-01-18,140,10,7.14,Poor
179,179,2025-01-18,143,5,3.5,Warning
180,180,2025-01-18,106,8,7.55,Poor
181,181,2025-01-19,173,0,0.0,Good
182,182,2025-01-19,196,15,7.65,Poor
183,183,2025-01-19,198,2,1.01,Good
184,184,2025-01-19,131,10,7.63,Poor
185,185,2025-01-19,127,2,1.57,Good
186,186,2025-01-19,94,0,0.0,Good
187,187,2025-01-19,142,8,5.63,Poor
188,188,2025-01-19,101,2,1.98,Good
189,189,2025-01-19,183,3,1.64,Good
190,190,2025-01-19,170,1,0.59,Good
191,191,2025-01-20,145,8,5.52,Poor
192,192,2025-01-20,173,5,2.89,Good
193,193,2025-01-20,129,4,3.1,Warning
194,194,2025-01-20,153,3,1.96,Good
195,195,2025-01-20,96,4,4.17,Warning
196,196,2025-01-20,88,4,4.55,Warning
197,197,2025-01-20,150,6,4.0,Warning
198,198,2025-01-20,64,2,3.12,Warning
199,199,2025-01-20,174,2,1.15,Good
200,200,2025-01-20,115,8,6.96,Poor
201,201,2025-01-21,118,2,1.69,Good
202,202,2025-01-21,97,0,0.0,Good
203,203,2025-01-21,55,0,0.0,Good
204,204,2025-01-21,77,5,6.49,Poor
205,205,2025-01-21,124,3,2.42,Good
206,206,2025-01-21,75,0,0.0,Good
207,207,2025-01-21,67,3,4.48,Warning
208,208,2025-01-21,65,4,6.15,Poor
209,209,2025-01-21,163,11,6.75,Poor
210,210,2025-01-21,56,3,5.36,Poor
211,211,2025-01-22,167,10,5.99,Poor
212,212,2025-01-22,61,2,3.28,Warning
213,213,2025-01-22,112,0,0.0,Good
214,214,2025-01-22,91,4,4.4,Warning
215,215,2025-01-22,77,4,5.19,Poor
216,216,2025-01-22,105,5,4.76,Warning
217,217,2025-01-22,58,4,6.9,Poor
218,218,2025-01-22,53,2,3.77,Warning
219,219,2025-01-22,118,2,1.69,Good
220,220,2025-01-22,102,3,2.94,Good
221,221,2025-01-23,139,7,5.04,Poor
222,222,2025-01-23,122,1,0.82,Good
223,223,2025-01-23,141,1,0.71,Good
224,224,2025-01-23,190,3,1.58,Good
225,225,2025-01-23,110,4,3.64,Warning
226,226,2025-01-23,95,1,1.05,Good
227,227,2025-01-23,142,1,0.7,Good
228,228,2025-01-23,121,7,5.79,Poor
229,229,2025-01-23,111,0,0.0,Good
230,230,2025-01-23,133,3,2.26,Good
231,231,2025-01-24,168,9,5.36,Poor
232,232,2025-01-24,198,3,1.52,Good
233,233,2025-01-24,138,10,7.25,Poor
234,234,2025-01-24,135,7,5.19,Poor
235,235,2025-01-24,88,7,7.95,Poor
236,236,2025-01-24,149,8,5.37,Poor
237,237,2025-01-24,127,10,7.87,Poor
238,238,2025-01-24,75,4,5.33,Poor
239,239,2025-01-24,76,3,3.95,Warning
240,240,2025-01-24,82,5,6.1,Poor
241,241,2025-01-25,192,5,2.6,Good
242,242,2025-01-25,149,1,0.67,Good
243,243,2025-01-25,100,6,6.0,Poor
244,244,2025-01-25,86,2,2.33,Good
245,245,2025-01-25,109,4,3.67,Warning
246,246,2025-01-25,80,4,5.0,Warning
247,247,2025-01-25,71,3,4.23,Warning
248,248,2025-01-25,100,5,5.0,Warning
249,249,2025-01-25,194,7,3.61,Warning
250,250,2025-01-25,88,5,5.68,Poor
251,251,2025-01-26,128,4,3.12,Warning
252,252,2025-01-26,57,2,3.51,Warning
253,253,2025-01-26,131,4,3.05,Warning
254,254,2025-01-26,148,3,2.03,Good
255,255,2025-01-26,85,0,0.0,Good
256,256,2025-01-26,191,5,2.62,Good
257,257,2025-01-26,163,0,0.0,Good
258,258,2025-01-26,52,3,5.77,Poor
259,259,2025-01-26,85,3,3.53,Warning
260,260,2025-01-26,191,13,6.81,Poor
261,261,2025-01-27,74,0,0.0,Good
262,262,2025-01-27,192,9,4.69,Warning
263,263,2025-01-27,126,7,5.56,Poor
264,264,2025-01-27,157,0,0.0,Good
265,265,2025-01-27,175,7,4.0,Warning
266,266,2025-01-27,180,13,7.22,Poor
267,267,2025-01-27,199,12,6.03,Poor
268,268,2025-01-27,90,6,6.67,Poor
269,269,2025-01-27,177,4,2.26,Good
270,270,2025-01-27,105,3,2.86,Good
271,271,2025-01-28,100,8,8.0,Poor
272,272,2025-01-28,183,12,6.56,Poor
273,273,2025-01-28,137,2,1.46,Good
274,274,2025-01-28,131,8,6.11,Poor
275,275,2025-01-28,181,0,0.0,Good
276,276,2025-01-28,128,9,7.03,Poor
277,277,2025-01-28,151,11,7.28,Poor
278,278,2025-01-28,91,5,5.49,Poor
279,279,2025-01-28,92,5,5.43,Poor
280,280,2025-01-28,132,8,6.06,Poor
281,281,2025-01-29,57,1,1.75,Good
282,282,2025-01-29,78,6,7.69,Poor
283,283,2025-01-29,133,3,2.26,Good
284,284,2025-01-29,135,3,2.22,Good
285,285,2025-01-29,66,5,7.58,Poor
286,286,2025-01-29,99,1,1.01,Good
287,287,2025-01-29,104,5,4.81,Warning
288,288,2025-01-29,83,0,0.0,Good
289,289,2025-01-29,127,8,6.3,Poor
290,290,2025-01-29,135,10,7.41,Poor
291,291,2025-01-30,173,5,2.89,Good
292,292,2025-01-30,69,3,4.35,Warning
293,293,2025-01-30,118,3,2.54,Good
294,294,2025-01-30,66,4,6.06,Poor
295,295,2025-01-30,97,6,6.19,Poor
296,296,2025-01-30,82,0,0.0,Good
297,297,2025-01-30,200,14,7.0,Poor
298,298,2025-01-30,113,1,0.88,Good
299,299,2025-01-30,126,5,3.97,Warning
300,300,2025-01-30,165,2,1.21,Good
301,301,2025-01-31,159,10,6.29,Poor
302,302,2025-01-31,144,4,2.78,Good
303,303,2025-01-31,97,5,5.15,Poor
304,304,2025-01-31,181,10,5.52,Poor
305,305,2025-01-31,158,11,6.96,Poor
306,306,2025-01-31,150,0,0.0,Good
307,307,2025-01-31,80,4,5.0,Warning
308,308,2025-01-31,117,6,5.13,Poor
309,309,2025-01-31,76,0,0.0,Good
310,310,2025-01-31,158,0,0.0,Good
311,311,2025-02-01,187,1,0.53,Good
312,312,2025-02-01,54,3,5.56,Poor
313,313,2025-02-01,126,10,7.94,Poor
314,314,2025-02-01,136,2,1.47,Good
315,315,2025-02-01,140,4,2.86,Good
316,316,2025-02-01,189,12,6.35,Poor
317,317,2025-02-01,80,5,6.25,Poor
318,318,2025-02-01,134,0,0.0,Good
319,319,2025-02-01,185,5,2.7,Good
320,320,2025-02-01,133,1,0.75,Good
321,321,2025-02-02,73,0,0.0,Good
322,322,2025-02-02,187,14,7.49,Poor
323,323,2025-02-02,54,1,1.85,Good
324,324,2025-02-02,53,3,5.66,Poor
325,325,2025-02-02,79,2,2.53,Good
326,326,2025-02-02,125,7,5.6,Poor
327,327,2025-02-02,73,0,0.0,Good
328,328,2025-02-02,131,7,5.34,Poor
329,329,2025-02-02,187,7,3.74,Warning
330,330,2025-02-02,65,1,1.54,Good
331,331,2025-02-03,168,1,0.6,Good
332,332,2025-02-03,102,1,0.98,Good
333,333,2025-02-03,72,4,5.56,Poor
334,334,2025-02-03,129,10,7.75,Poor
335,335,2025-02-03,84,5,5.95,Poor
336,336,2025-02-03,166,1,0.6,Good
337,337,2025-02-03,61,0,0.0,Good
338,338,2025-02-03,100,6,6.0,Poor
339,339,2025-02-03,148,6,4.05,Warning
340,340,2025-02-03,52,3,5.77,Poor
341,341,2025-02-04,103,2,1.94,Good
342,342,2025-02-04,192,15,7.81,Poor
343,343,2025-02-04,184,8,4.35,Warning
344,344,2025-02-04,66,2,3.03,Warning
345,345,2025-02-04,199,8,4.02,Warning
346,346,2025-02-04,136,6,4.41,Warning
347,347,2025-02-04,65,3,4.62,Warning
348,348,2025-02-04,196,10,5.1,Poor
349,349,2025-02-04,132,10,7.58,Poor
350,350,2025-02-04,195,3,1.54,Good
351,351,2025-02-05,134,2,1.49,Good
352,352,2025-02-05,118,2,1.69,Good
353,353,2025-02-05,171,11,6.43,Poor
354,354,2025-02-05,130,10,7.69,Poor
355,355,2025-02-05,65,4,6.15,Poor
356,356,2025-02-05,57,0,0.0,Good
357,357,2025-02-05,146,10,6.85,Poor
358,358,2025-02-05,76,2,2.63,Good
359,359,2025-02-05,100,6,6.0,Poor
360,360,2025-02-05,115,4,3.48,Warning
361,361,2025-02-06,106,1,0.94,Good
362,362,2025-02-06,147,2,1.36,Good
363,363,2025-02-06,106,0,0.0,Good
364,364,2025-02-06,56,1,1.79,Good
365,365,2025-02-06,51,0,0.0,Good
366,366,2025-02-06,128,10,7.81,Poor
367,367,2025-02-06,139,10,7.19,Poor
368,368,2025-02-06,93,0,0.0,Good
369,369,2025-02-06,184,12,6.52,Poor
370,370,2025-02-06,90,3,3.33,Warning
371,371,2025-02-07,130,0,0.0,Good
372,372,2025-02-07,146,8,5.48,Poor
373,373,2025-02-07,186,11,5.91,Poor
374,374,2025-02-07,181,10,5.52,Poor
375,375,2025-02-07,190,7,3.68,Warning
376,376,2025-02-07,67,0,0.0,Good
377,377,2025-02-07,124,9,7.26,Poor
378,378,2025-02-07,153,3,1.96,Good
379,379,2025-02-07,180,6,3.33,Warning
380,380,2025-02-07,176,6,3.41,Warning
381,381,2025-02-08,188,8,4.26,Warning
382,382,2025-02-08,117,4,3.42,Warning
383,383,2025-02-08,66,5,7.58,Poor
384,384,2025-02-08,88,1,1.14,Good
385,385,2025-02-08,67,3,4.48,Warning
386,386,2025-02-08,63,3,4.76,Warning
387,387,2025-02-08,87,6,6.9,Poor
388,388,2025-02-08,86,5,5.81,Poor
389,389,2025-02-08,78,3,3.85,Warning
390,390,2025-02-08,188,9,4.79,Warning
391,391,2025-02-09,82,6,7.32,Poor
392,392,2025-02-09,155,11,7.1,Poor
393,393,2025-02-09,50,1,2.0,Good
394,394,2025-02-09,88,0,0.0,Good
395,395,2025-02-09,51,1,1.96,Good
396,396,2025-02-09,196,0,0.0,Good
397,397,2025-02-09,90,1,1.11,Good
398,398,2025-02-09,135,4,2.96,Good
399,399,2025-02-09,84,2,2.38,Good
400,400,2025-02-09,129,2,1.55,Good
401,401,2025-02-10,179,3,1.68,Good
402,402,2025-02-10,199,3,1.51,Good
403,403,2025-02-10,78,1,1.28,Good
404,404,2025-02-10,79,0,0.0,Good
405,405,2025-02-10,135,9,6.67,Poor
406,406,2025-02-10,176,13,7.39,Poor
407,407,2025-02-10,53,0,0.0,Good
408,408,2025-02-10,97,4,4.12,Warning
409,409,2025-02-10,121,2,1.65,Good
410,410,2025-02-10,100,6,6.0,Poor
411,411,2025-02-11,51,1,1.96,Good
412,412,2025-02-11,131,6,4.58,Warning
413,413,2025-02-11,175,3,1.71,Good
414,414,2025-02-11,95,2,2.11,Good
415,415,2025-02-11,81,3,3.7,Warning
416,416,2025-02-11,76,1,1.32,Good
417,417,2025-02-11,113,2,1.77,Good
418,418,2025-02-11,63,4,6.35,Poor
419,419,2025-02-11,132,5,3.79,Warning
420,420,2025-02-11,128,0,0.0,Good
421,421,2025-02-12,99,4,4.04,Warning
422,422,2025-02-12,108,6,5.56,Poor
423,423,2025-02-12,180,10,5.56,Poor
424,424,2025-02-12,188,13,6.91,Poor
425,425,2025-02-12,196,3,1.53,Good
426,426,2025-02-12,121,8,6.61,Poor
427,427,2025-02-12,64,1,1.56,Good
428,428,2025-02-12,57,3,5.26,Poor
429,429,2025-02-12,154,5,3.25,Warning
430,430,2025-02-12,151,10,6.62,Poor
431,431,2025-02-13,197,6,3.05,Warning
432,432,2025-02-13,55,0,0.0,Good
433,433,2025-02-13,59,1,1.69,Good
434,434,2025-02-13,180,10,5.56,Poor
435,435,2025-02-13,173,5,2.89,Good
436,436,2025-02-13,134,6,4.48,Warning
437,437,2025-02-13,165,6,3.64,Warning
438,438,2025-02-13,70,1,1.43,Good
439,439,2025-02-13,118,2,1.69,Good
440,440,2025-02-13,192,4,2.08,Good
441,441,2025-02-14,109,3,2.75,Good
442,442,2025-02-14,120,4,3.33,Warning
443,443,2025-02-14,110,0,0.0,Good
444,444,2025-02-14,114,7,6.14,Poor
445,445,2025-02-14,73,2,2.74,Good
446,446,2025-02-14,94,7,7.45,Poor
447,447,2025-02-14,84,5,5.95,Poor
448,448,2025-02-14,52,2,3.85,Warning
449,449,2025-02-14,70,5,7.14,Poor
450,450,2025-02-14,99,5,5.05,Poor
451,451,2025-02-15,122,1,0.82,Good
452,452,2025-02-15,124,9,7.26,Poor
453,453,2025-02-15,78,6,7.69,Poor
454,454,2025-02-15,158,1,0.63,Good
455,455,2025-02-15,72,0,0.0,Good
456,456,2025-02-15,88,4,4.55,Warning
457,457,2025-02-15,87,2,2.3,Good
458,458,2025-02-15,155,10,6.45,Poor
459,459,2025-02-15,73,4,5.48,Poor
460,460,2025-02-15,151,2,1.32,Good
461,461,2025-02-16,111,2,1.8,Good
462,462,2025-02-16,153,11,7.19,Poor
463,463,2025-02-16,186,6,3.23,Warning
464,464,2025-02-16,86,2,2.33,Good
465,465,2025-02-16,72,1,1.39,Good
466,466,2025-02-16,169,7,4.14,Warning
467,467,2025-02-16,86,3,3.49,Warning
468,468,2025-02-16,151,10,6.62,Poor
469,469,2025-02-16,51,2,3.92,Warning
470,470,2025-02-16,142,5,3.52,Warning
471,471,2025-02-17,52,4,7.69,Poor
472,472,2025-02-17,122,8,6.56,Poor
473,473,2025-02-17,102,1,0.98,Good
474,474,2025-02-17,53,1,1.89,Good
475,475,2025-02-17,118,4,3.39,Warning
476,476,2025-02-17,154,9,5.84,Poor
477,477,2025-02-17,118,3,2.54,Good
478,478,2025-02-17,64,3,4.69,Warning
479,479,2025-02-17,122,9,7.38,Poor
480,480,2025-02-17,178,13,7.3,Poor
481,481,2025-02-18,94,0,0.0,Good
482,482,2025-02-18,171,12,7.02,Poor
483,483,2025-02-18,153,8,5.23,Poor
484,484,2025-02-18,69,1,1.45,Good
485,485,2025-02-18,169,8,4.73,Warning
486,486,2025-02-18,178,8,4.49,Warning
487,487,2025-02-18,50,0,0.0,Good
488,488,2025-02-18,95,2,2.11,Good
489,489,2025-02-18,153,9,5.88,Poor
490,490,2025-02-18,194,11,5.67,Poor
491,491,2025-02-19,72,4,5.56,Poor
492,492,2025-02-19,63,3,4.76,Warning
493,493,2025-02-19,93,4,4.3,Warning
494,494,2025-02-19,127,2,1.57,Good
495,495,2025-02-19,56,2,3.57,Warning
496,496,2025-02-19,94,0,0.0,Good
497,497,2025-02-19,101,0,0.0,Good
498,498,2025-02-19,158,11,6.96,Poor
499,499,2025-02-19,136,7,5.15,Poor
500,500,2025-02-19,76,6,7.89,Poor
501,501,2025-02-20,87,4,4.6,Warning
502,502,2025-02-20,177,5,2.82,Good
503,503,2025-02-20,103,3,2.91,Good
504,504,2025-02-20,123,8,6.5,Poor
505,505,2025-02-20,55,4,7.27,Poor
506,506,2025-02-20,54,0,0.0,Good
507,507,2025-02-20,100,6,6.0,Poor
508,508,2025-02-20,64,2,3.12,Warning
509,509,2025-02-20,194,9,4.64,Warning
510,510,2025-02-20,176,4,2.27,Good
511,511,2025-02-21,83,0,0.0,Good
512,512,2025-02-21,120,2,1.67,Good
513,513,2025-02-21,136,4,2.94,Good
514,514,2025-02-21,187,2,1.07,Good
515,515,2025-02-21,166,1,0.6,Good
516,516,2025-02-21,193,0,0.0,Good
517,517,2025-02-21,125,5,4.0,Warning
518,518,2025-02-21,167,12,7.19,Poor
519,519,2025-02-21,150,9,6.0,Poor
520,520,2025-02-21,95,2,2.11,Good
521,521,2025-02-22,194,13,6.7,Poor
522,522,2025-02-22,90,5,5.56,Poor
523,523,2025-02-22,193,9,4.66,Warning
524,524,2025-02-22,171,10,5.85,Poor
525,525,2025-02-22,54,3,5.56,Poor
526,526,2025-02-22,89,1,1.12,Good
527,527,2025-02-22,170,13,7.65,Poor
528,528,2025-02-22,159,9,5.66,Poor
529,529,2025-02-22,200,11,5.5,Poor
530,530,2025-02-22,64,2,3.12,Warning
531,531,2025-02-23,107,0,0.0,Good
532,532,2025-02-23,117,4,3.42,Warning
533,533,2025-02-23,106,1,0.94,Good
534,534,2025-02-23,169,4,2.37,Good
535,535,2025-02-23,64,3,4.69,Warning
536,536,2025-02-23,113,9,7.96,Poor
537,537,2025-02-23,142,9,6.34,Poor
538,538,2025-02-23,62,3,4.84,Warning
539,539,2025-02-23,50,0,0.0,Good
540,540,2025-02-23,163,4,2.45,Good
541,541,2025-02-24,65,3,4.62,Warning
542,542,2025-02-24,112,3,2.68,Good
543,543,2025-02-24,195,15,7.69,Poor
544,544,2025-02-24,105,5,4.76,Warning
545,545,2025-02-24,79,6,7.59,Poor
546,546,2025-02-24,56,4,7.14,Poor
547,547,2025-02-24,51,4,7.84,Poor
548,548,2025-02-24,101,3,2.97,Good
549,549,2025-02-24,72,4,5.56,Poor
550,550,2025-02-24,156,11,7.05,Poor
551,551,2025-02-25,181,13,7.18,Poor
552,552,2025-02-25,111,8,7.21,Poor
553,553,2025-02-25,132,9,6.82,Poor
554,554,2025-02-25,66,2,3.03,Warning
555,555,2025-02-25,148,9,6.08,Poor
556,556,2025-02-25,112,6,5.36,Poor
557,557,2025-02-25,146,11,7.53,Poor
558,558,2025-02-25,149,3,2.01,Good
559,559,2025-02-25,199,2,1.01,Good
560,560,2025-02-25,190,1,0.53,Good
561,561,2025-02-26,60,4,6.67,Poor
562,562,2025-02-26,80,4,5.0,Warning
563,563,2025-02-26,50,3,6.0,Poor
564,564,2025-02-26,109,2,1.83,Good
565,565,2025-02-26,74,4,5.41,Poor
566,566,2025-02-26,140,1,0.71,Good
567,567,2025-02-26,119,1,0.84,Good
568,568,2025-02-26,175,11,6.29,Poor
569,569,2025-02-26,102,4,3.92,Warning
570,570,2025-02-26,184,6,3.26,Warning
571,571,2025-02-27,58,3,5.17,Poor
572,572,2025-02-27,72,3,4.17,Warning
573,573,2025-02-27,174,5,2.87,Good
574,574,2025-02-27,124,5,4.03,Warning
575,575,2025-02-27,54,3,5.56,Poor
576,576,2025-02-27,142,11,7.75,Poor
577,577,2025-02-27,151,8,5.3,Poor
578,578,2025-02-27,159,8,5.03,Poor
579,579,2025-02-27,56,2,3.57,Warning
580,580,2025-02-27,175,7,4.0,Warning
581,581,2025-02-28,196,1,0.51,Good
582,582,2025-02-28,64,0,0.0,Good
583,583,2025-02-28,98,5,5.1,Poor
584,584,2025-02-28,197,14,7.11,Poor
585,585,2025-02-28,188,14,7.45,Poor
586,586,2025-02-28,68,4,5.88,Poor
587,587,2025-02-28,73,1,1.37,Good
588,588,2025-02-28,97,1,1.03,Good
589,589,2025-02-28,80,3,3.75,Warning
590,590,2025-02-28,64,5,7.81,Poor
591,591,2025-03-01,133,9,6.77,Poor
592,592,2025-03-01,125,6,4.8,Warning
593,593,2025-03-01,146,9,6.16,Poor
594,594,2025-03-01,149,1,0.67,Good
595,595,2025-03-01,116,7,6.03,Poor
596,596,2025-03-01,198,14,7.07,Poor
597,597,2025-03-01,194,6,3.09,Warning
598,598,2025-03-01,180,9,5.0,Warning
599,599,2025-03-01,85,3,3.53,Warning
600,600,2025-03-01,118,8,6.78,Poor
601,601,2025-03-02,73,1,1.37,Good
602,602,2025-03-02,113,5,4.42,Warning
603,603,2025-03-02,82,4,4.88,Warning
604,604,2025-03-02,140,11,7.86,Poor
605,605,2025-03-02,121,0,0.0,Good
606,606,2025-03-02,57,2,3.51,Warning
607,607,2025-03-02,124,5,4.03,Warning
608,608,2025-03-02,109,0,0.0,Good
609,609,2025-03-02,129,2,1.55,Good
610,610,2025-03-02,77,2,2.6,Good
611,611,2025-03-03,111,1,0.9,Good
612,612,2025-03-03,157,11,7.01,Poor
613,613,2025-03-03,154,5,3.25,Warning
614,614,2025-03-03,79,4,5.06,Poor
615,615,2025-03-03,200,8,4.0,Warning
616,616,2025-03-03,56,1,1.79,Good
617,617,2025-03-03,151,10,6.62,Poor
618,618,2025-03-03,116,0,0.0,Good
619,619,2025-03-03,85,4,4.71,Warning
620,620,2025-03-03,188,2,1.06,Good
621,621,2025-03-04,160,8,5.0,Warning
622,622,2025-03-04,174,13,7.47,Poor
623,623,2025-03-04,192,6,3.12,Warning
624,624,2025-03-04,104,2,1.92,Good
625,625,2025-03-04,147,2,1.36,Good
626,626,2025-03-04,81,0,0.0,Good
627,627,2025-03-04,55,1,1.82,Good
628,628,2025-03-04,188,10,5.32,Poor
629,629,2025-03-04,180,9,5.0,Warning
630,630,2025-03-04,118,7,5.93,Poor
631,631,2025-03-05,83,4,4.82,Warning
632,632,2025-03-05,80,6,7.5,Poor
633,633,2025-03-05,134,5,3.73,Warning
634,634,2025-03-05,75,2,2.67,Good
635,635,2025-03-05,94,1,1.06,Good
636,636,2025-03-05,200,16,8.0,Poor
637,637,2025-03-05,99,6,6.06,Poor
638,638,2025-03-05,86,1,1.16,Good
639,639,2025-03-05,57,4,7.02,Poor
640,640,2025-03-05,70,5,7.14,Poor
641,641,2025-03-06,168,2,1.19,Good
642,642,2025-03-06,151,0,0.0,Good
643,643,2025-03-06,173,6,3.47,Warning
644,644,2025-03-06,72,1,1.39,Good
645,645,2025-03-06,120,2,1.67,Good
646,646,2025-03-06,62,2,3.23,Warning
647,647,2025-03-06,116,1,0.86,Good
648,648,2025-03-06,135,6,4.44,Warning
649,649,2025-03-06,188,4,2.13,Good
650,650,2025-03-06,65,3,4.62,Warning
651,651,2025-03-07,89,7,7.87,Poor
652,652,2025-03-07,195,9,4.62,Warning
653,653,2025-03-07,196,8,4.08,Warning
654,654,2025-03-07,64,0,0.0,Good
655,655,2025-03-07,182,9,4.95,Warning
656,656,2025-03-07,183,9,4.92,Warning
657,657,2025-03-07,94,6,6.38,Poor
658,658,2025-03-07,158,2,1.27,Good
659,659,2025-03-07,197,7,3.55,Warning
660,660,2025-03-07,147,7,4.76,Warning
661,661,2025-03-08,114,0,0.0,Good
662,662,2025-03-08,179,10,5.59,Poor
663,663,2025-03-08,156,5,3.21,Warning
664,664,2025-03-08,154,11,7.14,Poor
665,665,2025-03-08,59,0,0.0,Good
666,666,2025-03-08,92,2,2.17,Good
667,667,2025-03-08,199,10,5.03,Poor
668,668,2025-03-08,175,0,0.0,Good
669,669,2025-03-08,107,4,3.74,Warning
670,670,2025-03-08,99,5,5.05,Poor
671,671,2025-03-09,145,3,2.07,Good
672,672,2025-03-09,119,1,0.84,Good
673,673,2025-03-09,171,6,3.51,Warning
674,674,2025-03-09,65,3,4.62,Warning
675,675,2025-03-09,183,7,3.83,Warning
676,676,2025-03-09,150,7,4.67,Warning
677,677,2025-03-09,112,6,5.36,Poor
678,678,2025-03-09,191,3,1.57,Good
679,679,2025-03-09,141,2,1.42,Good
680,680,2025-03-09,61,4,6.56,Poor
681,681,2025-03-10,185,4,2.16,Good
682,682,2025-03-10,146,11,7.53,Poor
683,683,2025-03-10,112,4,3.57,Warning
684,684,2025-03-10,175,7,4.0,Warning
685,685,2025-03-10,169,4,2.37,Good
686,686,2025-03-10,76,2,2.63,Good
687,687,2025-03-10,126,6,4.76,Warning
688,688,2025-03-10,100,3,3.0,Good
689,689,2025-03-10,127,10,7.87,Poor
690,690,2025-03-10,126,1,0.79,Good
691,691,2025-03-11,59,0,0.0,Good
692,692,2025-03-11,95,0,0.0,Good
693,693,2025-03-11,95,1,1.05,Good
694,694,2025-03-11,127,3,2.36,Good
695,695,2025-03-11,197,8,4.06,Warning
696,696,2025-03-11,87,6,6.9,Poor
697,697,2025-03-11,63,3,4.76,Warning
698,698,2025-03-11,116,8,6.9,Poor
699,699,2025-03-11,64,0,0.0,Good
700,700,2025-03-11,135,5,3.7,Warning
701,701,2025-03-12,167,2,1.2,Good
702,702,2025-03-12,64,2,3.12,Warning
703,703,2025-03-12,148,5,3.38,Warning
704,704,2025-03-12,84,1,1.19,Good
705,705,2025-03-12,166,1,0.6,Good
706,706,2025-03-12,85,5,5.88,Poor
707,707,2025-03-12,157,10,6.37,Poor
708,708,2025-03-12,190,0,0.0,Good
709,709,2025-03-12,168,5,2.98,Good
710,710,2025-03-12,59,0,0.0,Good
711,711,2025-03-13,196,12,6.12,Poor
712,712,2025-03-13,167,0,0.0,Good
713,713,2025-03-13,181,3,1.66,Good
714,714,2025-03-13,102,8,7.84,Poor
715,715,2025-03-13,185,11,5.95,Poor
716,716,2025-03-13,184,0,0.0,Good
717,717,2025-03-13,159,9,5.66,Poor
718,718,2025-03-13,167,3,1.8,Good
719,719,2025-03-13,100,8,8.0,Poor
720,720,2025-03-13,82,4,4.88,Warning
721,721,2025-03-14,173,8,4.62,Warning
722,722,2025-03-14,70,5,7.14,Poor
723,723,2025-03-14,163,2,1.23,Good
724,724,2025-03-14,100,5,5.0,Warning
725,725,2025-03-14,96,1,1.04,Good
726,726,2025-03-14,141,1,0.71,Good
727,727,2025-03-14,98,6,6.12,Poor
728,728,2025-03-14,93,7,7.53,Poor
729,729,2025-03-14,75,5,6.67,Poor
730,730,2025-03-14,56,0,0.0,Good
731,731,2025-03-15,95,3,3.16,Warning
732,732,2025-03-15,198,15,7.58,Poor
733,733,2025-03-15,165,13,7.88,Poor
734,734,2025-03-15,54,2,3.7,Warning
735,735,2025-03-15,106,1,0.94,Good
736,736,2025-03-15,103,4,3.88,Warning
737,737,2025-03-15,140,11,7.86,Poor
738,738,2025-03-15,144,1,0.69,Good
739,739,2025-03-15,154,3,1.95,Good
740,740,2025-03-15,185,8,4.32,Warning
741,741,2025-03-16,179,12,6.7,Poor
742,742,2025-03-16,112,2,1.79,Good
743,743,2025-03-16,179,9,5.03,Poor
744,744,2025-03-16,163,10,6.13,Poor
745,745,2025-03-16,79,0,0.0,Good
746,746,2025-03-16,144,7,4.86,Warning
747,747,2025-03-16,132,4,3.03,Warning
748,748,2025-03-16,189,2,1.06,Good
749,749,2025-03-16,79,0,0.0,Good
750,750,2025-03-16,186,0,0.0,Good
751,751,2025-03-17,193,2,1.04,Good
752,752,2025-03-17,154,6,3.9,Warning
753,753,2025-03-17,52,4,7.69,Poor
754,754,2025-03-17,195,3,1.54,Good
755,755,2025-03-17,80,1,1.25,Good
756,756,2025-03-17,180,1,0.56,Good
757,757,2025-03-17,126,7,5.56,Poor
758,758,2025-03-17,75,2,2.67,Good
759,759,2025-03-17,110,8,7.27,Poor
760,760,2025-03-17,125,0,0.0,Good
761,761,2025-03-18,77,6,7.79,Poor
762,762,2025-03-18,73,2,2.74,Good
763,763,2025-03-18,122,0,0.0,Good
764,764,2025-03-18,101,3,2.97,Good
765,765,2025-03-18,137,9,6.57,Poor
766,766,2025-03-18,158,9,5.7,Poor
767,767,2025-03-18,64,0,0.0,Good
768,768,2025-03-18,167,0,0.0,Good
769,769,2025-03-18,134,5,3.73,Warning
770,770,2025-03-18,102,0,0.0,Good
771,771,2025-03-19,159,2,1.26,Good
772,772,2025-03-19,175,7,4.0,Warning
773,773,2025-03-19,71,4,5.63,Poor
774,774,2025-03-19,157,9,5.73,Poor
775,775,2025-03-19,182,6,3.3,Warning
776,776,2025-03-19,187,14,7.49,Poor
777,777,2025-03-19,100,0,0.0,Good
778,778,2025-03-19,78,3,3.85,Warning
779,779,2025-03-19,176,6,3.41,Warning
780,780,2025-03-19,95,6,6.32,Poor
781,781,2025-03-20,63,4,6.35,Poor
782,782,2025-03-20,114,9,7.89,Poor
783,783,2025-03-20,87,5,5.75,Poor
784,784,2025-03-20,172,10,5.81,Poor
785,785,2025-03-20,128,5,3.91,Warning
786,786,2025-03-20,112,7,6.25,Poor
787,787,2025-03-20,145,10,6.9,Poor
788,788,2025-03-20,152,9,5.92,Poor
789,789,2025-03-20,156,8,5.13,Poor
790,790,2025-03-20,92,6,6.52,Poor
791,791,2025-03-21,64,5,7.81,Poor
792,792,2025-03-21,153,9,5.88,Poor
793,793,2025-03-21,86,4,4.65,Warning
794,794,2025-03-21,54,2,3.7,Warning
795,795,2025-03-21,80,3,3.75,Warning
796,796,2025-03-21,145,8,5.52,Poor
797,797,2025-03-21,187,10,5.35,Poor
798,798,2025-03-21,105,0,0.0,Good
799,799,2025-03-21,110,3,2.73,Good
800,800,2025-03-21,137,0,0.0,Good
801,801,2025-03-22,56,1,1.79,Good
802,802,2025-03-22,163,6,3.68,Warning
803,803,2025-03-22,150,0,0.0,Good
804,804,2025-03-22,58,1,1.72,Good
805,805,2025-03-22,182,13,7.14,Poor
806,806,2025-03-22,130,5,3.85,Warning
807,807,2025-03-22,65,1,1.54,Good
808,808,2025-03-22,192,8,4.17,Warning
809,809,2025-03-22,162,12,7.41,Poor
810,810,2025-03-22,70,0,0.0,Good
811,811,2025-03-23,157,8,5.1,Poor
812,812,2025-03-23,176,3,1.7,Good
813,813,2025-03-23,69,3,4.35,Warning
814,814,2025-03-23,113,6,5.31,Poor
815,815,2025-03-23,164,13,7.93,Poor
816,816,2025-03-23,88,3,3.41,Warning
817,817,2025-03-23,70,0,0.0,Good
818,818,2025-03-23,80,5,6.25,Poor
819,819,2025-03-23,57,4,7.02,Poor
820,820,2025-03-23,124,5,4.03,Warning
821,821,2025-03-24,197,14,7.11,Poor
822,822,2025-03-24,140,10,7.14,Poor
823,823,2025-03-24,76,1,1.32,Good
824,824,2025-03-24,57,0,0.0,Good
825,825,2025-03-24,92,0,0.0,Good
826,826,2025-03-24,177,3,1.69,Good
827,827,2025-03-24,55,4,7.27,Poor
828,828,2025-03-24,69,3,4.35,Warning
829,829,2025-03-24,101,4,3.96,Warning
830,830,2025-03-24,178,1,0.56,Good
831,831,2025-03-25,71,0,0.0,Good
832,832,2025-03-25,136,0,0.0,Good
833,833,2025-03-25,84,6,7.14,Poor
834,834,2025-03-25,168,12,7.14,Poor
835,835,2025-03-25,92,5,5.43,Poor
836,836,2025-03-25,162,12,7.41,Poor
837,837,2025-03-25,166,12,7.23,Poor
838,838,2025-03-25,94,6,6.38,Poor
839,839,2025-03-25,71,4,5.63,Poor
840,840,2025-03-25,131,8,6.11,Poor
841,841,2025-03-26,129,3,2.33,Good
842,842,2025-03-26,149,1,0.67,Good
843,843,2025-03-26,91,7,7.69,Poor
844,844,2025-03-26,98,5,5.1,Poor
845,845,2025-03-26,193,11,5.7,Poor
846,846,2025-03-26,189,4,2.12,Good
847,847,2025-03-26,124,3,2.42,Good
848,848,2025-03-26,126,8,6.35,Poor
849,849,2025-03-26,89,2,2.25,Good
850,850,2025-03-26,184,14,7.61,Poor
851,851,2025-03-27,51,4,7.84,Poor
852,852,2025-03-27,134,7,5.22,Poor
853,853,2025-03-27,147,2,1.36,Good
854,854,2025-03-27,104,6,5.77,Poor
855,855,2025-03-27,93,3,3.23,Warning
856,856,2025-03-27,197,2,1.02,Good
857,857,2025-03-27,154,11,7.14,Poor
858,858,2025-03-27,76,6,7.89,Poor
859,859,2025-03-27,113,5,4.42,Warning
860,860,2025-03-27,50,1,2.0,Good
861,861,2025-03-28,129,8,6.2,Poor
862,862,2025-03-28,137,5,3.65,Warning
863,863,2025-03-28,95,5,5.26,Poor
864,864,2025-03-28,150,8,5.33,Poor
865,865,2025-03-28,164,11,6.71,Poor
866,866,2025-03-28,63,4,6.35,Poor
867,867,2025-03-28,187,0,0.0,Good
868,868,2025-03-28,150,11,7.33,Poor
869,869,2025-03-28,102,5,4.9,Warning
870,870,2025-03-28,172,12,6.98,Poor
871,871,2025-03-29,86,6,6.98,Poor
872,872,2025-03-29,198,4,2.02,Good
873,873,2025-03-29,61,2,3.28,Warning
874,874,2025-03-29,128,1,0.78,Good
875,875,2025-03-29,111,7,6.31,Poor
876,876,2025-03-29,94,2,2.13,Good
877,877,2025-03-29,74,1,1.35,Good
878,878,2025-03-29,162,1,0.62,Good
879,879,2025-03-29,152,4,2.63,Good
880,880,2025-03-29,109,1,0.92,Good
881,881,2025-03-30,152,9,5.92,Poor
882,882,2025-03-30,135,10,7.41,Poor
883,883,2025-03-30,190,1,0.53,Good
884,884,2025-03-30,65,3,4.62,Warning
885,885,2025-03-30,183,4,2.19,Good
886,886,2025-03-30,69,5,7.25,Poor
887,887,2025-03-30,69,3,4.35,Warning
888,888,2025-03-30,58,1,1.72,Good
889,889,2025-03-30,63,5,7.94,Poor
890,890,2025-03-30,66,1,1.52,Good
891,891,2025-03-31,87,6,6.9,Poor
892,892,2025-03-31,77,6,7.79,Poor
893,893,2025-03-31,85,2,2.35,Good
894,894,2025-03-31,188,9,4.79,Warning
895,895,2025-03-31,175,12,6.86,Poor
896,896,2025-03-31,89,3,3.37,Warning
897,897,2025-03-31,184,7,3.8,Warning
898,898,2025-03-31,129,8,6.2,Poor
899,899,2025-03-31,123,8,6.5,Poor
900,900,2025-03-31,196,7,3.57,Warning
901,901,2025-04-01,154,9,5.84,Poor
902,902,2025-04-01,179,0,0.0,Good
903,903,2025-04-01,82,1,1.22,Good
904,904,2025-04-01,136,0,0.0,Good
905,905,2025-04-01,194,3,1.55,Good
906,906,2025-04-01,105,5,4.76,Warning
907,907,2025-04-01,169,11,6.51,Poor
908,908,2025-04-01,193,2,1.04,Good
909,909,2025-04-01,105,7,6.67,Poor
910,910,2025-04-01,118,2,1.69,Good
911,911,2025-04-02,77,2,2.6,Good
912,912,2025-04-02,70,2,2.86,Good
913,913,2025-04-02,170,0,0.0,Good
914,914,2025-04-02,195,11,5.64,Poor
915,915,2025-04-02,83,6,7.23,Poor
916,916,2025-04-02,81,0,0.0,Good
917,917,2025-04-02,118,6,5.08,Poor
918,918,2025-04-02,51,2,3.92,Warning
919,919,2025-04-02,187,9,4.81,Warning
920,920,2025-04-02,194,5,2.58,Good
921,921,2025-04-03,153,1,0.65,Good
922,922,2025-04-03,78,0,0.0,Good
923,923,2025-04-03,126,4,3.17,Warning
924,924,2025-04-03,174,11,6.32,Poor
925,925,2025-04-03,155,10,6.45,Poor
926,926,2025-04-03,77,5,6.49,Poor
927,927,2025-04-03,123,9,7.32,Poor
928,928,2025-04-03,118,3,2.54,Good
929,929,2025-04-03,125,0,0.0,Good
930,930,2025-04-03,138,0,0.0,Good
931,931,2025-04-04,70,1,1.43,Good
932,932,2025-04-04,156,8,5.13,Poor
933,933,2025-04-04,75,6,8.0,Poor
934,934,2025-04-04,128,10,7.81,Poor
935,935,2025-04-04,144,7,4.86,Warning
936,936,2025-04-04,130,4,3.08,Warning
937,937,2025-04-04,142,2,1.41,Good
938,938,2025-04-04,106,5,4.72,Warning
939,939,2025-04-04,144,8,5.56,Poor
940,940,2025-04-04,169,2,1.18,Good
941,941,2025-04-05,199,10,5.03,Poor
942,942,2025-04-05,143,0,0.0,Good
943,943,2025-04-05,139,5,3.6,Warning
944,944,2025-04-05,87,2,2.3,Good
945,945,2025-04-05,67,0,0.0,Good
946,946,2025-04-05,50,4,8.0,Poor
947,947,2025-04-05,174,10,5.75,Poor
948,948,2025-04-05,72,2,2.78,Good
949,949,2025-04-05,128,0,0.0,Good
950,950,2025-04-05,194,5,2.58,Good
951,951,2025-04-06,94,3,3.19,Warning
952,952,2025-04-06,124,6,4.84,Warning
953,953,2025-04-06,152,2,1.32,Good
954,954,2025-04-06,165,2,1.21,Good
955,955,2025-04-06,143,11,7.69,Poor
956,956,2025-04-06,125,8,6.4,Poor
957,957,2025-04-06,107,5,4.67,Warning
958,958,2025-04-06,120,5,4.17,Warning
959,959,2025-04-06,131,7,5.34,Poor
960,960,2025-04-06,97,6,6.19,Poor
961,961,2025-04-07,103,4,3.88,Warning
962,962,2025-04-07,182,11,6.04,Poor
963,963,2025-04-07,145,5,3.45,Warning
964,964,2025-04-07,52,0,0.0,Good
965,965,2025-04-07,89,3,3.37,Warning
966,966,2025-04-07,57,4,7.02,Poor
967,967,2025-04-07,168,2,1.19,Good
968,968,2025-04-07,146,10,6.85,Poor
969,969,2025-04-07,166,12,7.23,Poor
970,970,2025-04-07,187,14,7.49,Poor
971,971,2025-04-08,90,6,6.67,Poor
972,972,2025-04-08,146,1,0.68,Good
973,973,2025-04-08,196,4,2.04,Good
974,974,2025-04-08,181,5,2.76,Good
975,975,2025-04-08,56,2,3.57,Warning
976,976,2025-04-08,60,3,5.0,Warning
977,977,2025-04-08,82,0,0.0,Good
978,978,2025-04-08,195,9,4.62,Warning
979,979,2025-04-08,106,4,3.77,Warning
980,980,2025-04-08,79,0,0.0,Good
981,981,2025-04-09,88,3,3.41,Warning
982,982,2025-04-09,54,0,0.0,Good
983,983,2025-04-09,100,0,0.0,Good
984,984,2025-04-09,78,6,7.69,Poor
985,985,2025-04-09,67,1,1.49,Good
986,986,2025-04-09,85,3,3.53,Warning
987,987,2025-04-09,111,3,2.7,Good
988,988,2025-04-09,187,8,4.28,Warning
989,989,2025-04-09,154,8,5.19,Poor
990,990,2025-04-09,126,9,7.14,Poor
991,991,2025-04-10,154,6,3.9,Warning
992,992,2025-04-10,156,8,5.13,Poor
993,993,2025-04-10,153,7,4.58,Warning
994,994,2025-04-10,101,4,3.96,Warning
995,995,2025-04-10,181,1,0.55,Good
996,996,2025-04-10,141,10,7.09,Poor
997,997,2025-04-10,111,1,0.9,Good
998,998,2025-04-10,96,2,2.08,Good
999,999,2025-04-10,70,4,5.71,Poor
1000,1000,2025-04-10,53,2,3.77,Warning
1001,1001,2025-04-11,99,6,6.06,Poor
1002,1002,2025-04-11,58,2,3.45,Warning
1003,1003,2025-04-11,157,9,5.73,Poor
1004,1004,2025-04-11,64,2,3.12,Warning
1005,1005,2025-04-11,110,6,5.45,Poor
1006,1006,2025-04-11,127,4,3.15,Warning
1007,1007,2025-04-11,115,6,5.22,Poor
1008,1008,2025-04-11,116,4,3.45,Warning
1009,1009,2025-04-11,85,5,5.88,Poor
1010,1010,2025-04-11,66,5,7.58,Poor
1011,1011,2025-04-12,69,0,0.0,Good
1012,1012,2025-04-12,155,7,4.52,Warning
1013,1013,2025-04-12,53,4,7.55,Poor
1014,1014,2025-04-12,61,2,3.28,Warning
1015,1015,2025-04-12,103,0,0.0,Good
1016,1016,2025-04-12,108,2,1.85,Good
1017,1017,2025-04-12,154,12,7.79,Poor
1018,1018,2025-04-12,72,2,2.78,Good
1019,1019,2025-04-12,74,5,6.76,Poor
1020,1020,2025-04-12,192,14,7.29,Poor
1021,1021,2025-04-13,76,0,0.0,Good
1022,1022,2025-04-13,115,0,0.0,Good
1023,1023,2025-04-13,128,4,3.12,Warning
1024,1024,2025-04-13,159,4,2.52,Good
1025,1025,2025-04-13,152,3,1.97,Good
1026,1026,2025-04-13,186,9,4.84,Warning
1027,1027,2025-04-13,193,4,2.07,Good
1028,1028,2025-04-13,86,4,4.65,Warning
1029,1029,2025-04-13,129,0,0.0,Good
1030,1030,2025-04-13,66,2,3.03,Warning
1031,1031,2025-04-14,115,9,7.83,Poor
1032,1032,2025-04-14,174,9,5.17,Poor
1033,1033,2025-04-14,61,2,3.28,Warning
1034,1034,2025-04-14,176,10,5.68,Poor
1035,1035,2025-04-14,106,5,4.72,Warning
1036,1036,2025-04-14,179,0,0.0,Good
1037,1037,2025-04-14,135,4,2.96,Good
1038,1038,2025-04-14,78,3,3.85,Warning
1039,1039,2025-04-14,112,1,0.89,Good
1040,1040,2025-04-14,180,9,5.0,Warning
1041,1041,2025-04-15,90,7,7.78,Poor
1042,1042,2025-04-15,141,0,0.0,Good
1043,1043,2025-04-15,50,3,6.0,Poor
1044,1044,2025-04-15,194,5,2.58,Good
1045,1045,2025-04-15,76,2,2.63,Good
1046,1046,2025-04-15,98,0,0.0,Good
1047,1047,2025-04-15,53,2,3.77,Warning
1048,1048,2025-04-15,56,3,5.36,Poor
1049,1049,2025-04-15,173,11,6.36,Poor
1050,1050,2025-04-15,123,8,6.5,Poor
1051,1051,2025-04-16,81,6,7.41,Poor
1052,1052,2025-04-16,164,9,5.49,Poor
1053,1053,2025-04-16,187,11,5.88,Poor
1054,1054,2025-04-16,195,1,0.51,Good
1055,1055,2025-04-16,101,3,2.97,Good
1056,1056,2025-04-16,58,1,1.72,Good
1057,1057,2025-04-16,110,7,6.36,Poor
1058,1058,2025-04-16,141,10,7.09,Poor
1059,1059,2025-04-16,180,1,0.56,Good
1060,1060,2025-04-16,105,0,0.0,Good
1061,1061,2025-04-17,75,6,8.0,Poor
1062,1062,2025-04-17,84,0,0.0,Good
1063,1063,2025-04-17,167,0,0.0,Good
1064,1064,2025-04-17,199,9,4.52,Warning
1065,1065,2025-04-17,122,9,7.38,Poor
1066,1066,2025-04-17,132,7,5.3,Poor
1067,1067,2025-04-17,67,4,5.97,Poor
1068,1068,2025-04-17,66,1,1.52,Good
1069,1069,2025-04-17,115,1,0.87,Good
1070,1070,2025-04-17,65,1,1.54,Good
1071,1071,2025-04-18,56,3,5.36,Poor
1072,1072,2025-04-18,80,3,3.75,Warning
1073,1073,2025-04-18,195,3,1.54,Good
1074,1074,2025-04-18,189,10,5.29,Poor
1075,1075,2025-04-18,104,6,5.77,Poor
1076,1076,2025-04-18,69,0,0.0,Good
1077,1077,2025-04-18,156,7,4.49,Warning
1078,1078,2025-04-18,57,3,5.26,Poor
1079,1079,2025-04-18,151,9,5.96,Poor
1080,1080,2025-04-18,146,7,4.79,Warning
1081,1081,2025-04-19,51,1,1.96,Good
1082,1082,2025-04-19,133,8,6.02,Poor
1083,1083,2025-04-19,81,6,7.41,Poor
1084,1084,2025-04-19,83,3,3.61,Warning
1085,1085,2025-04-19,76,3,3.95,Warning
1086,1086,2025-04-19,173,3,1.73,Good
1087,1087,2025-04-19,90,6,6.67,Poor
1088,1088,2025-04-19,187,10,5.35,Poor
1089,1089,2025-04-19,133,10,7.52,Poor
1090,1090,2025-04-19,176,8,4.55,Warning
1091,1091,2025-04-20,68,0,0.0,Good
1092,1092,2025-04-20,138,11,7.97,Poor
1093,1093,2025-04-20,82,4,4.88,Warning
1094,1094,2025-04-20,124,1,0.81,Good
1095,1095,2025-04-20,154,10,6.49,Poor
1096,1096,2025-04-20,191,13,6.81,Poor
1097,1097,2025-04-20,109,1,0.92,Good
1098,1098,2025-04-20,178,5,2.81,Good
1099,1099,2025-04-20,145,2,1.38,Good
1100,1100,2025-04-20,131,6,4.58,Warning
1101,1101,2025-04-21,167,6,3.59,Warning
1102,1102,2025-04-21,174,8,4.6,Warning
1103,1103,2025-04-21,162,9,5.56,Poor
1104,1104,2025-04-21,50,2,4.0,Warning
1105,1105,2025-04-21,126,1,0.79,Good
1106,1106,2025-04-21,70,3,4.29,Warning
1107,1107,2025-04-21,147,9,6.12,Poor
1108,1108,2025-04-21,73,0,0.0,Good
1109,1109,2025-04-21,141,3,2.13,Good
1110,1110,2025-04-21,123,0,0.0,Good
1111,1111,2025-04-22,131,2,1.53,Good
1112,1112,2025-04-22,127,2,1.57,Good
1113,1113,2025-04-22,158,9,5.7,Poor
1114,1114,2025-04-22,155,10,6.45,Poor
1115,1115,2025-04-22,199,13,6.53,Poor
1116,1116,2025-04-22,195,14,7.18,Poor
1117,1117,2025-04-22,155,8,5.16,Poor
1118,1118,2025-04-22,159,9,5.66,Poor
1119,1119,2025-04-22,196,0,0.0,Good
1120,1120,2025-04-22,63,3,4.76,Warning
1121,1121,2025-04-23,192,5,2.6,Good
1122,1122,2025-04-23,178,12,6.74,Poor
1123,1123,2025-04-23,80,3,3.75,Warning
1124,1124,2025-04-23,53,2,3.77,Warning
1125,1125,2025-04-23,79,6,7.59,Poor
1126,1126,2025-04-23,112,7,6.25,Poor
1127,1127,2025-04-23,158,4,2.53,Good
1128,1128,2025-04-23,60,2,3.33,Warning
1129,1129,2025-04-23,194,15,7.73,Poor
1130,1130,2025-04-23,60,1,1.67,Good
1131,1131,2025-04-24,191,7,3.66,Warning
1132,1132,2025-04-24,128,1,0.78,Good
1133,1133,2025-04-24,50,1,2.0,Good
1134,1134,2025-04-24,67,0,0.0,Good
1135,1135,2025-04-24,68,2,2.94,Good
1136,1136,2025-04-24,141,7,4.96,Warning
1137,1137,2025-04-24,173,0,0.0,Good
1138,1138,2025-04-24,67,4,5.97,Poor
1139,1139,2025-04-24,106,0,0.0,Good
1140,1140,2025-04-24,170,8,4.71,Warning
1141,1141,2025-04-25,128,9,7.03,Poor
1142,1142,2025-04-25,55,4,7.27,Poor
1143,1143,2025-04-25,96,4,4.17,Warning
1144,1144,2025-04-25,138,6,4.35,Warning
1145,1145,2025-04-25,53,4,7.55,Poor
1146,1146,2025-04-25,124,3,2.42,Good
1147,1147,2025-04-25,88,0,0.0,Good
1148,1148,2025-04-25,80,1,1.25,Good
1149,1149,2025-04-25,61,1,1.64,Good
1150,1150,2025-04-25,82,1,1.22,Good
1151,1151,2025-04-26,195,7,3.59,Warning
1152,1152,2025-04-26,138,4,2.9,Good
1153,1153,2025-04-26,63,1,1.59,Good
1154,1154,2025-04-26,145,7,4.83,Warning
1155,1155,2025-04-26,70,1,1.43,Good
1156,1156,2025-04-26,100,8,8.0,Poor
1157,1157,2025-04-26,116,4,3.45,Warning
1158,1158,2025-04-26,174,2,1.15,Good
1159,1159,2025-04-26,169,8,4.73,Warning
1160,1160,2025-04-26,68,1,1.47,Good
1161,1161,2025-04-27,78,4,5.13,Poor
1162,1162,2025-04-27,149,10,6.71,Poor
1163,1163,2025-04-27,130,10,7.69,Poor
1164,1164,2025-04-27,172,3,1.74,Good
1165,1165,2025-04-27,144,1,0.69,Good
1166,1166,2025-04-27,132,10,7.58,Poor
1167,1167,2025-04-27,123,9,7.32,Poor
1168,1168,2025-04-27,147,0,0.0,Good
1169,1169,2025-04-27,148,6,4.05,Warning
1170,1170,2025-04-27,65,3,4.62,Warning
1171,1171,2025-04-28,161,6,3.73,Warning
1172,1172,2025-04-28,118,7,5.93,Poor
1173,1173,2025-04-28,73,1,1.37,Good
1174,1174,2025-04-28,119,3,2.52,Good
1175,1175,2025-04-28,124,6,4.84,Warning
1176,1176,2025-04-28,193,7,3.63,Warning
1177,1177,2025-04-28,117,8,6.84,Poor
1178,1178,2025-04-28,133,4,3.01,Warning
1179,1179,2025-04-28,166,5,3.01,Warning
1180,1180,2025-04-28,77,5,6.49,Poor
1181,1181,2025-04-29,134,7,5.22,Poor
1182,1182,2025-04-29,183,13,7.1,Poor
1183,1183,2025-04-29,60,0,0.0,Good
1184,1184,2025-04-29,130,8,6.15,Poor
1185,1185,2025-04-29,109,2,1.83,Good
1186,1186,2025-04-29,158,10,6.33,Poor
1187,1187,2025-04-29,199,15,7.54,Poor
1188,1188,2025-04-29,110,6,5.45,Poor
1189,1189,2025-04-29,63,3,4.76,Warning
1190,1190,2025-04-29,109,0,0.0,Good
1191,1191,2025-04-30,68,3,4.41,Warning
1192,1192,2025-04-30,183,10,5.46,Poor
1193,1193,2025-04-30,89,1,1.12,Good
1194,1194,2025-04-30,60,4,6.67,Poor
1195,1195,2025-04-30,136,9,6.62,Poor
1196,1196,2025-04-30,95,7,7.37,Poor
1197,1197,2025-04-30,191,7,3.66,Warning
1198,1198,2025-04-30,109,2,1.83,Good
1199,1199,2025-04-30,186,5,2.69,Good
1200,1200,2025-04-30,146,8,5.48,Poor
1201,1201,2025-05-01,108,4,3.7,Warning
1202,1202,2025-05-01,131,1,0.76,Good
1203,1203,2025-05-01,69,3,4.35,Warning
1204,1204,2025-05-01,69,5,7.25,Poor
1205,1205,2025-05-01,64,3,4.69,Warning
1206,1206,2025-05-01,138,1,0.72,Good
1207,1207,2025-05-01,130,10,7.69,Poor
1208,1208,2025-05-01,74,1,1.35,Good
1209,1209,2025-05-01,181,2,1.1,Good
1210,1210,2025-05-01,93,2,2.15,Good
1211,1211,2025-05-02,156,2,1.28,Good
1212,1212,2025-05-02,100,6,6.0,Poor
1213,1213,2025-05-02,136,8,5.88,Poor
1214,1214,2025-05-02,190,7,3.68,Warning
1215,1215,2025-05-02,120,9,7.5,Poor
1216,1216,2025-05-02,148,0,0.0,Good
1217,1217,2025-05-02,134,2,1.49,Good
1218,1218,2025-05-02,58,2,3.45,Warning
1219,1219,2025-05-02,189,4,2.12,Good
1220,1220,2025-05-02,131,2,1.53,Good
1221,1221,2025-05-03,147,10,6.8,Poor
1222,1222,2025-05-03,169,10,5.92,Poor
1223,1223,2025-05-03,69,5,7.25,Poor
1224,1224,2025-05-03,99,5,5.05,Poor
1225,1225,2025-05-03,73,2,2.74,Good
1226,1226,2025-05-03,178,6,3.37,Warning
1227,1227,2025-05-03,197,9,4.57,Warning
1228,1228,2025-05-03,59,4,6.78,Poor
1229,1229,2025-05-03,126,8,6.35,Poor
1230,1230,2025-05-03,169,1,0.59,Good
1231,1231,2025-05-04,185,8,4.32,Warning
1232,1232,2025-05-04,85,4,4.71,Warning
1233,1233,2025-05-04,70,5,7.14,Poor
1234,1234,2025-05-04,169,8,4.73,Warning
1235,1235,2025-05-04,51,3,5.88,Poor
1236,1236,2025-05-04,150,6,4.0,Warning
1237,1237,2025-05-04,75,2,2.67,Good
1238,1238,2025-05-04,115,5,4.35,Warning
1239,1239,2025-05-04,182,11,6.04,Poor
1240,1240,2025-05-04,52,3,5.77,Poor
1241,1241,2025-05-05,76,4,5.26,Poor
1242,1242,2025-05-05,162,0,0.0,Good
1243,1243,2025-05-05,56,0,0.0,Good
1244,1244,2025-05-05,105,6,5.71,Poor
1245,1245,2025-05-05,130,1,0.77,Good
1246,1246,2025-05-05,87,1,1.15,Good
1247,1247,2025-05-05,52,0,0.0,Good
1248,1248,2025-05-05,157,3,1.91,Good
1249,1249,2025-05-05,142,7,4.93,Warning
1250,1250,2025-05-05,150,9,6.0,Poor
1251,1251,2025-05-06,76,1,1.32,Good
1252,1252,2025-05-06,153,4,2.61,Good
1253,1253,2025-05-06,164,2,1.22,Good
1254,1254,2025-05-06,134,9,6.72,Poor
1255,1255,2025-05-06,190,11,5.79,Poor
1256,1256,2025-05-06,147,8,5.44,Poor
1257,1257,2025-05-06,119,2,1.68,Good
1258,1258,2025-05-06,75,5,6.67,Poor
1259,1259,2025-05-06,93,2,2.15,Good
1260,1260,2025-05-06,181,14,7.73,Poor
1261,1261,2025-05-07,185,5,2.7,Good
1262,1262,2025-05-07,103,5,4.85,Warning
1263,1263,2025-05-07,114,1,0.88,Good
1264,1264,2025-05-07,116,3,2.59,Good
1265,1265,2025-05-07,59,0,0.0,Good
1266,1266,2025-05-07,197,8,4.06,Warning
1267,1267,2025-05-07,95,6,6.32,Poor
1268,1268,2025-05-07,168,3,1.79,Good
1269,1269,2025-05-07,152,3,1.97,Good
1270,1270,2025-05-07,88,5,5.68,Poor
1271,1271,2025-05-08,77,2,2.6,Good
1272,1272,2025-05-08,110,1,0.91,Good
1273,1273,2025-05-08,61,2,3.28,Warning
1274,1274,2025-05-08,107,0,0.0,Good
1275,1275,2025-05-08,188,0,0.0,Good
1276,1276,2025-05-08,124,5,4.03,Warning
1277,1277,2025-05-08,106,1,0.94,Good
1278,1278,2025-05-08,58,0,0.0,Good
1279,1279,2025-05-08,93,5,5.38,Poor
1280,1280,2025-05-08,61,2,3.28,Warning
1281,1281,2025-05-09,164,5,3.05,Warning
1282,1282,2025-05-09,125,7,5.6,Poor
1283,1283,2025-05-09,161,9,5.59,Poor
1284,1284,2025-05-09,72,3,4.17,Warning
1285,1285,2025-05-09,77,1,1.3,Good
1286,1286,2025-05-09,138,9,6.52,Poor
1287,1287,2025-05-09,132,1,0.76,Good
1288,1288,2025-05-09,179,4,2.23,Good
1289,1289,2025-05-09,155,9,5.81,Poor
1290,1290,2025-05-09,76,3,3.95,Warning
1291,1291,2025-05-10,88,4,4.55,Warning
1292,1292,2025-05-10,171,13,7.6,Poor
1293,1293,2025-05-10,71,1,1.41,Good
1294,1294,2025-05-10,165,1,0.61,Good
1295,1295,2025-05-10,88,7,7.95,Poor
1296,1296,2025-05-10,93,4,4.3,Warning
1297,1297,2025-05-10,71,4,5.63,Poor
1298,1298,2025-05-10,188,15,7.98,Poor
1299,1299,2025-05-10,187,13,6.95,Poor
1300,1300,2025-05-10,101,3,2.97,Good
1301,1301,2025-05-11,109,3,2.75,Good
1302,1302,2025-05-11,64,3,4.69,Warning
1303,1303,2025-05-11,143,5,3.5,Warning
1304,1304,2025-05-11,165,12,7.27,Poor
1305,1305,2025-05-11,151,1,0.66,Good
1306,1306,2025-05-11,111,5,4.5,Warning
1307,1307,2025-05-11,137,2,1.46,Good
1308,1308,2025-05-11,85,0,0.0,Good
1309,1309,2025-05-11,89,2,2.25,Good
1310,1310,2025-05-11,163,9,5.52,Poor
1311,1311,2025-05-12,161,1,0.62,Good
1312,1312,2025-05-12,175,7,4.0,Warning
1313,1313,2025-05-12,57,0,0.0,Good
1314,1314,2025-05-12,72,1,1.39,Good
1315,1315,2025-05-12,186,0,0.0,Good
1316,1316,2025-05-12,191,11,5.76,Poor
1317,1317,2025-05-12,137,1,0.73,Good
1318,1318,2025-05-12,165,2,1.21,Good
1319,1319,2025-05-12,119,8,6.72,Poor
1320,1320,2025-05-12,190,7,3.68,Warning
1321,1321,2025-05-13,106,1,0.94,Good
1322,1322,2025-05-13,73,4,5.48,Poor
1323,1323,2025-05-13,180,9,5.0,Warning
1324,1324,2025-05-13,160,8,5.0,Warning
1325,1325,2025-05-13,112,5,4.46,Warning
1326,1326,2025-05-13,127,0,0.0,Good
1327,1327,2025-05-13,144,2,1.39,Good
1328,1328,2025-05-13,132,10,7.58,Poor
1329,1329,2025-05-13,151,12,7.95,Poor
1330,1330,2025-05-13,115,0,0.0,Good
1331,1331,2025-05-14,148,0,0.0,Good
1332,1332,2025-05-14,137,6,4.38,Warning
1333,1333,2025-05-14,128,3,2.34,Good
1334,1334,2025-05-14,85,4,4.71,Warning
1335,1335,2025-05-14,52,0,0.0,Good
1336,1336,2025-05-14,180,8,4.44,Warning
1337,1337,2025-05-14,136,0,0.0,Good
1338,1338,2025-05-14,197,2,1.02,Good
1339,1339,2025-05-14,135,7,5.19,Poor
1340,1340,2025-05-14,95,7,7.37,Poor
1341,1341,2025-05-15,133,0,0.0,Good
1342,1342,2025-05-15,160,11,6.88,Poor
1343,1343,2025-05-15,113,6,5.31,Poor
1344,1344,2025-05-15,93,2,2.15,Good
1345,1345,2025-05-15,187,14,7.49,Poor
1346,1346,2025-05-15,95,2,2.11,Good
1347,1347,2025-05-15,134,0,0.0,Good
1348,1348,2025-05-15,138,3,2.17,Good
1349,1349,2025-05-15,180,6,3.33,Warning
1350,1350,2025-05-15,131,3,2.29,Good
1351,1351,2025-05-16,73,1,1.37,Good
1352,1352,2025-05-16,100,5,5.0,Warning
1353,1353,2025-05-16,193,8,4.15,Warning
1354,1354,2025-05-16,182,11,6.04,Poor
1355,1355,2025-05-16,117,2,1.71,Good
1356,1356,2025-05-16,65,4,6.15,Poor
1357,1357,2025-05-16,117,1,0.85,Good
1358,1358,2025-05-16,184,4,2.17,Good
1359,1359,2025-05-16,125,4,3.2,Warning
1360,1360,2025-05-16,160,11,6.88,Poor
1361,1361,2025-05-17,90,0,0.0,Good
1362,1362,2025-05-17,118,2,1.69,Good
1363,1363,2025-05-17,128,5,3.91,Warning
1364,1364,2025-05-17,177,10,5.65,Poor
1365,1365,2025-05-17,199,14,7.04,Poor
1366,1366,2025-05-17,97,7,7.22,Poor
1367,1367,2025-05-17,99,1,1.01,Good
1368,1368,2025-05-17,112,2,1.79,Good
1369,1369,2025-05-17,72,0,0.0,Good
1370,1370,2025-05-17,180,0,0.0,Good
1371,1371,2025-05-18,180,13,7.22,Poor
1372,1372,2025-05-18,90,3,3.33,Warning
1373,1373,2025-05-18,188,1,0.53,Good
1374,1374,2025-05-18,167,4,2.4,Good
1375,1375,2025-05-18,104,8,7.69,Poor
1376,1376,2025-05-18,137,10,7.3,Poor
1377,1377,2025-05-18,167,13,7.78,Poor
1378,1378,2025-05-18,94,0,0.0,Good
1379,1379,2025-05-18,109,2,1.83,Good
1380,1380,2025-05-18,71,5,7.04,Poor
1381,1381,2025-05-19,160,5,3.12,Warning
1382,1382,2025-05-19,81,6,7.41,Poor
1383,1383,2025-05-19,131,5,3.82,Warning
1384,1384,2025-05-19,159,10,6.29,Poor
1385,1385,2025-05-19,166,3,1.81,Good
1386,1386,2025-05-19,98,7,7.14,Poor
1387,1387,2025-05-19,146,1,0.68,Good
1388,1388,2025-05-19,62,3,4.84,Warning
1389,1389,2025-05-19,85,6,7.06,Poor
1390,1390,2025-05-19,162,7,4.32,Warning
1391,1391,2025-05-20,192,15,7.81,Poor
1392,1392,2025-05-20,156,10,6.41,Poor
1393,1393,2025-05-20,134,10,7.46,Poor
1394,1394,2025-05-20,175,3,1.71,Good
1395,1395,2025-05-20,88,4,4.55,Warning
1396,1396,2025-05-20,157,0,0.0,Good
1397,1397,2025-05-20,144,10,6.94,Poor
1398,1398,2025-05-20,171,12,7.02,Poor
1399,1399,2025-05-20,59,2,3.39,Warning
1400,1400,2025-05-20,54,1,1.85,Good
1401,1401,2025-05-21,73,0,0.0,Good
1402,1402,2025-05-21,85,2,2.35,Good
1403,1403,2025-05-21,52,2,3.85,Warning
1404,1404,2025-05-21,180,13,7.22,Poor
1405,1405,2025-05-21,105,6,5.71,Poor
1406,1406,2025-05-21,183,13,7.1,Poor
1407,1407,2025-05-21,93,5,5.38,Poor
1408,1408,2025-05-21,66,3,4.55,Warning
1409,1409,2025-05-21,62,1,1.61,Good
1410,1410,2025-05-21,121,5,4.13,Warning
1411,1411,2025-05-22,144,10,6.94,Poor
1412,1412,2025-05-22,87,3,3.45,Warning
1413,1413,2025-05-22,166,4,2.41,Good
1414,1414,2025-05-22,161,9,5.59,Poor
1415,1415,2025-05-22,110,4,3.64,Warning
1416,1416,2025-05-22,127,3,2.36,Good
1417,1417,2025-05-22,95,2,2.11,Good
1418,1418,2025-05-22,91,3,3.3,Warning
1419,1419,2025-05-22,164,13,7.93,Poor
1420,1420,2025-05-22,93,1,1.08,Good
1421,1421,2025-05-23,100,0,0.0,Good
1422,1422,2025-05-23,97,7,7.22,Poor
1423,1423,2025-05-23,103,2,1.94,Good
1424,1424,2025-05-23,82,6,7.32,Poor
1425,1425,2025-05-23,57,2,3.51,Warning
1426,1426,2025-05-23,127,8,6.3,Poor
1427,1427,2025-05-23,123,0,0.0,Good
1428,1428,2025-05-23,56,0,0.0,Good
1429,1429,2025-05-23,119,5,4.2,Warning
1430,1430,2025-05-23,105,4,3.81,Warning
1431,1431,2025-05-24,123,4,3.25,Warning
1432,1432,2025-05-24,150,2,1.33,Good
1433,1433,2025-05-24,93,7,7.53,Poor
1434,1434,2025-05-24,84,4,4.76,Warning
1435,1435,2025-05-24,68,3,4.41,Warning
1436,1436,2025-05-24,89,7,7.87,Poor
1437,1437,2025-05-24,95,4,4.21,Warning
1438,1438,2025-05-24,112,3,2.68,Good
1439,1439,2025-05-24,117,7,5.98,Poor
1440,1440,2025-05-24,164,2,1.22,Good
1441,1441,2025-05-25,55,2,3.64,Warning
1442,1442,2025-05-25,186,12,6.45,Poor
1443,1443,2025-05-25,117,4,3.42,Warning
1444,1444,2025-05-25,111,7,6.31,Poor
1445,1445,2025-05-25,148,2,1.35,Good
1446,1446,2025-05-25,191,4,2.09,Good
1447,1447,2025-05-25,136,10,7.35,Poor
1448,1448,2025-05-25,144,9,6.25,Poor
1449,1449,2025-05-25,128,8,6.25,Poor
1450,1450,2025-05-25,123,8,6.5,Poor
1451,1451,2025-05-26,91,7,7.69,Poor
1452,1452,2025-05-26,139,9,6.47,Poor
1453,1453,2025-05-26,149,5,3.36,Warning
1454,1454,2025-05-26,144,9,6.25,Poor
1455,1455,2025-05-26,191,15,7.85,Poor
1456,1456,2025-05-26,161,12,7.45,Poor
1457,1457,2025-05-26,197,8,4.06,Warning
1458,1458,2025-05-26,77,1,1.3,Good
1459,1459,2025-05-26,56,0,0.0,Good
1460,1460,2025-05-26,179,12,6.7,Poor
1461,1461,2025-05-27,162,1,0.62,Good
1462,1462,2025-05-27,63,3,4.76,Warning
1463,1463,2025-05-27,87,1,1.15,Good
1464,1464,2025-05-27,135,9,6.67,Poor
1465,1465,2025-05-27,78,3,3.85,Warning
1466,1466,2025-05-27,194,6,3.09,Warning
1467,1467,2025-05-27,77,4,5.19,Poor
1468,1468,2025-05-27,97,4,4.12,Warning
1469,1469,2025-05-27,120,6,5.0,Warning
1470,1470,2025-05-27,123,9,7.32,Poor
1471,1471,2025-05-28,132,6,4.55,Warning
1472,1472,2025-05-28,148,10,6.76,Poor
1473,1473,2025-05-28,135,6,4.44,Warning
1474,1474,2025-05-28,156,0,0.0,Good
1475,1475,2025-05-28,97,0,0.0,Good
1476,1476,2025-05-28,176,6,3.41,Warning
1477,1477,2025-05-28,86,2,2.33,Good
1478,1478,2025-05-28,130,1,0.77,Good
1479,1479,2025-05-28,110,0,0.0,Good
1480,1480,2025-05-28,198,13,6.57,Poor
1481,1481,2025-05-29,78,6,7.69,Poor
1482,1482,2025-05-29,86,3,3.49,Warning
1483,1483,2025-05-29,107,4,3.74,Warning
1484,1484,2025-05-29,183,13,7.1,Poor
1485,1485,2025-05-29,135,7,5.19,Poor
1486,1486,2025-05-29,129,9,6.98,Poor
1487,1487,2025-05-29,126,1,0.79,Good
1488,1488,2025-05-29,192,9,4.69,Warning
1489,1489,2025-05-29,126,2,1.59,Good
1490,1490,2025-05-29,161,5,3.11,Warning
1491,1491,2025-05-30,120,9,7.5,Poor
1492,1492,2025-05-30,131,3,2.29,Good
1493,1493,2025-05-30,162,0,0.0,Good
1494,1494,2025-05-30,144,7,4.86,Warning
1495,1495,2025-05-30,139,4,2.88,Good
1496,1496,2025-05-30,125,1,0.8,Good
1497,1497,2025-05-30,134,8,5.97,Poor
1498,1498,2025-05-30,168,4,2.38,Good
1499,1499,2025-05-30,119,9,7.56,Poor
1500,1500,2025-05-30,81,2,2.47,Good
1501,1501,2025-05-31,53,1,1.89,Good
1502,1502,2025-05-31,86,1,1.16,Good
1503,1503,2025-05-31,134,1,0.75,Good
1504,1504,2025-05-31,189,11,5.82,Poor
1505,1505,2025-05-31,193,14,7.25,Poor
1506,1506,2025-05-31,146,8,5.48,Poor
1507,1507,2025-05-31,71,0,0.0,Good
1508,1508,2025-05-31,147,11,7.48,Poor
1509,1509,2025-05-31,130,5,3.85,Warning
1510,1510,2025-05-31,51,4,7.84,Poor
1511,1511,2025-06-01,78,2,2.56,Good
1512,1512,2025-06-01,65,4,6.15,Poor
1513,1513,2025-06-01,162,6,3.7,Warning
1514,1514,2025-06-01,194,3,1.55,Good
1515,1515,2025-06-01,145,7,4.83,Warning
1516,1516,2025-06-01,121,8,6.61,Poor
1517,1517,2025-06-01,57,0,0.0,Good
1518,1518,2025-06-01,127,8,6.3,Poor
1519,1519,2025-06-01,159,12,7.55,Poor
1520,1520,2025-06-01,197,1,0.51,Good
1521,1521,2025-06-02,184,10,5.43,Poor
1522,1522,2025-06-02,53,1,1.89,Good
1523,1523,2025-06-02,146,7,4.79,Warning
1524,1524,2025-06-02,181,2,1.1,Good
1525,1525,2025-06-02,91,4,4.4,Warning
1526,1526,2025-06-02,196,0,0.0,Good
1527,1527,2025-06-02,110,4,3.64,Warning
1528,1528,2025-06-02,83,6,7.23,Poor
1529,1529,2025-06-02,177,4,2.26,Good
1530,1530,2025-06-02,165,8,4.85,Warning
1531,1531,2025-06-03,125,7,5.6,Poor
1532,1532,2025-06-03,132,2,1.52,Good
1533,1533,2025-06-03,92,1,1.09,Good
1534,1534,2025-06-03,144,5,3.47,Warning
1535,1535,2025-06-03,69,2,2.9,Good
1536,1536,2025-06-03,153,2,1.31,Good
1537,1537,2025-06-03,126,9,7.14,Poor
1538,1538,2025-06-03,109,7,6.42,Poor
1539,1539,2025-06-03,85,4,4.71,Warning
1540,1540,2025-06-03,130,2,1.54,Good
1541,1541,2025-06-04,58,2,3.45,Warning
1542,1542,2025-06-04,102,0,0.0,Good
1543,1543,2025-06-04,74,3,4.05,Warning
1544,1544,2025-06-04,64,2,3.12,Warning
1545,1545,2025-06-04,85,6,7.06,Poor
1546,1546,2025-06-04,156,3,1.92,Good
1547,1547,2025-06-04,176,5,2.84,Good
1548,1548,2025-06-04,172,11,6.4,Poor
1549,1549,2025-06-04,96,4,4.17,Warning
1550,1550,2025-06-04,149,10,6.71,Poor
1551,1551,2025-06-05,182,14,7.69,Poor
1552,1552,2025-06-05,142,8,5.63,Poor
1553,1553,2025-06-05,137,7,5.11,Poor
1554,1554,2025-06-05,155,0,0.0,Good
1555,1555,2025-06-05,144,0,0.0,Good
1556,1556,2025-06-05,132,7,5.3,Poor
1557,1557,2025-06-05,143,9,6.29,Poor
1558,1558,2025-06-05,197,15,7.61,Poor
1559,1559,2025-06-05,142,11,7.75,Poor
1560,1560,2025-06-05,100,2,2.0,Good
1561,1561,2025-06-06,195,2,1.03,Good
1562,1562,2025-06-06,186,8,4.3,Warning
1563,1563,2025-06-06,77,4,5.19,Poor
1564,1564,2025-06-06,115,0,0.0,Good
1565,1565,2025-06-06,138,4,2.9,Good
1566,1566,2025-06-06,178,13,7.3,Poor
1567,1567,2025-06-06,114,6,5.26,Poor
1568,1568,2025-06-06,141,2,1.42,Good
1569,1569,2025-06-06,198,2,1.01,Good
1570,1570,2025-06-06,186,9,4.84,Warning
1571,1571,2025-06-07,99,5,5.05,Poor
1572,1572,2025-06-07,183,0,0.0,Good
1573,1573,2025-06-07,143,8,5.59,Poor
1574,1574,2025-06-07,100,0,0.0,Good
1575,1575,2025-06-07,163,6,3.68,Warning
1576,1576,2025-06-07,189,4,2.12,Good
1577,1577,2025-06-07,50,2,4.0,Warning
1578,1578,2025-06-07,114,2,1.75,Good
1579,1579,2025-06-07,152,0,0.0,Good
1580,1580,2025-06-07,86,6,6.98,Poor
1581,1581,2025-06-08,121,4,3.31,Warning
1582,1582,2025-06-08,82,5,6.1,Poor
1583,1583,2025-06-08,80,0,0.0,Good
1584,1584,2025-06-08,173,11,6.36,Poor
1585,1585,2025-06-08,108,8,7.41,Poor
1586,1586,2025-06-08,122,9,7.38,Poor
1587,1587,2025-06-08,148,2,1.35,Good
1588,1588,2025-06-08,165,4,2.42,Good
1589,1589,2025-06-08,113,6,5.31,Poor
1590,1590,2025-06-08,193,9,4.66,Warning
1591,1591,2025-06-09,188,11,5.85,Poor
1592,1592,2025-06-09,58,3,5.17,Poor
1593,1593,2025-06-09,55,0,0.0,Good
1594,1594,2025-06-09,111,4,3.6,Warning
1595,1595,2025-06-09,85,6,7.06,Poor
1596,1596,2025-06-09,94,3,3.19,Warning
1597,1597,2025-06-09,133,5,3.76,Warning
1598,1598,2025-06-09,56,2,3.57,Warning
1599,1599,2025-06-09,128,0,0.0,Good
1600,1600,2025-06-09,145,7,4.83,Warning
1601,1601,2025-06-10,78,0,0.0,Good
1602,1602,2025-06-10,160,2,1.25,Good
1603,1603,2025-06-10,58,4,6.9,Poor
1604,1604,2025-06-10,58,1,1.72,Good
1605,1605,2025-06-10,50,0,0.0,Good
1606,1606,2025-06-10,76,0,0.0,Good
1607,1607,2025-06-10,115,1,0.87,Good
1608,1608,2025-06-10,86,2,2.33,Good
1609,1609,2025-06-10,180,14,7.78,Poor
1610,1610,2025-06-10,179,14,7.82,Poor
1611,1611,2025-06-11,155,11,7.1,Poor
1612,1612,2025-06-11,61,2,3.28,Warning
1613,1613,2025-06-11,150,0,0.0,Good
1614,1614,2025-06-11,84,5,5.95,Poor
1615,1615,2025-06-11,91,5,5.49,Poor
1616,1616,2025-06-11,61,4,6.56,Poor
1617,1617,2025-06-11,92,0,0.0,Good
1618,1618,2025-06-11,81,0,0.0,Good
1619,1619,2025-06-11,188,10,5.32,Poor
1620,1620,2025-06-11,136,2,1.47,Good
1621,1621,2025-06-12,151,1,0.66,Good
1622,1622,2025-06-12,175,2,1.14,Good
1623,1623,2025-06-12,182,12,6.59,Poor
1624,1624,2025-06-12,84,3,3.57,Warning
1625,1625,2025-06-12,60,1,1.67,Good
1626,1626,2025-06-12,146,1,0.68,Good
1627,1627,2025-06-12,83,2,2.41,Good
1628,1628,2025-06-12,194,4,2.06,Good
1629,1629,2025-06-12,162,9,5.56,Poor
1630,1630,2025-06-12,175,14,8.0,Poor
1631,1631,2025-06-13,153,0,0.0,Good
1632,1632,2025-06-13,114,0,0.0,Good
1633,1633,2025-06-13,96,7,7.29,Poor
1634,1634,2025-06-13,78,4,5.13,Poor
1635,1635,2025-06-13,104,0,0.0,Good
1636,1636,2025-06-13,79,0,0.0,Good
1637,1637,2025-06-13,62,4,6.45,Poor
1638,1638,2025-06-13,119,9,7.56,Poor
1639,1639,2025-06-13,139,2,1.44,Good
1640,1640,2025-06-13,137,4,2.92,Good
1641,1641,2025-06-14,59,0,0.0,Good
1642,1642,2025-06-14,104,5,4.81,Warning
1643,1643,2025-06-14,78,6,7.69,Poor
1644,1644,2025-06-14,191,6,3.14,Warning
1645,1645,2025-06-14,120,5,4.17,Warning
1646,1646,2025-06-14,176,6,3.41,Warning
1647,1647,2025-06-14,122,9,7.38,Poor
1648,1648,2025-06-14,126,7,5.56,Poor
1649,1649,2025-06-14,179,10,5.59,Poor
1650,1650,2025-06-14,166,9,5.42,Poor
1651,1651,2025-06-15,89,6,6.74,Poor
1652,1652,2025-06-15,198,2,1.01,Good
1653,1653,2025-06-15,71,3,4.23,Warning
1654,1654,2025-06-15,70,3,4.29,Warning
1655,1655,2025-06-15,116,6,5.17,Poor
1656,1656,2025-06-15,147,6,4.08,Warning
1657,1657,2025-06-15,105,2,1.9,Good
1658,1658,2025-06-15,161,6,3.73,Warning
1659,1659,2025-06-15,107,1,0.93,Good
1660,1660,2025-06-15,181,8,4.42,Warning
1661,1661,2025-06-16,84,4,4.76,Warning
1662,1662,2025-06-16,162,8,4.94,Warning
1663,1663,2025-06-16,167,6,3.59,Warning
1664,1664,2025-06-16,189,4,2.12,Good
1665,1665,2025-06-16,124,5,4.03,Warning
1666,1666,2025-06-16,183,10,5.46,Poor
1667,1667,2025-06-16,127,8,6.3,Poor
1668,1668,2025-06-16,131,1,0.76,Good
1669,1669,2025-06-16,150,6,4.0,Warning
1670,1670,2025-06-16,96,6,6.25,Poor
1671,1671,2025-06-17,107,5,4.67,Warning
1672,1672,2025-06-17,162,12,7.41,Poor
1673,1673,2025-06-17,132,4,3.03,Warning
1674,1674,2025-06-17,180,12,6.67,Poor
1675,1675,2025-06-17,125,5,4.0,Warning
1676,1676,2025-06-17,94,4,4.26,Warning
1677,1677,2025-06-17,57,2,3.51,Warning
1678,1678,2025-06-17,118,1,0.85,Good
1679,1679,2025-06-17,155,8,5.16,Poor
1680,1680,2025-06-17,100,3,3.0,Good
1681,1681,2025-06-18,80,2,2.5,Good
1682,1682,2025-06-18,95,1,1.05,Good
1683,1683,2025-06-18,128,7,5.47,Poor
1684,1684,2025-06-18,95,3,3.16,Warning
1685,1685,2025-06-18,182,0,0.0,Good
1686,1686,2025-06-18,98,2,2.04,Good
1687,1687,2025-06-18,165,0,0.0,Good
1688,1688,2025-06-18,133,5,3.76,Warning
1689,1689,2025-06-18,126,4,3.17,Warning
1690,1690,2025-06-18,52,1,1.92,Good
1691,1691,2025-06-19,174,4,2.3,Good
1692,1692,2025-06-19,73,1,1.37,Good
1693,1693,2025-06-19,114,3,2.63,Good
1694,1694,2025-06-19,89,0,0.0,Good
1695,1695,2025-06-19,134,8,5.97,Poor
1696,1696,2025-06-19,90,0,0.0,Good
1697,1697,2025-06-19,171,9,5.26,Poor
1698,1698,2025-06-19,53,2,3.77,Warning
1699,1699,2025-06-19,88,6,6.82,Poor
1700,1700,2025-06-19,161,1,0.62,Good
1701,1701,2025-06-20,112,6,5.36,Poor
1702,1702,2025-06-20,169,6,3.55,Warning
1703,1703,2025-06-20,99,4,4.04,Warning
1704,1704,2025-06-20,183,5,2.73,Good
1705,1705,2025-06-20,83,4,4.82,Warning
1706,1706,2025-06-20,133,10,7.52,Poor
1707,1707,2025-06-20,87,4,4.6,Warning
1708,1708,2025-06-20,130,8,6.15,Poor
1709,1709,2025-06-20,51,1,1.96,Good
1710,1710,2025-06-20,74,1,1.35,Good
1711,1711,2025-06-21,56,0,0.0,Good
1712,1712,2025-06-21,108,2,1.85,Good
1713,1713,2025-06-21,173,11,6.36,Poor
1714,1714,2025-06-21,151,8,5.3,Poor
1715,1715,2025-06-21,136,5,3.68,Warning
1716,1716,2025-06-21,195,12,6.15,Poor
1717,1717,2025-06-21,132,10,7.58,Poor
1718,1718,2025-06-21,90,1,1.11,Good
1719,1719,2025-06-21,72,3,4.17,Warning
1720,1720,2025-06-21,175,13,7.43,Poor
1721,1721,2025-06-22,191,0,0.0,Good
1722,1722,2025-06-22,52,1,1.92,Good
1723,1723,2025-06-22,178,1,0.56,Good
1724,1724,2025-06-22,64,2,3.12,Warning
1725,1725,2025-06-22,194,6,3.09,Warning
1726,1726,2025-06-22,55,1,1.82,Good
1727,1727,2025-06-22,63,3,4.76,Warning
1728,1728,2025-06-22,129,1,0.78,Good
1729,1729,2025-06-22,146,7,4.79,Warning
1730,1730,2025-06-22,55,1,1.82,Good
1731,1731,2025-06-23,71,2,2.82,Good
1732,1732,2025-06-23,194,5,2.58,Good
1733,1733,2025-06-23,64,3,4.69,Warning
1734,1734,2025-06-23,181,14,7.73,Poor
1735,1735,2025-06-23,98,4,4.08,Warning
1736,1736,2025-06-23,50,0,0.0,Good
1737,1737,2025-06-23,55,3,5.45,Poor
1738,1738,2025-06-23,167,10,5.99,Poor
1739,1739,2025-06-23,84,2,2.38,Good
1740,1740,2025-06-23,53,1,1.89,Good
1741,1741,2025-06-24,81,6,7.41,Poor
1742,1742,2025-06-24,61,4,6.56,Poor
1743,1743,2025-06-24,189,10,5.29,Poor
1744,1744,2025-06-24,199,6,3.02,Warning
1745,1745,2025-06-24,64,5,7.81,Poor
1746,1746,2025-06-24,160,11,6.88,Poor
1747,1747,2025-06-24,50,4,8.0,Poor
1748,1748,2025-06-24,119,3,2.52,Good
1749,1749,2025-06-24,180,10,5.56,Poor
1750,1750,2025-06-24,87,6,6.9,Poor
1751,1751,2025-06-25,73,1,1.37,Good
1752,1752,2025-06-25,145,3,2.07,Good
1753,1753,2025-06-25,119,1,0.84,Good
1754,1754,2025-06-25,80,4,5.0,Warning
1755,1755,2025-06-25,173,2,1.16,Good
1756,1756,2025-06-25,169,4,2.37,Good
1757,1757,2025-06-25,94,3,3.19,Warning
1758,1758,2025-06-25,109,1,0.92,Good
1759,1759,2025-06-25,169,5,2.96,Good
1760,1760,2025-06-25,160,1,0.62,Good
1761,1761,2025-06-26,98,6,6.12,Poor
1762,1762,2025-06-26,100,1,1.0,Good
1763,1763,2025-06-26,79,2,2.53,Good
1764,1764,2025-06-26,147,10,6.8,Poor
1765,1765,2025-06-26,139,10,7.19,Poor
1766,1766,2025-06-26,142,4,2.82,Good
1767,1767,2025-06-26,69,5,7.25,Poor
1768,1768,2025-06-26,167,8,4.79,Warning
1769,1769,2025-06-26,65,4,6.15,Poor
1770,1770,2025-06-26,191,10,5.24,Poor
1771,1771,2025-06-27,137,7,5.11,Poor
1772,1772,2025-06-27,150,3,2.0,Good
1773,1773,2025-06-27,117,1,0.85,Good
1774,1774,2025-06-27,160,2,1.25,Good
1775,1775,2025-06-27,145,3,2.07,Good
1776,1776,2025-06-27,78,3,3.85,Warning
1777,1777,2025-06-27,118,0,0.0,Good
1778,1778,2025-06-27,94,3,3.19,Warning
1779,1779,2025-06-27,165,3,1.82,Good
1780,1780,2025-06-27,196,6,3.06,Warning
1781,1781,2025-06-28,63,5,7.94,Poor
1782,1782,2025-06-28,118,5,4.24,Warning
1783,1783,2025-06-28,168,4,2.38,Good
1784,1784,2025-06-28,74,5,6.76,Poor
1785,1785,2025-06-28,82,4,4.88,Warning
1786,1786,2025-06-28,192,13,6.77,Poor
1787,1787,2025-06-28,55,1,1.82,Good
1788,1788,2025-06-28,171,7,4.09,Warning
1789,1789,2025-06-28,194,0,0.0,Good
1790,1790,2025-06-28,135,4,2.96,Good
1791,1791,2025-06-29,89,5,5.62,Poor
1792,1792,2025-06-29,106,1,0.94,Good
1793,1793,2025-06-29,171,10,5.85,Poor
1794,1794,2025-06-29,56,1,1.79,Good
1795,1795,2025-06-29,176,7,3.98,Warning
1796,1796,2025-06-29,174,2,1.15,Good
1797,1797,2025-06-29,75,6,8.0,Poor
1798,1798,2025-06-29,167,10,5.99,Poor
1799,1799,2025-06-29,181,8,4.42,Warning
1800,1800,2025-06-29,175,11,6.29,Poor
1801,1801,2025-06-30,89,7,7.87,Poor
1802,1802,2025-06-30,180,2,1.11,Good
1803,1803,2025-06-30,149,5,3.36,Warning
1804,1804,2025-06-30,52,0,0.0,Good
1805,1805,2025-06-30,102,1,0.98,Good
1806,1806,2025-06-30,93,3,3.23,Warning
1807,1807,2025-06-30,145,4,2.76,Good
1808,1808,2025-06-30,181,11,6.08,Poor
1809,1809,2025-06-30,109,6,5.5,Poor
1810,1810,2025-06-30,157,2,1.27,Good
1811,1811,2025-07-01,131,3,2.29,Good
1812,1812,2025-07-01,146,7,4.79,Warning
1813,1813,2025-07-01,78,4,5.13,Poor
1814,1814,2025-07-01,103,2,1.94,Good
1815,1815,2025-07-01,105,5,4.76,Warning
1816,1816,2025-07-01,100,0,0.0,Good
1817,1817,2025-07-01,87,0,0.0,Good
1818,1818,2025-07-01,137,5,3.65,Warning
1819,1819,2025-07-01,195,11,5.64,Poor
1820,1820,2025-07-01,97,2,2.06,Good
1821,1821,2025-07-02,104,3,2.88,Good
1822,1822,2025-07-02,77,2,2.6,Good
1823,1823,2025-07-02,70,0,0.0,Good
1824,1824,2025-07-02,141,11,7.8,Poor
1825,1825,2025-07-02,73,4,5.48,Poor
1826,1826,2025-07-02,135,0,0.0,Good
1827,1827,2025-07-02,173,12,6.94,Poor
1828,1828,2025-07-02,195,15,7.69,Poor
1829,1829,2025-07-02,82,1,1.22,Good
1830,1830,2025-07-02,180,1,0.56,Good
1831,1831,2025-07-03,62,4,6.45,Poor
1832,1832,2025-07-03,198,3,1.52,Good
1833,1833,2025-07-03,192,14,7.29,Poor
1834,1834,2025-07-03,52,4,7.69,Poor
1835,1835,2025-07-03,193,10,5.18,Poor
1836,1836,2025-07-03,62,0,0.0,Good
1837,1837,2025-07-03,62,1,1.61,Good
1838,1838,2025-07-03,185,8,4.32,Warning
1839,1839,2025-07-03,75,0,0.0,Good
1840,1840,2025-07-03,106,2,1.89,Good
1841,1841,2025-07-04,58,1,1.72,Good
1842,1842,2025-07-04,152,0,0.0,Good
1843,1843,2025-07-04,194,12,6.19,Poor
1844,1844,2025-07-04,57,1,1.75,Good
1845,1845,2025-07-04,108,7,6.48,Poor
1846,1846,2025-07-04,120,9,7.5,Poor
1847,1847,2025-07-04,152,1,0.66,Good
1848,1848,2025-07-04,93,6,6.45,Poor
1849,1849,2025-07-04,198,0,0.0,Good
1850,1850,2025-07-04,165,2,1.21,Good
1851,1851,2025-07-05,178,0,0.0,Good
1852,1852,2025-07-05,170,9,5.29,Poor
1853,1853,2025-07-05,113,4,3.54,Warning
1854,1854,2025-07-05,124,6,4.84,Warning
1855,1855,2025-07-05,146,9,6.16,Poor
1856,1856,2025-07-05,50,4,8.0,Poor
1857,1857,2025-07-05,78,0,0.0,Good
1858,1858,2025-07-05,90,3,3.33,Warning
1859,1859,2025-07-05,70,4,5.71,Poor
1860,1860,2025-07-05,111,7,6.31,Poor
1861,1861,2025-07-06,198,1,0.51,Good
1862,1862,2025-07-06,119,4,3.36,Warning
1863,1863,2025-07-06,153,0,0.0,Good
1864,1864,2025-07-06,51,3,5.88,Poor
1865,1865,2025-07-06,197,2,1.02,Good
1866,1866,2025-07-06,114,9,7.89,Poor
1867,1867,2025-07-06,93,3,3.23,Warning
1868,1868,2025-07-06,134,9,6.72,Poor
1869,1869,2025-07-06,90,0,0.0,Good
1870,1870,2025-07-06,95,7,7.37,Poor
1871,1871,2025-07-07,103,0,0.0,Good
1872,1872,2025-07-07,129,9,6.98,Poor
1873,1873,2025-07-07,195,15,7.69,Poor
1874,1874,2025-07-07,185,13,7.03,Poor
1875,1875,2025-07-07,58,2,3.45,Warning
1876,1876,2025-07-07,132,0,0.0,Good
1877,1877,2025-07-07,77,2,2.6,Good
1878,1878,2025-07-07,121,3,2.48,Good
1879,1879,2025-07-07,50,0,0.0,Good
1880,1880,2025-07-07,76,0,0.0,Good
1881,1881,2025-07-08,159,7,4.4,Warning
1882,1882,2025-07-08,57,2,3.51,Warning
1883,1883,2025-07-08,76,1,1.32,Good
1884,1884,2025-07-08,68,0,0.0,Good
1885,1885,2025-07-08,171,5,2.92,Good
1886,1886,2025-07-08,112,5,4.46,Warning
1887,1887,2025-07-08,100,5,5.0,Warning
1888,1888,2025-07-08,125,10,8.0,Poor
1889,1889,2025-07-08,92,3,3.26,Warning
1890,1890,2025-07-08,159,5,3.14,Warning
1891,1891,2025-07-09,103,7,6.8,Poor
1892,1892,2025-07-09,139,5,3.6,Warning
1893,1893,2025-07-09,186,4,2.15,Good
1894,1894,2025-07-09,74,1,1.35,Good
1895,1895,2025-07-09,190,5,2.63,Good
1896,1896,2025-07-09,148,4,2.7,Good
1897,1897,2025-07-09,96,4,4.17,Warning
1898,1898,2025-07-09,195,2,1.03,Good
1899,1899,2025-07-09,118,8,6.78,Poor
1900,1900,2025-07-09,135,9,6.67,Poor
1901,1901,2025-07-10,152,1,0.66,Good
1902,1902,2025-07-10,179,9,5.03,Poor
1903,1903,2025-07-10,125,6,4.8,Warning
1904,1904,2025-07-10,132,10,7.58,Poor
1905,1905,2025-07-10,186,5,2.69,Good
1906,1906,2025-07-10,115,7,6.09,Poor
1907,1907,2025-07-10,107,8,7.48,Poor
1908,1908,2025-07-10,195,7,3.59,Warning
1909,1909,2025-07-10,53,0,0.0,Good
1910,1910,2025-07-10,159,1,0.63,Good
1911,1911,2025-07-11,95,7,7.37,Poor
1912,1912,2025-07-11,86,2,2.33,Good
1913,1913,2025-07-11,96,6,6.25,Poor
1914,1914,2025-07-11,83,4,4.82,Warning
1915,1915,2025-07-11,70,0,0.0,Good
1916,1916,2025-07-11,132,0,0.0,Good
1917,1917,2025-07-11,164,1,0.61,Good
1918,1918,2025-07-11,157,8,5.1,Poor
1919,1919,2025-07-11,195,4,2.05,Good
1920,1920,2025-07-11,102,2,1.96,Good
1921,1921,2025-07-12,80,3,3.75,Warning
1922,1922,2025-07-12,78,0,0.0,Good
1923,1923,2025-07-12,121,6,4.96,Warning
1924,1924,2025-07-12,168,5,2.98,Good
1925,1925,2025-07-12,103,0,0.0,Good
1926,1926,2025-07-12,73,2,2.74,Good
1927,1927,2025-07-12,174,0,0.0,Good
1928,1928,2025-07-12,134,5,3.73,Warning
1929,1929,2025-07-12,164,11,6.71,Poor
1930,1930,2025-07-12,59,0,0.0,Good
1931,1931,2025-07-13,120,3,2.5,Good
1932,1932,2025-07-13,55,1,1.82,Good
1933,1933,2025-07-13,163,13,7.98,Poor
1934,1934,2025-07-13,150,7,4.67,Warning
1935,1935,2025-07-13,196,3,1.53,Good
1936,1936,2025-07-13,180,2,1.11,Good
1937,1937,2025-07-13,120,4,3.33,Warning
1938,1938,2025-07-13,52,2,3.85,Warning
1939,1939,2025-07-13,86,5,5.81,Poor
1940,1940,2025-07-13,186,3,1.61,Good
1941,1941,2025-07-14,82,2,2.44,Good
1942,1942,2025-07-14,93,0,0.0,Good
1943,1943,2025-07-14,60,4,6.67,Poor
1944,1944,2025-07-14,134,4,2.99,Good
1945,1945,2025-07-14,70,0,0.0,Good
1946,1946,2025-07-14,180,12,6.67,Poor
1947,1947,2025-07-14,125,2,1.6,Good
1948,1948,2025-07-14,169,9,5.33,Poor
1949,1949,2025-07-14,154,7,4.55,Warning
1950,1950,2025-07-14,150,4,2.67,Good
1951,1951,2025-07-15,85,3,3.53,Warning
1952,1952,2025-07-15,113,3,2.65,Good
1953,1953,2025-07-15,103,1,0.97,Good
1954,1954,2025-07-15,101,2,1.98,Good
1955,1955,2025-07-15,141,6,4.26,Warning
1956,1956,2025-07-15,96,1,1.04,Good
1957,1957,2025-07-15,94,7,7.45,Poor
1958,1958,2025-07-15,120,1,0.83,Good
1959,1959,2025-07-15,129,0,0.0,Good
1960,1960,2025-07-15,135,5,3.7,Warning
1961,1961,2025-07-16,75,3,4.0,Warning
1962,1962,2025-07-16,82,5,6.1,Poor
1963,1963,2025-07-16,169,7,4.14,Warning
1964,1964,2025-07-16,88,1,1.14,Good
1965,1965,2025-07-16,153,1,0.65,Good
1966,1966,2025-07-16,157,9,5.73,Poor
1967,1967,2025-07-16,106,4,3.77,Warning
1968,1968,2025-07-16,197,13,6.6,Poor
1969,1969,2025-07-16,72,3,4.17,Warning
1970,1970,2025-07-16,129,6,4.65,Warning
1971,1971,2025-07-17,114,8,7.02,Poor
1972,1972,2025-07-17,165,10,6.06,Poor
1973,1973,2025-07-17,178,2,1.12,Good
1974,1974,2025-07-17,64,3,4.69,Warning
1975,1975,2025-07-17,200,10,5.0,Warning
1976,1976,2025-07-17,88,0,0.0,Good
1977,1977,2025-07-17,177,5,2.82,Good
1978,1978,2025-07-17,170,0,0.0,Good
1979,1979,2025-07-17,118,6,5.08,Poor
1980,1980,2025-07-17,120,8,6.67,Poor
1981,1981,2025-07-18,101,7,6.93,Poor
1982,1982,2025-07-18,70,2,2.86,Good
1983,1983,2025-07-18,103,0,0.0,Good
1984,1984,2025-07-18,99,7,7.07,Poor
1985,1985,2025-07-18,156,3,1.92,Good
1986,1986,2025-07-18,78,3,3.85,Warning
1987,1987,2025-07-18,121,8,6.61,Poor
1988,1988,2025-07-18,76,5,6.58,Poor
1989,1989,2025-07-18,154,7,4.55,Warning
1990,1990,2025-07-18,114,3,2.63,Good
1991,1991,2025-07-19,76,6,7.89,Poor
1992,1992,2025-07-19,87,0,0.0,Good
1993,1993,2025-07-19,188,5,2.66,Good
1994,1994,2025-07-19,167,2,1.2,Good
1995,1995,2025-07-19,139,9,6.47,Poor
1996,1996,2025-07-19,157,7,4.46,Warning
1997,1997,2025-07-19,107,4,3.74,Warning
1998,1998,2025-07-19,177,5,2.82,Good
1999,1999,2025-07-19,98,1,1.02,Good
2000,2000,2025-07-19,172,12,6.98,Poor
2001,2001,2025-07-20,193,9,4.66,Warning
2002,2002,2025-07-20,70,3,4.29,Warning
2003,2003,2025-07-20,114,7,6.14,Poor
2004,2004,2025-07-20,136,6,4.41,Warning
2005,2005,2025-07-20,55,4,7.27,Poor
2006,2006,2025-07-20,77,2,2.6,Good
2007,2007,2025-07-20,169,11,6.51,Poor
2008,2008,2025-07-20,144,4,2.78,Good
2009,2009,2025-07-20,76,2,2.63,Good
2010,2010,2025-07-20,166,9,5.42,Poor
2011,2011,2025-07-21,159,1,0.63,Good
2012,2012,2025-07-21,116,2,1.72,Good
2013,2013,2025-07-21,193,5,2.59,Good
2014,2014,2025-07-21,109,4,3.67,Warning
2015,2015,2025-07-21,85,5,5.88,Poor
2016,2016,2025-07-21,190,5,2.63,Good
2017,2017,2025-07-21,65,4,6.15,Poor
2018,2018,2025-07-21,162,8,4.94,Warning
2019,2019,2025-07-21,178,6,3.37,Warning
2020,2020,2025-07-21,82,1,1.22,Good
2021,2021,2025-07-22,113,5,4.42,Warning
2022,2022,2025-07-22,108,4,3.7,Warning
2023,2023,2025-07-22,95,2,2.11,Good
2024,2024,2025-07-22,80,1,1.25,Good
2025,2025,2025-07-22,89,6,6.74,Poor
2026,2026,2025-07-22,187,7,3.74,Warning
2027,2027,2025-07-22,199,15,7.54,Poor
2028,2028,2025-07-22,105,2,1.9,Good
2029,2029,2025-07-22,133,9,6.77,Poor
2030,2030,2025-07-22,193,12,6.22,Poor
2031,2031,2025-07-23,63,4,6.35,Poor
2032,2032,2025-07-23,197,7,3.55,Warning
2033,2033,2025-07-23,122,7,5.74,Poor
2034,2034,2025-07-23,141,8,5.67,Poor
2035,2035,2025-07-23,145,9,6.21,Poor
2036,2036,2025-07-23,179,9,5.03,Poor
2037,2037,2025-07-23,112,4,3.57,Warning
2038,2038,2025-07-23,116,3,2.59,Good
2039,2039,2025-07-23,88,0,0.0,Good
2040,2040,2025-07-23,75,4,5.33,Poor
2041,2041,2025-07-24,115,0,0.0,Good
2042,2042,2025-07-24,122,5,4.1,Warning
2043,2043,2025-07-24,68,3,4.41,Warning
2044,2044,2025-07-24,166,9,5.42,Poor
2045,2045,2025-07-24,55,0,0.0,Good
2046,2046,2025-07-24,175,1,0.57,Good
2047,2047,2025-07-24,138,4,2.9,Good
2048,2048,2025-07-24,178,9,5.06,Poor
2049,2049,2025-07-24,117,9,7.69,Poor
2050,2050,2025-07-24,131,0,0.0,Good
2051,2051,2025-07-25,145,3,2.07,Good
2052,2052,2025-07-25,148,2,1.35,Good
2053,2053,2025-07-25,111,6,5.41,Poor
2054,2054,2025-07-25,53,3,5.66,Poor
2055,2055,2025-07-25,156,8,5.13,Poor
2056,2056,2025-07-25,91,6,6.59,Poor
2057,2057,2025-07-25,108,7,6.48,Poor
2058,2058,2025-07-25,122,0,0.0,Good
2059,2059,2025-07-25,147,8,5.44,Poor
2060,2060,2025-07-25,133,9,6.77,Poor
2061,2061,2025-07-26,161,4,2.48,Good
2062,2062,2025-07-26,155,5,3.23,Warning
2063,2063,2025-07-26,85,6,7.06,Poor
2064,2064,2025-07-26,67,2,2.99,Good
2065,2065,2025-07-26,173,2,1.16,Good
2066,2066,2025-07-26,123,8,6.5,Poor
2067,2067,2025-07-26,134,6,4.48,Warning
2068,2068,2025-07-26,150,5,3.33,Warning
2069,2069,2025-07-26,121,6,4.96,Warning
2070,2070,2025-07-26,122,3,2.46,Good
2071,2071,2025-07-27,180,14,7.78,Poor
2072,2072,2025-07-27,194,15,7.73,Poor
2073,2073,2025-07-27,105,0,0.0,Good
2074,2074,2025-07-27,162,0,0.0,Good
2075,2075,2025-07-27,50,2,4.0,Warning
2076,2076,2025-07-27,151,6,3.97,Warning
2077,2077,2025-07-27,156,0,0.0,Good
2078,2078,2025-07-27,142,10,7.04,Poor
2079,2079,2025-07-27,91,2,2.2,Good
2080,2080,2025-07-27,155,11,7.1,Poor
2081,2081,2025-07-28,76,6,7.89,Poor
2082,2082,2025-07-28,84,6,7.14,Poor
2083,2083,2025-07-28,126,7,5.56,Poor
2084,2084,2025-07-28,78,1,1.28,Good
2085,2085,2025-07-28,55,2,3.64,Warning
2086,2086,2025-07-28,91,0,0.0,Good
2087,2087,2025-07-28,151,4,2.65,Good
2088,2088,2025-07-28,56,4,7.14,Poor
2089,2089,2025-07-28,66,4,6.06,Poor
2090,2090,2025-07-28,70,5,7.14,Poor
2091,2091,2025-07-29,165,11,6.67,Poor
2092,2092,2025-07-29,53,3,5.66,Poor
2093,2093,2025-07-29,160,9,5.62,Poor
2094,2094,2025-07-29,108,5,4.63,Warning
2095,2095,2025-07-29,125,8,6.4,Poor
2096,2096,2025-07-29,77,5,6.49,Poor
2097,2097,2025-07-29,55,1,1.82,Good
2098,2098,2025-07-29,72,0,0.0,Good
2099,2099,2025-07-29,117,0,0.0,Good
2100,2100,2025-07-29,200,2,1.0,Good
2101,2101,2025-07-30,130,5,3.85,Warning
2102,2102,2025-07-30,186,1,0.54,Good
2103,2103,2025-07-30,152,7,4.61,Warning
2104,2104,2025-07-30,99,3,3.03,Warning
2105,2105,2025-07-30,109,7,6.42,Poor
2106,2106,2025-07-30,50,2,4.0,Warning
2107,2107,2025-07-30,182,3,1.65,Good
2108,2108,2025-07-30,131,6,4.58,Warning
2109,2109,2025-07-30,110,2,1.82,Good
2110,2110,2025-07-30,171,7,4.09,Warning
2111,2111,2025-07-31,62,1,1.61,Good
2112,2112,2025-07-31,153,1,0.65,Good
2113,2113,2025-07-31,199,7,3.52,Warning
2114,2114,2025-07-31,88,7,7.95,Poor
2115,2115,2025-07-31,137,2,1.46,Good
2116,2116,2025-07-31,131,7,5.34,Poor
2117,2117,2025-07-31,159,12,7.55,Poor
2118,2118,2025-07-31,189,15,7.94,Poor
2119,2119,2025-07-31,139,10,7.19,Poor
2120,2120,2025-07-31,96,6,6.25,Poor
2121,2121,2025-08-01,118,3,2.54,Good
2122,2122,2025-08-01,162,9,5.56,Poor
2123,2123,2025-08-01,177,14,7.91,Poor
2124,2124,2025-08-01,175,11,6.29,Poor
2125,2125,2025-08-01,136,2,1.47,Good
2126,2126,2025-08-01,136,4,2.94,Good
2127,2127,2025-08-01,83,0,0.0,Good
2128,2128,2025-08-01,167,1,0.6,Good
2129,2129,2025-08-01,80,3,3.75,Warning
2130,2130,2025-08-01,184,4,2.17,Good
2131,2131,2025-08-02,135,9,6.67,Poor
2132,2132,2025-08-02,192,5,2.6,Good
2133,2133,2025-08-02,146,3,2.05,Good
2134,2134,2025-08-02,129,9,6.98,Poor
2135,2135,2025-08-02,125,10,8.0,Poor
2136,2136,2025-08-02,130,9,6.92,Poor
2137,2137,2025-08-02,60,2,3.33,Warning
2138,2138,2025-08-02,104,7,6.73,Poor
2139,2139,2025-08-02,143,10,6.99,Poor
2140,2140,2025-08-02,119,9,7.56,Poor
2141,2141,2025-08-03,64,2,3.12,Warning
2142,2142,2025-08-03,136,1,0.74,Good
2143,2143,2025-08-03,66,5,7.58,Poor
2144,2144,2025-08-03,115,1,0.87,Good
2145,2145,2025-08-03,52,0,0.0,Good
2146,2146,2025-08-03,51,4,7.84,Poor
2147,2147,2025-08-03,186,14,7.53,Poor
2148,2148,2025-08-03,168,13,7.74,Poor
2149,2149,2025-08-03,92,6,6.52,Poor
2150,2150,2025-08-03,196,0,0.0,Good
2151,2151,2025-08-04,139,9,6.47,Poor
2152,2152,2025-08-04,128,7,5.47,Poor
2153,2153,2025-08-04,74,1,1.35,Good
2154,2154,2025-08-04,176,3,1.7,Good
2155,2155,2025-08-04,82,6,7.32,Poor
2156,2156,2025-08-04,146,11,7.53,Poor
2157,2157,2025-08-04,147,6,4.08,Warning
2158,2158,2025-08-04,200,11,5.5,Poor
2159,2159,2025-08-04,180,1,0.56,Good
2160,2160,2025-08-04,185,3,1.62,Good
2161,2161,2025-08-05,170,11,6.47,Poor
2162,2162,2025-08-05,51,1,1.96,Good
2163,2163,2025-08-05,198,8,4.04,Warning
2164,2164,2025-08-05,176,11,6.25,Poor
2165,2165,2025-08-05,106,1,0.94,Good
2166,2166,2025-08-05,97,5,5.15,Poor
2167,2167,2025-08-05,121,9,7.44,Poor
2168,2168,2025-08-05,176,0,0.0,Good
2169,2169,2025-08-05,176,5,2.84,Good
2170,2170,2025-08-05,74,2,2.7,Good
2171,2171,2025-08-06,194,15,7.73,Poor
2172,2172,2025-08-06,157,7,4.46,Warning
2173,2173,2025-08-06,129,0,0.0,Good
2174,2174,2025-08-06,64,1,1.56,Good
2175,2175,2025-08-06,186,6,3.23,Warning
2176,2176,2025-08-06,174,4,2.3,Good
2177,2177,2025-08-06,74,3,4.05,Warning
2178,2178,2025-08-06,57,3,5.26,Poor
2179,2179,2025-08-06,111,1,0.9,Good
2180,2180,2025-08-06,199,11,5.53,Poor
2181,2181,2025-08-07,61,2,3.28,Warning
2182,2182,2025-08-07,171,8,4.68,Warning
2183,2183,2025-08-07,193,4,2.07,Good
2184,2184,2025-08-07,136,5,3.68,Warning
2185,2185,2025-08-07,148,10,6.76,Poor
2186,2186,2025-08-07,157,1,0.64,Good
2187,2187,2025-08-07,97,2,2.06,Good
2188,2188,2025-08-07,126,0,0.0,Good
2189,2189,2025-08-07,183,2,1.09,Good
2190,2190,2025-08-07,192,14,7.29,Poor
2191,2191,2025-08-08,83,3,3.61,Warning
2192,2192,2025-08-08,124,0,0.0,Good
2193,2193,2025-08-08,146,4,2.74,Good
2194,2194,2025-08-08,177,12,6.78,Poor
2195,2195,2025-08-08,61,4,6.56,Poor
2196,2196,2025-08-08,184,7,3.8,Warning
2197,2197,2025-08-08,58,2,3.45,Warning
2198,2198,2025-08-08,124,9,7.26,Poor
2199,2199,2025-08-08,70,5,7.14,Poor
2200,2200,2025-08-08,154,10,6.49,Poor
2201,2201,2025-08-09,55,3,5.45,Poor
2202,2202,2025-08-09,98,0,0.0,Good
2203,2203,2025-08-09,88,7,7.95,Poor
2204,2204,2025-08-09,142,10,7.04,Poor
2205,2205,2025-08-09,186,7,3.76,Warning
2206,2206,2025-08-09,200,8,4.0,Warning
2207,2207,2025-08-09,98,2,2.04,Good
2208,2208,2025-08-09,52,2,3.85,Warning
2209,2209,2025-08-09,61,0,0.0,Good
2210,2210,2025-08-09,59,4,6.78,Poor
2211,2211,2025-08-10,118,3,2.54,Good
2212,2212,2025-08-10,149,5,3.36,Warning
2213,2213,2025-08-10,159,11,6.92,Poor
2214,2214,2025-08-10,50,3,6.0,Poor
2215,2215,2025-08-10,136,4,2.94,Good
2216,2216,2025-08-10,138,4,2.9,Good
2217,2217,2025-08-10,97,2,2.06,Good
2218,2218,2025-08-10,104,3,2.88,Good
2219,2219,2025-08-10,161,0,0.0,Good
2220,2220,2025-08-10,156,12,7.69,Poor
2221,2221,2025-08-11,114,3,2.63,Good
2222,2222,2025-08-11,126,7,5.56,Poor
2223,2223,2025-08-11,84,4,4.76,Warning
2224,2224,2025-08-11,159,9,5.66,Poor
2225,2225,2025-08-11,106,2,1.89,Good
2226,2226,2025-08-11,76,6,7.89,Poor
2227,2227,2025-08-11,134,2,1.49,Good
2228,2228,2025-08-11,196,11,5.61,Poor
2229,2229,2025-08-11,196,12,6.12,Poor
2230,2230,2025-08-11,70,5,7.14,Poor
2231,2231,2025-08-12,165,10,6.06,Poor
2232,2232,2025-08-12,59,4,6.78,Poor
2233,2233,2025-08-12,184,5,2.72,Good
2234,2234,2025-08-12,118,8,6.78,Poor
2235,2235,2025-08-12,78,4,5.13,Poor
2236,2236,2025-08-12,180,2,1.11,Good
2237,2237,2025-08-12,160,4,2.5,Good
2238,2238,2025-08-12,53,4,7.55,Poor
2239,2239,2025-08-12,114,1,0.88,Good
2240,2240,2025-08-12,96,5,5.21,Poor
2241,2241,2025-08-13,128,7,5.47,Poor
2242,2242,2025-08-13,85,2,2.35,Good
2243,2243,2025-08-13,158,3,1.9,Good
2244,2244,2025-08-13,104,0,0.0,Good
2245,2245,2025-08-13,100,4,4.0,Warning
2246,2246,2025-08-13,136,8,5.88,Poor
2247,2247,2025-08-13,123,0,0.0,Good
2248,2248,2025-08-13,200,8,4.0,Warning
2249,2249,2025-08-13,99,0,0.0,Good
2250,2250,2025-08-13,179,9,5.03,Poor
2251,2251,2025-08-14,125,3,2.4,Good
2252,2252,2025-08-14,161,6,3.73,Warning
2253,2253,2025-08-14,157,11,7.01,Poor
2254,2254,2025-08-14,125,7,5.6,Poor
2255,2255,2025-08-14,59,2,3.39,Warning
2256,2256,2025-08-14,129,10,7.75,Poor
2257,2257,2025-08-14,171,1,0.58,Good
2258,2258,2025-08-14,198,12,6.06,Poor
2259,2259,2025-08-14,80,1,1.25,Good
2260,2260,2025-08-14,61,3,4.92,Warning
2261,2261,2025-08-15,142,7,4.93,Warning
2262,2262,2025-08-15,63,3,4.76,Warning
2263,2263,2025-08-15,81,1,1.23,Good
2264,2264,2025-08-15,54,4,7.41,Poor
2265,2265,2025-08-15,57,1,1.75,Good
2266,2266,2025-08-15,180,7,3.89,Warning
2267,2267,2025-08-15,185,5,2.7,Good
2268,2268,2025-08-15,90,7,7.78,Poor
2269,2269,2025-08-15,84,5,5.95,Poor
2270,2270,2025-08-15,118,4,3.39,Warning
2271,2271,2025-08-16,57,3,5.26,Poor
2272,2272,2025-08-16,194,10,5.15,Poor
2273,2273,2025-08-16,99,5,5.05,Poor
2274,2274,2025-08-16,68,3,4.41,Warning
2275,2275,2025-08-16,70,3,4.29,Warning
2276,2276,2025-08-16,81,6,7.41,Poor
2277,2277,2025-08-16,80,4,5.0,Warning
2278,2278,2025-08-16,180,2,1.11,Good
2279,2279,2025-08-16,86,0,0.0,Good
2280,2280,2025-08-16,113,1,0.88,Good
2281,2281,2025-08-17,163,2,1.23,Good
2282,2282,2025-08-17,109,6,5.5,Poor
2283,2283,2025-08-17,67,1,1.49,Good
2284,2284,2025-08-17,82,6,7.32,Poor
2285,2285,2025-08-17,189,1,0.53,Good
2286,2286,2025-08-17,55,0,0.0,Good
2287,2287,2025-08-17,76,4,5.26,Poor
2288,2288,2025-08-17,135,9,6.67,Poor
2289,2289,2025-08-17,126,0,0.0,Good
2290,2290,2025-08-17,183,10,5.46,Poor
2291,2291,2025-08-18,171,4,2.34,Good
2292,2292,2025-08-18,140,0,0.0,Good
2293,2293,2025-08-18,105,3,2.86,Good
2294,2294,2025-08-18,115,6,5.22,Poor
2295,2295,2025-08-18,163,0,0.0,Good
2296,2296,2025-08-18,144,7,4.86,Warning
2297,2297,2025-08-18,164,3,1.83,Good
2298,2298,2025-08-18,150,10,6.67,Poor
2299,2299,2025-08-18,118,1,0.85,Good
2300,2300,2025-08-18,122,0,0.0,Good
2301,2301,2025-08-19,94,2,2.13,Good
2302,2302,2025-08-19,149,9,6.04,Poor
2303,2303,2025-08-19,139,6,4.32,Warning
2304,2304,2025-08-19,94,0,0.0,Good
2305,2305,2025-08-19,119,8,6.72,Poor
2306,2306,2025-08-19,122,6,4.92,Warning
2307,2307,2025-08-19,70,5,7.14,Poor
2308,2308,2025-08-19,192,1,0.52,Good
2309,2309,2025-08-19,88,2,2.27,Good
2310,2310,2025-08-19,105,8,7.62,Poor
2311,2311,2025-08-20,188,9,4.79,Warning
2312,2312,2025-08-20,99,7,7.07,Poor
2313,2313,2025-08-20,170,13,7.65,Poor
2314,2314,2025-08-20,82,0,0.0,Good
2315,2315,2025-08-20,68,4,5.88,Poor
2316,2316,2025-08-20,102,1,0.98,Good
2317,2317,2025-08-20,192,10,5.21,Poor
2318,2318,2025-08-20,71,5,7.04,Poor
2319,2319,2025-08-20,173,5,2.89,Good
2320,2320,2025-08-20,111,0,0.0,Good
2321,2321,2025-08-21,172,2,1.16,Good
2322,2322,2025-08-21,54,2,3.7,Warning
2323,2323,2025-08-21,178,11,6.18,Poor
2324,2324,2025-08-21,153,12,7.84,Poor
2325,2325,2025-08-21,187,1,0.53,Good
2326,2326,2025-08-21,190,4,2.11,Good
2327,2327,2025-08-21,63,2,3.17,Warning
2328,2328,2025-08-21,68,1,1.47,Good
2329,2329,2025-08-21,85,2,2.35,Good
2330,2330,2025-08-21,60,3,5.0,Warning
2331,2331,2025-08-22,200,7,3.5,Warning
2332,2332,2025-08-22,95,1,1.05,Good
2333,2333,2025-08-22,115,4,3.48,Warning
2334,2334,2025-08-22,143,10,6.99,Poor
2335,2335,2025-08-22,157,10,6.37,Poor
2336,2336,2025-08-22,192,13,6.77,Poor
2337,2337,2025-08-22,105,1,0.95,Good
2338,2338,2025-08-22,129,6,4.65,Warning
2339,2339,2025-08-22,192,15,7.81,Poor
2340,2340,2025-08-22,51,2,3.92,Warning
2341,2341,2025-08-23,70,0,0.0,Good
2342,2342,2025-08-23,143,1,0.7,Good
2343,2343,2025-08-23,157,11,7.01,Poor
2344,2344,2025-08-23,157,9,5.73,Poor
2345,2345,2025-08-23,136,5,3.68,Warning
2346,2346,2025-08-23,100,2,2.0,Good
2347,2347,2025-08-23,71,4,5.63,Poor
2348,2348,2025-08-23,75,6,8.0,Poor
2349,2349,2025-08-23,77,5,6.49,Poor
2350,2350,2025-08-23,84,2,2.38,Good
2351,2351,2025-08-24,150,4,2.67,Good
2352,2352,2025-08-24,183,10,5.46,Poor
2353,2353,2025-08-24,192,1,0.52,Good
2354,2354,2025-08-24,165,8,4.85,Warning
2355,2355,2025-08-24,187,9,4.81,Warning
2356,2356,2025-08-24,62,3,4.84,Warning
2357,2357,2025-08-24,63,3,4.76,Warning
2358,2358,2025-08-24,176,3,1.7,Good
2359,2359,2025-08-24,55,4,7.27,Poor
2360,2360,2025-08-24,193,7,3.63,Warning
2361,2361,2025-08-25,92,2,2.17,Good
2362,2362,2025-08-25,96,2,2.08,Good
2363,2363,2025-08-25,80,5,6.25,Poor
2364,2364,2025-08-25,51,1,1.96,Good
2365,2365,2025-08-25,80,6,7.5,Poor
2366,2366,2025-08-25,139,2,1.44,Good
2367,2367,2025-08-25,100,4,4.0,Warning
2368,2368,2025-08-25,184,4,2.17,Good
2369,2369,2025-08-25,81,3,3.7,Warning
2370,2370,2025-08-25,77,4,5.19,Poor
2371,2371,2025-08-26,110,2,1.82,Good
2372,2372,2025-08-26,91,5,5.49,Poor
2373,2373,2025-08-26,164,1,0.61,Good
2374,2374,2025-08-26,162,7,4.32,Warning
2375,2375,2025-08-26,73,4,5.48,Poor
2376,2376,2025-08-26,140,0,0.0,Good
2377,2377,2025-08-26,152,4,2.63,Good
2378,2378,2025-08-26,77,4,5.19,Poor
2379,2379,2025-08-26,166,11,6.63,Poor
2380,2380,2025-08-26,177,3,1.69,Good
2381,2381,2025-08-27,83,0,0.0,Good
2382,2382,2025-08-27,105,6,5.71,Poor
2383,2383,2025-08-27,53,3,5.66,Poor
2384,2384,2025-08-27,79,6,7.59,Poor
2385,2385,2025-08-27,124,9,7.26,Poor
2386,2386,2025-08-27,183,7,3.83,Warning
2387,2387,2025-08-27,59,1,1.69,Good
2388,2388,2025-08-27,165,13,7.88,Poor
2389,2389,2025-08-27,185,11,5.95,Poor
2390,2390,2025-08-27,117,4,3.42,Warning
2391,2391,2025-08-28,145,7,4.83,Warning
2392,2392,2025-08-28,154,10,6.49,Poor
2393,2393,2025-08-28,169,6,3.55,Warning
2394,2394,2025-08-28,104,1,0.96,Good
2395,2395,2025-08-28,122,1,0.82,Good
2396,2396,2025-08-28,103,1,0.97,Good
2397,2397,2025-08-28,94,3,3.19,Warning
2398,2398,2025-08-28,97,2,2.06,Good
2399,2399,2025-08-28,108,4,3.7,Warning
2400,2400,2025-08-28,176,12,6.82,Poor
2401,2401,2025-08-29,186,0,0.0,Good
2402,2402,2025-08-29,60,0,0.0,Good
2403,2403,2025-08-29,140,0,0.0,Good
2404,2404,2025-08-29,159,7,4.4,Warning
2405,2405,2025-08-29,79,2,2.53,Good
2406,2406,2025-08-29,146,10,6.85,Poor
2407,2407,2025-08-29,153,3,1.96,Good
2408,2408,2025-08-29,148,8,5.41,Poor
2409,2409,2025-08-29,133,6,4.51,Warning
2410,2410,2025-08-29,182,8,4.4,Warning
2411,2411,2025-08-30,65,0,0.0,Good
2412,2412,2025-08-30,59,4,6.78,Poor
2413,2413,2025-08-30,175,12,6.86,Poor
2414,2414,2025-08-30,102,4,3.92,Warning
2415,2415,2025-08-30,186,10,5.38,Poor
2416,2416,2025-08-30,97,0,0.0,Good
2417,2417,2025-08-30,120,5,4.17,Warning
2418,2418,2025-08-30,52,2,3.85,Warning
2419,2419,2025-08-30,176,3,1.7,Good
2420,2420,2025-08-30,82,5,6.1,Poor
2421,2421,2025-08-31,154,10,6.49,Poor
2422,2422,2025-08-31,151,3,1.99,Good
2423,2423,2025-08-31,65,2,3.08,Warning
2424,2424,2025-08-31,156,2,1.28,Good
2425,2425,2025-08-31,141,11,7.8,Poor
2426,2426,2025-08-31,163,2,1.23,Good
2427,2427,2025-08-31,83,6,7.23,Poor
2428,2428,2025-08-31,102,7,6.86,Poor
2429,2429,2025-08-31,56,4,7.14,Poor
2430,2430,2025-08-31,74,2,2.7,Good
2431,2431,2025-09-01,129,2,1.55,Good
2432,2432,2025-09-01,187,8,4.28,Warning
2433,2433,2025-09-01,114,5,4.39,Warning
2434,2434,2025-09-01,188,6,3.19,Warning
2435,2435,2025-09-01,73,5,6.85,Poor
2436,2436,2025-09-01,159,0,0.0,Good
2437,2437,2025-09-01,123,9,7.32,Poor
2438,2438,2025-09-01,149,10,6.71,Poor
2439,2439,2025-09-01,60,4,6.67,Poor
2440,2440,2025-09-01,77,1,1.3,Good
2441,2441,2025-09-02,102,0,0.0,Good
2442,2442,2025-09-02,176,7,3.98,Warning
2443,2443,2025-09-02,93,6,6.45,Poor
2444,2444,2025-09-02,85,4,4.71,Warning
2445,2445,2025-09-02,87,4,4.6,Warning
2446,2446,2025-09-02,166,5,3.01,Warning
2447,2447,2025-09-02,63,2,3.17,Warning
2448,2448,2025-09-02,141,3,2.13,Good
2449,2449,2025-09-02,87,5,5.75,Poor
2450,2450,2025-09-02,185,2,1.08,Good
2451,2451,2025-09-03,127,8,6.3,Poor
2452,2452,2025-09-03,144,10,6.94,Poor
2453,2453,2025-09-03,181,14,7.73,Poor
2454,2454,2025-09-03,65,1,1.54,Good
2455,2455,2025-09-03,133,7,5.26,Poor
2456,2456,2025-09-03,153,9,5.88,Poor
2457,2457,2025-09-03,199,11,5.53,Poor
2458,2458,2025-09-03,181,9,4.97,Warning
2459,2459,2025-09-03,99,7,7.07,Poor
2460,2460,2025-09-03,89,5,5.62,Poor
2461,2461,2025-09-04,76,6,7.89,Poor
2462,2462,2025-09-04,57,4,7.02,Poor
2463,2463,2025-09-04,157,6,3.82,Warning
2464,2464,2025-09-04,126,1,0.79,Good
2465,2465,2025-09-04,168,2,1.19,Good
2466,2466,2025-09-04,189,10,5.29,Poor
2467,2467,2025-09-04,144,1,0.69,Good
2468,2468,2025-09-04,186,9,4.84,Warning
2469,2469,2025-09-04,144,10,6.94,Poor
2470,2470,2025-09-04,133,3,2.26,Good
2471,2471,2025-09-05,121,5,4.13,Warning
2472,2472,2025-09-05,101,4,3.96,Warning
2473,2473,2025-09-05,138,2,1.45,Good
2474,2474,2025-09-05,103,8,7.77,Poor
2475,2475,2025-09-05,143,2,1.4,Good
2476,2476,2025-09-05,78,2,2.56,Good
2477,2477,2025-09-05,155,1,0.65,Good
2478,2478,2025-09-05,69,5,7.25,Poor
2479,2479,2025-09-05,70,0,0.0,Good
2480,2480,2025-09-05,144,5,3.47,Warning
2481,2481,2025-09-06,168,11,6.55,Poor
2482,2482,2025-09-06,195,8,4.1,Warning
2483,2483,2025-09-06,97,2,2.06,Good
2484,2484,2025-09-06,113,4,3.54,Warning
2485,2485,2025-09-06,76,1,1.32,Good
2486,2486,2025-09-06,87,2,2.3,Good
2487,2487,2025-09-06,91,6,6.59,Poor
2488,2488,2025-09-06,92,3,3.26,Warning
2489,2489,2025-09-06,146,5,3.42,Warning
2490,2490,2025-09-06,79,4,5.06,Poor
2491,2491,2025-09-07,139,6,4.32,Warning
2492,2492,2025-09-07,132,4,3.03,Warning
2493,2493,2025-09-07,141,11,7.8,Poor
2494,2494,2025-09-07,154,0,0.0,Good
2495,2495,2025-09-07,107,5,4.67,Warning
2496,2496,2025-09-07,153,6,3.92,Warning
2497,2497,2025-09-07,81,4,4.94,Warning
2498,2498,2025-09-07,176,3,1.7,Good
2499,2499,2025-09-07,197,12,6.09,Poor
2500,2500,2025-09-07,116,1,0.86,Good
2501,2501,2025-09-08,172,13,7.56,Poor
2502,2502,2025-09-08,151,10,6.62,Poor
2503,2503,2025-09-08,136,7,5.15,Poor
2504,2504,2025-09-08,51,3,5.88,Poor
2505,2505,2025-09-08,164,9,5.49,Poor
2506,2506,2025-09-08,117,9,7.69,Poor
2507,2507,2025-09-08,74,1,1.35,Good
2508,2508,2025-09-08,50,0,0.0,Good
2509,2509,2025-09-08,98,2,2.04,Good
2510,2510,2025-09-08,144,8,5.56,Poor
2511,2511,2025-09-09,147,6,4.08,Warning
2512,2512,2025-09-09,99,7,7.07,Poor
2513,2513,2025-09-09,57,1,1.75,Good
2514,2514,2025-09-09,70,3,4.29,Warning
2515,2515,2025-09-09,194,15,7.73,Poor
2516,2516,2025-09-09,57,4,7.02,Poor
2517,2517,2025-09-09,66,1,1.52,Good
2518,2518,2025-09-09,161,6,3.73,Warning
2519,2519,2025-09-09,168,1,0.6,Good
2520,2520,2025-09-09,171,3,1.75,Good
2521,2521,2025-09-10,191,4,2.09,Good
2522,2522,2025-09-10,105,3,2.86,Good
2523,2523,2025-09-10,170,9,5.29,Poor
2524,2524,2025-09-10,175,1,0.57,Good
2525,2525,2025-09-10,104,0,0.0,Good
2526,2526,2025-09-10,90,7,7.78,Poor
2527,2527,2025-09-10,68,5,7.35,Poor
2528,2528,2025-09-10,140,1,0.71,Good
2529,2529,2025-09-10,105,3,2.86,Good
2530,2530,2025-09-10,87,3,3.45,Warning
2531,2531,2025-09-11,199,1,0.5,Good
2532,2532,2025-09-11,73,4,5.48,Poor
2533,2533,2025-09-11,175,14,8.0,Poor
2534,2534,2025-09-11,98,6,6.12,Poor
2535,2535,2025-09-11,112,7,6.25,Poor
2536,2536,2025-09-11,146,2,1.37,Good
2537,2537,2025-09-11,173,12,6.94,Poor
2538,2538,2025-09-11,126,2,1.59,Good
2539,2539,2025-09-11,62,4,6.45,Poor
2540,2540,2025-09-11,152,0,0.0,Good
2541,2541,2025-09-12,59,1,1.69,Good
2542,2542,2025-09-12,76,4,5.26,Poor
2543,2543,2025-09-12,78,1,1.28,Good
2544,2544,2025-09-12,126,1,0.79,Good
2545,2545,2025-09-12,153,10,6.54,Poor
2546,2546,2025-09-12,122,4,3.28,Warning
2547,2547,2025-09-12,166,9,5.42,Poor
2548,2548,2025-09-12,154,8,5.19,Poor
2549,2549,2025-09-12,187,2,1.07,Good
2550,2550,2025-09-12,115,8,6.96,Poor
2551,2551,2025-09-13,111,2,1.8,Good
2552,2552,2025-09-13,100,1,1.0,Good
2553,2553,2025-09-13,164,10,6.1,Poor
2554,2554,2025-09-13,116,8,6.9,Poor
2555,2555,2025-09-13,127,10,7.87,Poor
2556,2556,2025-09-13,179,7,3.91,Warning
2557,2557,2025-09-13,117,1,0.85,Good
2558,2558,2025-09-13,145,2,1.38,Good
2559,2559,2025-09-13,53,1,1.89,Good
2560,2560,2025-09-13,74,2,2.7,Good
2561,2561,2025-09-14,168,5,2.98,Good
2562,2562,2025-09-14,129,10,7.75,Poor
2563,2563,2025-09-14,182,11,6.04,Poor
2564,2564,2025-09-14,183,0,0.0,Good
2565,2565,2025-09-14,147,1,0.68,Good
2566,2566,2025-09-14,170,4,2.35,Good
2567,2567,2025-09-14,175,3,1.71,Good
2568,2568,2025-09-14,181,3,1.66,Good
2569,2569,2025-09-14,151,12,7.95,Poor
2570,2570,2025-09-14,158,9,5.7,Poor
2571,2571,2025-09-15,122,7,5.74,Poor
2572,2572,2025-09-15,78,4,5.13,Poor
2573,2573,2025-09-15,103,4,3.88,Warning
2574,2574,2025-09-15,121,9,7.44,Poor
2575,2575,2025-09-15,185,5,2.7,Good
2576,2576,2025-09-15,147,4,2.72,Good
2577,2577,2025-09-15,168,2,1.19,Good
2578,2578,2025-09-15,140,5,3.57,Warning
2579,2579,2025-09-15,113,6,5.31,Poor
2580,2580,2025-09-15,130,10,7.69,Poor
2581,2581,2025-09-16,144,5,3.47,Warning
2582,2582,2025-09-16,150,0,0.0,Good
2583,2583,2025-09-16,137,9,6.57,Poor
2584,2584,2025-09-16,95,3,3.16,Warning
2585,2585,2025-09-16,101,8,7.92,Poor
2586,2586,2025-09-16,198,4,2.02,Good
2587,2587,2025-09-16,131,1,0.76,Good
2588,2588,2025-09-16,157,12,7.64,Poor
2589,2589,2025-09-16,199,3,1.51,Good
2590,2590,2025-09-16,108,0,0.0,Good
2591,2591,2025-09-17,156,8,5.13,Poor
2592,2592,2025-09-17,107,1,0.93,Good
2593,2593,2025-09-17,96,2,2.08,Good
2594,2594,2025-09-17,184,5,2.72,Good
2595,2595,2025-09-17,58,1,1.72,Good
2596,2596,2025-09-17,115,1,0.87,Good
2597,2597,2025-09-17,99,5,5.05,Poor
2598,2598,2025-09-17,59,3,5.08,Poor
2599,2599,2025-09-17,61,3,4.92,Warning
2600,2600,2025-09-17,169,1,0.59,Good
2601,2601,2025-09-18,141,1,0.71,Good
2602,2602,2025-09-18,131,2,1.53,Good
2603,2603,2025-09-18,143,11,7.69,Poor
2604,2604,2025-09-18,190,12,6.32,Poor
2605,2605,2025-09-18,96,1,1.04,Good
2606,2606,2025-09-18,175,14,8.0,Poor
2607,2607,2025-09-18,59,0,0.0,Good
2608,2608,2025-09-18,179,7,3.91,Warning
2609,2609,2025-09-18,179,1,0.56,Good
2610,2610,2025-09-18,99,2,2.02,Good
2611,2611,2025-09-19,199,2,1.01,Good
2612,2612,2025-09-19,74,0,0.0,Good
2613,2613,2025-09-19,78,6,7.69,Poor
2614,2614,2025-09-19,186,14,7.53,Poor
2615,2615,2025-09-19,95,7,7.37,Poor
2616,2616,2025-09-19,189,9,4.76,Warning
2617,2617,2025-09-19,65,2,3.08,Warning
2618,2618,2025-09-19,178,2,1.12,Good
2619,2619,2025-09-19,175,3,1.71,Good
2620,2620,2025-09-19,121,5,4.13,Warning
2621,2621,2025-09-20,183,6,3.28,Warning
2622,2622,2025-09-20,140,11,7.86,Poor
2623,2623,2025-09-20,190,5,2.63,Good
2624,2624,2025-09-20,64,4,6.25,Poor
2625,2625,2025-09-20,141,8,5.67,Poor
2626,2626,2025-09-20,96,4,4.17,Warning
2627,2627,2025-09-20,131,5,3.82,Warning
2628,2628,2025-09-20,53,1,1.89,Good
2629,2629,2025-09-20,74,3,4.05,Warning
2630,2630,2025-09-20,110,0,0.0,Good
2631,2631,2025-09-21,173,11,6.36,Poor
2632,2632,2025-09-21,110,3,2.73,Good
2633,2633,2025-09-21,138,9,6.52,Poor
2634,2634,2025-09-21,200,10,5.0,Warning
2635,2635,2025-09-21,166,10,6.02,Poor
2636,2636,2025-09-21,138,1,0.72,Good
2637,2637,2025-09-21,83,6,7.23,Poor
2638,2638,2025-09-21,95,5,5.26,Poor
2639,2639,2025-09-21,101,7,6.93,Poor
2640,2640,2025-09-21,157,10,6.37,Poor
2641,2641,2025-09-22,200,16,8.0,Poor
2642,2642,2025-09-22,129,8,6.2,Poor
2643,2643,2025-09-22,86,5,5.81,Poor
2644,2644,2025-09-22,190,4,2.11,Good
2645,2645,2025-09-22,116,1,0.86,Good
2646,2646,2025-09-22,65,5,7.69,Poor
2647,2647,2025-09-22,119,2,1.68,Good
2648,2648,2025-09-22,54,3,5.56,Poor
2649,2649,2025-09-22,73,5,6.85,Poor
2650,2650,2025-09-22,60,0,0.0,Good
2651,2651,2025-09-23,138,6,4.35,Warning
2652,2652,2025-09-23,106,3,2.83,Good
2653,2653,2025-09-23,198,3,1.52,Good
2654,2654,2025-09-23,183,11,6.01,Poor
2655,2655,2025-09-23,60,3,5.0,Warning
2656,2656,2025-09-23,139,11,7.91,Poor
2657,2657,2025-09-23,177,6,3.39,Warning
2658,2658,2025-09-23,121,4,3.31,Warning
2659,2659,2025-09-23,102,2,1.96,Good
2660,2660,2025-09-23,87,6,6.9,Poor
2661,2661,2025-09-24,197,6,3.05,Warning
2662,2662,2025-09-24,98,0,0.0,Good
2663,2663,2025-09-24,177,13,7.34,Poor
2664,2664,2025-09-24,129,2,1.55,Good
2665,2665,2025-09-24,98,2,2.04,Good
2666,2666,2025-09-24,190,7,3.68,Warning
2667,2667,2025-09-24,72,5,6.94,Poor
2668,2668,2025-09-24,60,2,3.33,Warning
2669,2669,2025-09-24,196,1,0.51,Good
2670,2670,2025-09-24,157,9,5.73,Poor
2671,2671,2025-09-25,126,4,3.17,Warning
2672,2672,2025-09-25,59,3,5.08,Poor
2673,2673,2025-09-25,101,7,6.93,Poor
2674,2674,2025-09-25,85,0,0.0,Good
2675,2675,2025-09-25,104,6,5.77,Poor
2676,2676,2025-09-25,160,12,7.5,Poor
2677,2677,2025-09-25,80,5,6.25,Poor
2678,2678,2025-09-25,145,9,6.21,Poor
2679,2679,2025-09-25,94,2,2.13,Good
2680,2680,2025-09-25,96,4,4.17,Warning
2681,2681,2025-09-26,200,13,6.5,Poor
2682,2682,2025-09-26,112,8,7.14,Poor
2683,2683,2025-09-26,91,5,5.49,Poor
2684,2684,2025-09-26,146,9,6.16,Poor
2685,2685,2025-09-26,162,1,0.62,Good
2686,2686,2025-09-26,156,9,5.77,Poor
2687,2687,2025-09-26,70,3,4.29,Warning
2688,2688,2025-09-26,131,5,3.82,Warning
2689,2689,2025-09-26,124,1,0.81,Good
2690,2690,2025-09-26,112,3,2.68,Good
2691,2691,2025-09-27,58,4,6.9,Poor
2692,2692,2025-09-27,77,2,2.6,Good
2693,2693,2025-09-27,67,0,0.0,Good
2694,2694,2025-09-27,108,0,0.0,Good
2695,2695,2025-09-27,59,0,0.0,Good
2696,2696,2025-09-27,60,2,3.33,Warning
2697,2697,2025-09-27,191,3,1.57,Good
2698,2698,2025-09-27,77,6,7.79,Poor
2699,2699,2025-09-27,114,4,3.51,Warning
2700,2700,2025-09-27,106,4,3.77,Warning
2701,2701,2025-09-28,85,2,2.35,Good
2702,2702,2025-09-28,197,8,4.06,Warning
2703,2703,2025-09-28,67,2,2.99,Good
2704,2704,2025-09-28,149,1,0.67,Good
2705,2705,2025-09-28,99,5,5.05,Poor
2706,2706,2025-09-28,128,6,4.69,Warning
2707,2707,2025-09-28,146,3,2.05,Good
2708,2708,2025-09-28,194,0,0.0,Good
2709,2709,2025-09-28,162,3,1.85,Good
2710,2710,2025-09-28,180,7,3.89,Warning
2711,2711,2025-09-29,136,6,4.41,Warning
2712,2712,2025-09-29,130,10,7.69,Poor
2713,2713,2025-09-29,157,1,0.64,Good
2714,2714,2025-09-29,194,2,1.03,Good
2715,2715,2025-09-29,73,1,1.37,Good
2716,2716,2025-09-29,125,10,8.0,Poor
2717,2717,2025-09-29,197,0,0.0,Good
2718,2718,2025-09-29,125,0,0.0,Good
2719,2719,2025-09-29,68,1,1.47,Good
2720,2720,2025-09-29,172,2,1.16,Good
2721,2721,2025-09-30,128,10,7.81,Poor
2722,2722,2025-09-30,78,4,5.13,Poor
2723,2723,2025-09-30,176,5,2.84,Good
2724,2724,2025-09-30,57,1,1.75,Good
2725,2725,2025-09-30,180,8,4.44,Warning
2726,2726,2025-09-30,167,3,1.8,Good
2727,2727,2025-09-30,112,8,7.14,Poor
2728,2728,2025-09-30,66,3,4.55,Warning
2729,2729,2025-09-30,117,5,4.27,Warning
2730,2730,2025-09-30,127,9,7.09,Poor
2731,2731,2025-10-01,187,11,5.88,Poor
2732,2732,2025-10-01,140,6,4.29,Warning
2733,2733,2025-10-01,96,7,7.29,Poor
2734,2734,2025-10-01,141,7,4.96,Warning
2735,2735,2025-10-01,171,7,4.09,Warning
2736,2736,2025-10-01,168,8,4.76,Warning
2737,2737,2025-10-01,100,2,2.0,Good
2738,2738,2025-10-01,68,5,7.35,Poor
2739,2739,2025-10-01,184,11,5.98,Poor
2740,2740,2025-10-01,148,7,4.73,Warning
2741,2741,2025-10-02,102,3,2.94,Good
2742,2742,2025-10-02,163,2,1.23,Good
2743,2743,2025-10-02,147,5,3.4,Warning
2744,2744,2025-10-02,160,10,6.25,Poor
2745,2745,2025-10-02,184,3,1.63,Good
2746,2746,2025-10-02,165,2,1.21,Good
2747,2747,2025-10-02,63,0,0.0,Good
2748,2748,2025-10-02,123,5,4.07,Warning
2749,2749,2025-10-02,66,3,4.55,Warning
2750,2750,2025-10-02,144,5,3.47,Warning
2751,2751,2025-10-03,66,2,3.03,Warning
2752,2752,2025-10-03,67,3,4.48,Warning
2753,2753,2025-10-03,188,4,2.13,Good
2754,2754,2025-10-03,162,3,1.85,Good
2755,2755,2025-10-03,106,5,4.72,Warning
2756,2756,2025-10-03,63,1,1.59,Good
2757,2757,2025-10-03,79,2,2.53,Good
2758,2758,2025-10-03,91,1,1.1,Good
2759,2759,2025-10-03,174,2,1.15,Good
2760,2760,2025-10-03,72,4,5.56,Poor
2761,2761,2025-10-04,183,14,7.65,Poor
2762,2762,2025-10-04,183,2,1.09,Good
2763,2763,2025-10-04,106,7,6.6,Poor
2764,2764,2025-10-04,85,1,1.18,Good
2765,2765,2025-10-04,115,2,1.74,Good
2766,2766,2025-10-04,180,2,1.11,Good
2767,2767,2025-10-04,100,4,4.0,Warning
2768,2768,2025-10-04,115,2,1.74,Good
2769,2769,2025-10-04,64,3,4.69,Warning
2770,2770,2025-10-04,80,1,1.25,Good
2771,2771,2025-10-05,87,5,5.75,Poor
2772,2772,2025-10-05,111,0,0.0,Good
2773,2773,2025-10-05,90,5,5.56,Poor
2774,2774,2025-10-05,104,0,0.0,Good
2775,2775,2025-10-05,50,3,6.0,Poor
2776,2776,2025-10-05,89,3,3.37,Warning
2777,2777,2025-10-05,87,2,2.3,Good
2778,2778,2025-10-05,189,8,4.23,Warning
2779,2779,2025-10-05,118,4,3.39,Warning
2780,2780,2025-10-05,121,0,0.0,Good
2781,2781,2025-10-06,136,1,0.74,Good
2782,2782,2025-10-06,100,7,7.0,Poor
2783,2783,2025-10-06,122,8,6.56,Poor
2784,2784,2025-10-06,187,7,3.74,Warning
2785,2785,2025-10-06,64,2,3.12,Warning
2786,2786,2025-10-06,136,4,2.94,Good
2787,2787,2025-10-06,185,0,0.0,Good
2788,2788,2025-10-06,61,2,3.28,Warning
2789,2789,2025-10-06,169,11,6.51,Poor
2790,2790,2025-10-06,96,5,5.21,Poor
2791,2791,2025-10-07,89,4,4.49,Warning
2792,2792,2025-10-07,128,9,7.03,Poor
2793,2793,2025-10-07,108,0,0.0,Good
2794,2794,2025-10-07,196,5,2.55,Good
2795,2795,2025-10-07,100,3,3.0,Good
2796,2796,2025-10-07,85,0,0.0,Good
2797,2797,2025-10-07,139,3,2.16,Good
2798,2798,2025-10-07,92,2,2.17,Good
2799,2799,2025-10-07,105,3,2.86,Good
2800,2800,2025-10-07,88,0,0.0,Good
2801,2801,2025-10-08,71,4,5.63,Poor
2802,2802,2025-10-08,156,11,7.05,Poor
2803,2803,2025-10-08,77,6,7.79,Poor
2804,2804,2025-10-08,146,2,1.37,Good
2805,2805,2025-10-08,151,10,6.62,Poor
2806,2806,2025-10-08,123,5,4.07,Warning
2807,2807,2025-10-08,148,0,0.0,Good
2808,2808,2025-10-08,200,16,8.0,Poor
2809,2809,2025-10-08,60,3,5.0,Warning
2810,2810,2025-10-08,183,7,3.83,Warning
2811,2811,2025-10-09,82,5,6.1,Poor
2812,2812,2025-10-09,72,0,0.0,Good
2813,2813,2025-10-09,107,8,7.48,Poor
2814,2814,2025-10-09,127,7,5.51,Poor
2815,2815,2025-10-09,65,2,3.08,Warning
2816,2816,2025-10-09,63,1,1.59,Good
2817,2817,2025-10-09,92,7,7.61,Poor
2818,2818,2025-10-09,117,9,7.69,Poor
2819,2819,2025-10-09,100,0,0.0,Good
2820,2820,2025-10-09,63,5,7.94,Poor
2821,2821,2025-10-10,108,8,7.41,Poor
2822,2822,2025-10-10,91,5,5.49,Poor
2823,2823,2025-10-10,144,3,2.08,Good
2824,2824,2025-10-10,147,10,6.8,Poor
2825,2825,2025-10-10,107,1,0.93,Good
2826,2826,2025-10-10,138,11,7.97,Poor
2827,2827,2025-10-10,168,10,5.95,Poor
2828,2828,2025-10-10,110,7,6.36,Poor
2829,2829,2025-10-10,61,1,1.64,Good
2830,2830,2025-10-10,192,10,5.21,Poor
2831,2831,2025-10-11,165,7,4.24,Warning
2832,2832,2025-10-11,82,5,6.1,Poor
2833,2833,2025-10-11,156,0,0.0,Good
2834,2834,2025-10-11,102,3,2.94,Good
2835,2835,2025-10-11,98,6,6.12,Poor
2836,2836,2025-10-11,56,3,5.36,Poor
2837,2837,2025-10-11,99,5,5.05,Poor
2838,2838,2025-10-11,197,0,0.0,Good
2839,2839,2025-10-11,148,7,4.73,Warning
2840,2840,2025-10-11,53,1,1.89,Good
2841,2841,2025-10-12,106,1,0.94,Good
2842,2842,2025-10-12,167,12,7.19,Poor
2843,2843,2025-10-12,134,0,0.0,Good
2844,2844,2025-10-12,184,1,0.54,Good
2845,2845,2025-10-12,54,2,3.7,Warning
2846,2846,2025-10-12,112,5,4.46,Warning
2847,2847,2025-10-12,84,6,7.14,Poor
2848,2848,2025-10-12,76,3,3.95,Warning
2849,2849,2025-10-12,95,2,2.11,Good
2850,2850,2025-10-12,197,13,6.6,Poor
2851,2851,2025-10-13,141,2,1.42,Good
2852,2852,2025-10-13,90,1,1.11,Good
2853,2853,2025-10-13,78,4,5.13,Poor
2854,2854,2025-10-13,185,11,5.95,Poor
2855,2855,2025-10-13,157,4,2.55,Good
2856,2856,2025-10-13,119,7,5.88,Poor
2857,2857,2025-10-13,71,1,1.41,Good
2858,2858,2025-10-13,108,4,3.7,Warning
2859,2859,2025-10-13,71,4,5.63,Poor
2860,2860,2025-10-13,77,1,1.3,Good
2861,2861,2025-10-14,75,5,6.67,Poor
2862,2862,2025-10-14,146,8,5.48,Poor
2863,2863,2025-10-14,152,0,0.0,Good
2864,2864,2025-10-14,146,2,1.37,Good
2865,2865,2025-10-14,133,3,2.26,Good
2866,2866,2025-10-14,156,12,7.69,Poor
2867,2867,2025-10-14,68,1,1.47,Good
2868,2868,2025-10-14,182,1,0.55,Good
2869,2869,2025-10-14,182,4,2.2,Good
2870,2870,2025-10-14,181,7,3.87,Warning
2871,2871,2025-10-15,184,12,6.52,Poor
2872,2872,2025-10-15,147,7,4.76,Warning
2873,2873,2025-10-15,170,7,4.12,Warning
2874,2874,2025-10-15,68,0,0.0,Good
2875,2875,2025-10-15,57,4,7.02,Poor
2876,2876,2025-10-15,61,4,6.56,Poor
2877,2877,2025-10-15,112,3,2.68,Good
2878,2878,2025-10-15,91,0,0.0,Good
2879,2879,2025-10-15,165,10,6.06,Poor
2880,2880,2025-10-15,151,2,1.32,Good
2881,2881,2025-10-16,143,7,4.9,Warning
2882,2882,2025-10-16,104,1,0.96,Good
2883,2883,2025-10-16,148,9,6.08,Poor
2884,2884,2025-10-16,144,6,4.17,Warning
2885,2885,2025-10-16,88,5,5.68,Poor
2886,2886,2025-10-16,194,2,1.03,Good
2887,2887,2025-10-16,153,9,5.88,Poor
2888,2888,2025-10-16,67,2,2.99,Good
2889,2889,2025-10-16,189,4,2.12,Good
2890,2890,2025-10-16,56,4,7.14,Poor
2891,2891,2025-10-17,73,0,0.0,Good
2892,2892,2025-10-17,52,1,1.92,Good
2893,2893,2025-10-17,159,6,3.77,Warning
2894,2894,2025-10-17,169,12,7.1,Poor
2895,2895,2025-10-17,133,8,6.02,Poor
2896,2896,2025-10-17,60,4,6.67,Poor
2897,2897,2025-10-17,96,7,7.29,Poor
2898,2898,2025-10-17,108,3,2.78,Good
2899,2899,2025-10-17,175,7,4.0,Warning
2900,2900,2025-10-17,165,12,7.27,Poor
2901,2901,2025-10-18,102,1,0.98,Good
2902,2902,2025-10-18,138,8,5.8,Poor
2903,2903,2025-10-18,98,6,6.12,Poor
2904,2904,2025-10-18,133,7,5.26,Poor
2905,2905,2025-10-18,122,8,6.56,Poor
2906,2906,2025-10-18,136,8,5.88,Poor
2907,2907,2025-10-18,153,8,5.23,Poor
2908,2908,2025-10-18,136,8,5.88,Poor
2909,2909,2025-10-18,170,11,6.47,Poor
2910,2910,2025-10-18,108,2,1.85,Good
2911,2911,2025-10-19,143,7,4.9,Warning
2912,2912,2025-10-19,125,4,3.2,Warning
2913,2913,2025-10-19,108,3,2.78,Good
2914,2914,2025-10-19,187,12,6.42,Poor
2915,2915,2025-10-19,169,11,6.51,Poor
2916,2916,2025-10-19,89,3,3.37,Warning
2917,2917,2025-10-19,114,1,0.88,Good
2918,2918,2025-10-19,114,2,1.75,Good
2919,2919,2025-10-19,105,1,0.95,Good
2920,2920,2025-10-19,70,4,5.71,Poor
2921,2921,2025-10-20,157,11,7.01,Poor
2922,2922,2025-10-20,178,11,6.18,Poor
2923,2923,2025-10-20,157,2,1.27,Good
2924,2924,2025-10-20,78,0,0.0,Good
2925,2925,2025-10-20,110,7,6.36,Poor
2926,2926,2025-10-20,143,9,6.29,Poor
2927,2927,2025-10-20,159,4,2.52,Good
2928,2928,2025-10-20,178,8,4.49,Warning
2929,2929,2025-10-20,165,11,6.67,Poor
2930,2930,2025-10-20,94,0,0.0,Good
2931,2931,2025-10-21,146,7,4.79,Warning
2932,2932,2025-10-21,169,10,5.92,Poor
2933,2933,2025-10-21,92,3,3.26,Warning
2934,2934,2025-10-21,193,9,4.66,Warning
2935,2935,2025-10-21,89,1,1.12,Good
2936,2936,2025-10-21,181,2,1.1,Good
2937,2937,2025-10-21,151,10,6.62,Poor
2938,2938,2025-10-21,200,11,5.5,Poor
2939,2939,2025-10-21,123,9,7.32,Poor
2940,2940,2025-10-21,54,0,0.0,Good
2941,2941,2025-10-22,69,5,7.25,Poor
2942,2942,2025-10-22,57,1,1.75,Good
2943,2943,2025-10-22,184,14,7.61,Poor
2944,2944,2025-10-22,53,0,0.0,Good
2945,2945,2025-10-22,95,1,1.05,Good
2946,2946,2025-10-22,194,4,2.06,Good
2947,2947,2025-10-22,115,4,3.48,Warning
2948,2948,2025-10-22,153,11,7.19,Poor
2949,2949,2025-10-22,103,3,2.91,Good
2950,2950,2025-10-22,65,1,1.54,Good
2951,2951,2025-10-23,196,14,7.14,Poor
2952,2952,2025-10-23,108,5,4.63,Warning
2953,2953,2025-10-23,200,4,2.0,Good
2954,2954,2025-10-23,175,11,6.29,Poor
2955,2955,2025-10-23,128,0,0.0,Good
2956,2956,2025-10-23,101,3,2.97,Good
2957,2957,2025-10-23,90,1,1.11,Good
2958,2958,2025-10-23,109,2,1.83,Good
2959,2959,2025-10-23,184,3,1.63,Good
2960,2960,2025-10-23,60,3,5.0,Warning
2961,2961,2025-10-24,186,4,2.15,Good
2962,2962,2025-10-24,60,0,0.0,Good
2963,2963,2025-10-24,131,1,0.76,Good
2964,2964,2025-10-24,133,6,4.51,Warning
2965,2965,2025-10-24,102,3,2.94,Good
2966,2966,2025-10-24,143,1,0.7,Good
2967,2967,2025-10-24,110,0,0.0,Good
2968,2968,2025-10-24,109,4,3.67,Warning
2969,2969,2025-10-24,195,4,2.05,Good
2970,2970,2025-10-24,60,0,0.0,Good
2971,2971,2025-10-25,98,3,3.06,Warning
2972,2972,2025-10-25,62,1,1.61,Good
2973,2973,2025-10-25,129,2,1.55,Good
2974,2974,2025-10-25,93,5,5.38,Poor
2975,2975,2025-10-25,74,4,5.41,Poor
2976,2976,2025-10-25,91,4,4.4,Warning
2977,2977,2025-10-25,107,2,1.87,Good
2978,2978,2025-10-25,144,6,4.17,Warning
2979,2979,2025-10-25,136,0,0.0,Good
2980,2980,2025-10-25,197,9,4.57,Warning
2981,2981,2025-10-26,190,9,4.74,Warning
2982,2982,2025-10-26,154,11,7.14,Poor
2983,2983,2025-10-26,125,5,4.0,Warning
2984,2984,2025-10-26,142,6,4.23,Warning
2985,2985,2025-10-26,51,1,1.96,Good
2986,2986,2025-10-26,99,6,6.06,Poor
2987,2987,2025-10-26,139,4,2.88,Good
2988,2988,2025-10-26,131,3,2.29,Good
2989,2989,2025-10-26,81,5,6.17,Poor
2990,2990,2025-10-26,137,7,5.11,Poor
2991,2991,2025-10-27,128,3,2.34,Good
2992,2992,2025-10-27,126,7,5.56,Poor
2993,2993,2025-10-27,172,5,2.91,Good
2994,2994,2025-10-27,157,4,2.55,Good
2995,2995,2025-10-27,112,2,1.79,Good
2996,2996,2025-10-27,171,3,1.75,Good
2997,2997,2025-10-27,100,2,2.0,Good
2998,2998,2025-10-27,199,12,6.03,Poor
2999,2999,2025-10-27,64,2,3.12,Warning
3000,3000,2025-10-27,111,2,1.8,Good
3001,3001,2025-10-28,65,5,7.69,Poor
3002,3002,2025-10-28,158,1,0.63,Good
3003,3003,2025-10-28,73,1,1.37,Good
3004,3004,2025-10-28,80,6,7.5,Poor
3005,3005,2025-10-28,166,11,6.63,Poor
3006,3006,2025-10-28,52,2,3.85,Warning
3007,3007,2025-10-28,104,7,6.73,Poor
3008,3008,2025-10-28,196,13,6.63,Poor
3009,3009,2025-10-28,139,0,0.0,Good
3010,3010,2025-10-28,192,9,4.69,Warning
3011,3011,2025-10-29,101,3,2.97,Good
3012,3012,2025-10-29,168,2,1.19,Good
3013,3013,2025-10-29,114,1,0.88,Good
3014,3014,2025-10-29,165,4,2.42,Good
3015,3015,2025-10-29,200,1,0.5,Good
3016,3016,2025-10-29,162,8,4.94,Warning
3017,3017,2025-10-29,91,7,7.69,Poor
3018,3018,2025-10-29,155,9,5.81,Poor
3019,3019,2025-10-29,189,3,1.59,Good
3020,3020,2025-10-29,173,10,5.78,Poor
3021,3021,2025-10-30,78,5,6.41,Poor
3022,3022,2025-10-30,157,4,2.55,Good
3023,3023,2025-10-30,87,0,0.0,Good
3024,3024,2025-10-30,174,4,2.3,Good
3025,3025,2025-10-30,107,7,6.54,Poor
3026,3026,2025-10-30,130,10,7.69,Poor
3027,3027,2025-10-30,68,5,7.35,Poor
3028,3028,2025-10-30,167,12,7.19,Poor
3029,3029,2025-10-30,171,7,4.09,Warning
3030,3030,2025-10-30,180,4,2.22,Good
3031,3031,2025-10-31,83,2,2.41,Good
3032,3032,2025-10-31,80,0,0.0,Good
3033,3033,2025-10-31,193,2,1.04,Good
3034,3034,2025-10-31,160,5,3.12,Warning
3035,3035,2025-10-31,178,8,4.49,Warning
3036,3036,2025-10-31,173,8,4.62,Warning
3037,3037,2025-10-31,163,1,0.61,Good
3038,3038,2025-10-31,67,4,5.97,Poor
3039,3039,2025-10-31,150,7,4.67,Warning
3040,3040,2025-10-31,116,7,6.03,Poor
3041,3041,2025-11-01,166,5,3.01,Warning
3042,3042,2025-11-01,105,1,0.95,Good
3043,3043,2025-11-01,148,2,1.35,Good
3044,3044,2025-11-01,169,9,5.33,Poor
3045,3045,2025-11-01,172,0,0.0,Good
3046,3046,2025-11-01,160,11,6.88,Poor
3047,3047,2025-11-01,147,9,6.12,Poor
3048,3048,2025-11-01,144,5,3.47,Warning
3049,3049,2025-11-01,71,2,2.82,Good
3050,3050,2025-11-01,123,0,0.0,Good
3051,3051,2025-11-02,113,2,1.77,Good
3052,3052,2025-11-02,191,4,2.09,Good
3053,3053,2025-11-02,161,2,1.24,Good
3054,3054,2025-11-02,124,7,5.65,Poor
3055,3055,2025-11-02,135,3,2.22,Good
3056,3056,2025-11-02,154,6,3.9,Warning
3057,3057,2025-11-02,153,8,5.23,Poor
3058,3058,2025-11-02,52,1,1.92,Good
3059,3059,2025-11-02,192,9,4.69,Warning
3060,3060,2025-11-02,154,1,0.65,Good
3061,3061,2025-11-03,123,5,4.07,Warning
3062,3062,2025-11-03,131,4,3.05,Warning
3063,3063,2025-11-03,145,1,0.69,Good
3064,3064,2025-11-03,78,6,7.69,Poor
3065,3065,2025-11-03,174,12,6.9,Poor
3066,3066,2025-11-03,137,5,3.65,Warning
3067,3067,2025-11-03,198,11,5.56,Poor
3068,3068,2025-11-03,181,3,1.66,Good
3069,3069,2025-11-03,196,4,2.04,Good
3070,3070,2025-11-03,73,2,2.74,Good
3071,3071,2025-11-04,162,0,0.0,Good
3072,3072,2025-11-04,142,10,7.04,Poor
3073,3073,2025-11-04,157,4,2.55,Good
3074,3074,2025-11-04,147,2,1.36,Good
3075,3075,2025-11-04,140,6,4.29,Warning
3076,3076,2025-11-04,162,2,1.23,Good
3077,3077,2025-11-04,104,0,0.0,Good
3078,3078,2025-11-04,179,5,2.79,Good
3079,3079,2025-11-04,132,4,3.03,Warning
3080,3080,2025-11-04,125,3,2.4,Good
3081,3081,2025-11-05,155,12,7.74,Poor
3082,3082,2025-11-05,126,4,3.17,Warning
3083,3083,2025-11-05,199,7,3.52,Warning
3084,3084,2025-11-05,172,4,2.33,Good
3085,3085,2025-11-05,173,9,5.2,Poor
3086,3086,2025-11-05,53,4,7.55,Poor
3087,3087,2025-11-05,179,14,7.82,Poor
3088,3088,2025-11-05,171,11,6.43,Poor
3089,3089,2025-11-05,159,8,5.03,Poor
3090,3090,2025-11-05,190,6,3.16,Warning
3091,3091,2025-11-06,181,12,6.63,Poor
3092,3092,2025-11-06,119,9,7.56,Poor
3093,3093,2025-11-06,75,3,4.0,Warning
3094,3094,2025-11-06,198,15,7.58,Poor
3095,3095,2025-11-06,80,5,6.25,Poor
3096,3096,2025-11-06,143,7,4.9,Warning
3097,3097,2025-11-06,151,11,7.28,Poor
3098,3098,2025-11-06,86,4,4.65,Warning
3099,3099,2025-11-06,127,8,6.3,Poor
3100,3100,2025-11-06,57,3,5.26,Poor
3101,3101,2025-11-07,113,3,2.65,Good
3102,3102,2025-11-07,136,10,7.35,Poor
3103,3103,2025-11-07,72,4,5.56,Poor
3104,3104,2025-11-07,157,2,1.27,Good
3105,3105,2025-11-07,153,12,7.84,Poor
3106,3106,2025-11-07,116,7,6.03,Poor
3107,3107,2025-11-07,175,13,7.43,Poor
3108,3108,2025-11-07,193,1,0.52,Good
3109,3109,2025-11-07,197,6,3.05,Warning
3110,3110,2025-11-07,161,12,7.45,Poor
3111,3111,2025-11-08,166,6,3.61,Warning
3112,3112,2025-11-08,156,1,0.64,Good
3113,3113,2025-11-08,167,7,4.19,Warning
3114,3114,2025-11-08,94,0,0.0,Good
3115,3115,2025-11-08,56,1,1.79,Good
3116,3116,2025-11-08,108,1,0.93,Good
3117,3117,2025-11-08,110,0,0.0,Good
3118,3118,2025-11-08,91,0,0.0,Good
3119,3119,2025-11-08,55,0,0.0,Good
3120,3120,2025-11-08,121,5,4.13,Warning
3121,3121,2025-11-09,58,0,0.0,Good
3122,3122,2025-11-09,160,2,1.25,Good
3123,3123,2025-11-09,122,4,3.28,Warning
3124,3124,2025-11-09,128,0,0.0,Good
3125,3125,2025-11-09,56,4,7.14,Poor
3126,3126,2025-11-09,58,1,1.72,Good
3127,3127,2025-11-09,169,2,1.18,Good
3128,3128,2025-11-09,83,2,2.41,Good
3129,3129,2025-11-09,167,2,1.2,Good
3130,3130,2025-11-09,127,2,1.57,Good
3131,3131,2025-11-10,127,3,2.36,Good
3132,3132,2025-11-10,63,2,3.17,Warning
3133,3133,2025-11-10,152,9,5.92,Poor
3134,3134,2025-11-10,156,10,6.41,Poor
3135,3135,2025-11-10,55,2,3.64,Warning
3136,3136,2025-11-10,187,0,0.0,Good
3137,3137,2025-11-10,193,4,2.07,Good
3138,3138,2025-11-10,101,0,0.0,Good
3139,3139,2025-11-10,57,3,5.26,Poor
3140,3140,2025-11-10,169,9,5.33,Poor
3141,3141,2025-11-11,94,4,4.26,Warning
3142,3142,2025-11-11,150,3,2.0,Good
3143,3143,2025-11-11,198,10,5.05,Poor
3144,3144,2025-11-11,136,5,3.68,Warning
3145,3145,2025-11-11,147,4,2.72,Good
3146,3146,2025-11-11,94,2,2.13,Good
3147,3147,2025-11-11,150,0,0.0,Good
3148,3148,2025-11-11,186,1,0.54,Good
3149,3149,2025-11-11,164,12,7.32,Poor
3150,3150,2025-11-11,144,9,6.25,Poor
3151,3151,2025-11-12,168,11,6.55,Poor
3152,3152,2025-11-12,50,0,0.0,Good
3153,3153,2025-11-12,73,4,5.48,Poor
3154,3154,2025-11-12,51,4,7.84,Poor
3155,3155,2025-11-12,60,2,3.33,Warning
3156,3156,2025-11-12,167,9,5.39,Poor
3157,3157,2025-11-12,126,9,7.14,Poor
3158,3158,2025-11-12,61,2,3.28,Warning
3159,3159,2025-11-12,72,2,2.78,Good
3160,3160,2025-11-12,183,4,2.19,Good
3161,3161,2025-11-13,182,14,7.69,Poor
3162,3162,2025-11-13,183,8,4.37,Warning
3163,3163,2025-11-13,83,2,2.41,Good
3164,3164,2025-11-13,179,13,7.26,Poor
3165,3165,2025-11-13,67,1,1.49,Good
3166,3166,2025-11-13,64,5,7.81,Poor
3167,3167,2025-11-13,97,7,7.22,Poor
3168,3168,2025-11-13,91,5,5.49,Poor
3169,3169,2025-11-13,179,14,7.82,Poor
3170,3170,2025-11-13,81,5,6.17,Poor
3171,3171,2025-11-14,68,2,2.94,Good
3172,3172,2025-11-14,77,3,3.9,Warning
3173,3173,2025-11-14,181,9,4.97,Warning
3174,3174,2025-11-14,137,0,0.0,Good
3175,3175,2025-11-14,153,5,3.27,Warning
3176,3176,2025-11-14,163,3,1.84,Good
3177,3177,2025-11-14,77,1,1.3,Good
3178,3178,2025-11-14,94,5,5.32,Poor
3179,3179,2025-11-14,72,2,2.78,Good
3180,3180,2025-11-14,145,2,1.38,Good
3181,3181,2025-11-15,194,14,7.22,Poor
3182,3182,2025-11-15,117,2,1.71,Good
3183,3183,2025-11-15,183,6,3.28,Warning
3184,3184,2025-11-15,155,7,4.52,Warning
3185,3185,2025-11-15,169,1,0.59,Good
3186,3186,2025-11-15,61,1,1.64,Good
3187,3187,2025-11-15,99,3,3.03,Warning
3188,3188,2025-11-15,146,8,5.48,Poor
3189,3189,2025-11-15,88,7,7.95,Poor
3190,3190,2025-11-15,185,11,5.95,Poor
3191,3191,2025-11-16,65,4,6.15,Poor
3192,3192,2025-11-16,195,14,7.18,Poor
3193,3193,2025-11-16,56,3,5.36,Poor
3194,3194,2025-11-16,199,9,4.52,Warning
3195,3195,2025-11-16,175,2,1.14,Good
3196,3196,2025-11-16,63,2,3.17,Warning
3197,3197,2025-11-16,84,4,4.76,Warning
3198,3198,2025-11-16,72,5,6.94,Poor
3199,3199,2025-11-16,176,7,3.98,Warning
3200,3200,2025-11-16,140,10,7.14,Poor
3201,3201,2025-11-17,58,4,6.9,Poor
3202,3202,2025-11-17,148,3,2.03,Good
3203,3203,2025-11-17,86,3,3.49,Warning
3204,3204,2025-11-17,167,11,6.59,Poor
3205,3205,2025-11-17,151,9,5.96,Poor
3206,3206,2025-11-17,193,8,4.15,Warning
3207,3207,2025-11-17,98,1,1.02,Good
3208,3208,2025-11-17,77,1,1.3,Good
3209,3209,2025-11-17,123,0,0.0,Good
3210,3210,2025-11-17,188,12,6.38,Poor
3211,3211,2025-11-18,51,2,3.92,Warning
3212,3212,2025-11-18,112,6,5.36,Poor
3213,3213,2025-11-18,156,8,5.13,Poor
3214,3214,2025-11-18,194,10,5.15,Poor
3215,3215,2025-11-18,176,0,0.0,Good
3216,3216,2025-11-18,122,1,0.82,Good
3217,3217,2025-11-18,76,4,5.26,Poor
3218,3218,2025-11-18,144,3,2.08,Good
3219,3219,2025-11-18,133,6,4.51,Warning
3220,3220,2025-11-18,114,2,1.75,Good
3221,3221,2025-11-19,108,1,0.93,Good
3222,3222,2025-11-19,150,4,2.67,Good
3223,3223,2025-11-19,95,1,1.05,Good
3224,3224,2025-11-19,161,3,1.86,Good
3225,3225,2025-11-19,128,6,4.69,Warning
3226,3226,2025-11-19,70,0,0.0,Good
3227,3227,2025-11-19,189,14,7.41,Poor
3228,3228,2025-11-19,131,10,7.63,Poor
3229,3229,2025-11-19,194,12,6.19,Poor
3230,3230,2025-11-19,56,3,5.36,Poor
3231,3231,2025-11-20,187,12,6.42,Poor
3232,3232,2025-11-20,156,3,1.92,Good
3233,3233,2025-11-20,188,2,1.06,Good
3234,3234,2025-11-20,92,4,4.35,Warning
3235,3235,2025-11-20,59,2,3.39,Warning
3236,3236,2025-11-20,172,11,6.4,Poor
3237,3237,2025-11-20,199,4,2.01,Good
3238,3238,2025-11-20,148,8,5.41,Poor
3239,3239,2025-11-20,85,5,5.88,Poor
3240,3240,2025-11-20,118,8,6.78,Poor
3241,3241,2025-11-21,110,7,6.36,Poor
3242,3242,2025-11-21,135,1,0.74,Good
3243,3243,2025-11-21,151,0,0.0,Good
3244,3244,2025-11-21,150,11,7.33,Poor
3245,3245,2025-11-21,66,5,7.58,Poor
3246,3246,2025-11-21,123,0,0.0,Good
3247,3247,2025-11-21,104,5,4.81,Warning
3248,3248,2025-11-21,70,4,5.71,Poor
3249,3249,2025-11-21,139,7,5.04,Poor
3250,3250,2025-11-21,106,0,0.0,Good
3251,3251,2025-11-22,50,4,8.0,Poor
3252,3252,2025-11-22,171,4,2.34,Good
3253,3253,2025-11-22,155,12,7.74,Poor
3254,3254,2025-11-22,143,2,1.4,Good
3255,3255,2025-11-22,121,8,6.61,Poor
3256,3256,2025-11-22,109,4,3.67,Warning
3257,3257,2025-11-22,188,6,3.19,Warning
3258,3258,2025-11-22,71,0,0.0,Good
3259,3259,2025-11-22,129,5,3.88,Warning
3260,3260,2025-11-22,54,3,5.56,Poor
3261,3261,2025-11-23,129,5,3.88,Warning
3262,3262,2025-11-23,109,3,2.75,Good
3263,3263,2025-11-23,126,9,7.14,Poor
3264,3264,2025-11-23,133,6,4.51,Warning
3265,3265,2025-11-23,200,4,2.0,Good
3266,3266,2025-11-23,120,0,0.0,Good
3267,3267,2025-11-23,76,1,1.32,Good
3268,3268,2025-11-23,182,13,7.14,Poor
3269,3269,2025-11-23,136,9,6.62,Poor
3270,3270,2025-11-23,193,13,6.74,Poor
3271,3271,2025-11-24,117,6,5.13,Poor
3272,3272,2025-11-24,185,14,7.57,Poor
3273,3273,2025-11-24,123,8,6.5,Poor
3274,3274,2025-11-24,53,4,7.55,Poor
3275,3275,2025-11-24,141,10,7.09,Poor
3276,3276,2025-11-24,85,6,7.06,Poor
3277,3277,2025-11-24,89,2,2.25,Good
3278,3278,2025-11-24,127,8,6.3,Poor
3279,3279,2025-11-24,173,4,2.31,Good
3280,3280,2025-11-24,98,2,2.04,Good
3281,3281,2025-11-25,107,6,5.61,Poor
3282,3282,2025-11-25,92,2,2.17,Good
3283,3283,2025-11-25,130,9,6.92,Poor
3284,3284,2025-11-25,134,10,7.46,Poor
3285,3285,2025-11-25,134,1,0.75,Good
3286,3286,2025-11-25,74,2,2.7,Good
3287,3287,2025-11-25,58,3,5.17,Poor
3288,3288,2025-11-25,183,11,6.01,Poor
3289,3289,2025-11-25,119,0,0.0,Good
3290,3290,2025-11-25,53,0,0.0,Good
3291,3291,2025-11-26,149,7,4.7,Warning
3292,3292,2025-11-26,122,7,5.74,Poor
3293,3293,2025-11-26,74,4,5.41,Poor
3294,3294,2025-11-26,68,1,1.47,Good
3295,3295,2025-11-26,58,0,0.0,Good
3296,3296,2025-11-26,67,0,0.0,Good
3297,3297,2025-11-26,161,10,6.21,Poor
3298,3298,2025-11-26,87,6,6.9,Poor
3299,3299,2025-11-26,183,2,1.09,Good
3300,3300,2025-11-26,62,2,3.23,Warning
3301,3301,2025-11-27,145,11,7.59,Poor
3302,3302,2025-11-27,150,4,2.67,Good
3303,3303,2025-11-27,79,6,7.59,Poor
3304,3304,2025-11-27,199,0,0.0,Good
3305,3305,2025-11-27,109,7,6.42,Poor
3306,3306,2025-11-27,52,4,7.69,Poor
3307,3307,2025-11-27,172,11,6.4,Poor
3308,3308,2025-11-27,59,2,3.39,Warning
3309,3309,2025-11-27,86,1,1.16,Good
3310,3310,2025-11-27,74,0,0.0,Good
3311,3311,2025-11-28,134,6,4.48,Warning
3312,3312,2025-11-28,67,5,7.46,Poor
3313,3313,2025-11-28,91,1,1.1,Good
3314,3314,2025-11-28,194,15,7.73,Poor
3315,3315,2025-11-28,139,2,1.44,Good
3316,3316,2025-11-28,142,4,2.82,Good
3317,3317,2025-11-28,174,10,5.75,Poor
3318,3318,2025-11-28,65,3,4.62,Warning
3319,3319,2025-11-28,186,8,4.3,Warning
3320,3320,2025-11-28,103,5,4.85,Warning
3321,3321,2025-11-29,124,4,3.23,Warning
3322,3322,2025-11-29,166,2,1.2,Good
3323,3323,2025-11-29,145,1,0.69,Good
3324,3324,2025-11-29,83,5,6.02,Poor
3325,3325,2025-11-29,80,6,7.5,Poor
3326,3326,2025-11-29,83,0,0.0,Good
3327,3327,2025-11-29,190,13,6.84,Poor
3328,3328,2025-11-29,142,11,7.75,Poor
3329,3329,2025-11-29,132,0,0.0,Good
3330,3330,2025-11-29,199,0,0.0,Good
3331,3331,2025-11-30,172,0,0.0,Good
3332,3332,2025-11-30,76,4,5.26,Poor
3333,3333,2025-11-30,127,3,2.36,Good
3334,3334,2025-11-30,50,2,4.0,Warning
3335,3335,2025-11-30,188,9,4.79,Warning
3336,3336,2025-11-30,163,1,0.61,Good
3337,3337,2025-11-30,152,3,1.97,Good
3338,3338,2025-11-30,121,4,3.31,Warning
3339,3339,2025-11-30,80,2,2.5,Good
3340,3340,2025-11-30,77,6,7.79,Poor
3341,3341,2025-12-01,108,6,5.56,Poor
3342,3342,2025-12-01,74,5,6.76,Poor
3343,3343,2025-12-01,89,4,4.49,Warning
3344,3344,2025-12-01,58,1,1.72,Good
3345,3345,2025-12-01,158,0,0.0,Good
3346,3346,2025-12-01,81,1,1.23,Good
3347,3347,2025-12-01,170,10,5.88,Poor
3348,3348,2025-12-01,184,2,1.09,Good
3349,3349,2025-12-01,167,0,0.0,Good
3350,3350,2025-12-01,76,3,3.95,Warning
3351,3351,2025-12-02,159,0,0.0,Good
3352,3352,2025-12-02,92,4,4.35,Warning
3353,3353,2025-12-02,52,1,1.92,Good
3354,3354,2025-12-02,153,3,1.96,Good
3355,3355,2025-12-02,132,6,4.55,Warning
3356,3356,2025-12-02,190,14,7.37,Poor
3357,3357,2025-12-02,145,5,3.45,Warning
3358,3358,2025-12-02,90,1,1.11,Good
3359,3359,2025-12-02,58,0,0.0,Good
3360,3360,2025-12-02,152,2,1.32,Good
3361,3361,2025-12-03,67,3,4.48,Warning
3362,3362,2025-12-03,160,7,4.38,Warning
3363,3363,2025-12-03,60,4,6.67,Poor
3364,3364,2025-12-03,99,2,2.02,Good
3365,3365,2025-12-03,108,8,7.41,Poor
3366,3366,2025-12-03,167,8,4.79,Warning
3367,3367,2025-12-03,83,6,7.23,Poor
3368,3368,2025-12-03,140,0,0.0,Good
3369,3369,2025-12-03,190,6,3.16,Warning
3370,3370,2025-12-03,125,0,0.0,Good
3371,3371,2025-12-04,62,0,0.0,Good
3372,3372,2025-12-04,170,0,0.0,Good
3373,3373,2025-12-04,129,7,5.43,Poor
3374,3374,2025-12-04,152,4,2.63,Good
3375,3375,2025-12-04,60,0,0.0,Good
3376,3376,2025-12-04,113,8,7.08,Poor
3377,3377,2025-12-04,73,3,4.11,Warning
3378,3378,2025-12-04,62,3,4.84,Warning
3379,3379,2025-12-04,56,1,1.79,Good
3380,3380,2025-12-04,86,3,3.49,Warning
3381,3381,2025-12-05,73,1,1.37,Good
3382,3382,2025-12-05,114,4,3.51,Warning
3383,3383,2025-12-05,99,3,3.03,Warning
3384,3384,2025-12-05,165,4,2.42,Good
3385,3385,2025-12-05,195,11,5.64,Poor
3386,3386,2025-12-05,157,8,5.1,Poor
3387,3387,2025-12-05,181,12,6.63,Poor
3388,3388,2025-12-05,195,13,6.67,Poor
3389,3389,2025-12-05,179,2,1.12,Good
3390,3390,2025-12-05,173,13,7.51,Poor
3391,3391,2025-12-06,107,4,3.74,Warning
3392,3392,2025-12-06,173,0,0.0,Good
3393,3393,2025-12-06,163,2,1.23,Good
3394,3394,2025-12-06,122,6,4.92,Warning
3395,3395,2025-12-06,96,5,5.21,Poor
3396,3396,2025-12-06,199,15,7.54,Poor
3397,3397,2025-12-06,199,13,6.53,Poor
3398,3398,2025-12-06,184,12,6.52,Poor
3399,3399,2025-12-06,157,2,1.27,Good
3400,3400,2025-12-06,65,2,3.08,Warning
3401,3401,2025-12-07,135,0,0.0,Good
3402,3402,2025-12-07,146,7,4.79,Warning
3403,3403,2025-12-07,85,4,4.71,Warning
3404,3404,2025-12-07,83,1,1.2,Good
3405,3405,2025-12-07,149,0,0.0,Good
3406,3406,2025-12-07,183,3,1.64,Good
3407,3407,2025-12-07,136,2,1.47,Good
3408,3408,2025-12-07,98,3,3.06,Warning
3409,3409,2025-12-07,70,4,5.71,Poor
3410,3410,2025-12-07,182,14,7.69,Poor
3411,3411,2025-12-08,157,2,1.27,Good
3412,3412,2025-12-08,172,11,6.4,Poor
3413,3413,2025-12-08,172,12,6.98,Poor
3414,3414,2025-12-08,57,1,1.75,Good
3415,3415,2025-12-08,192,15,7.81,Poor
3416,3416,2025-12-08,115,8,6.96,Poor
3417,3417,2025-12-08,199,5,2.51,Good
3418,3418,2025-12-08,187,11,5.88,Poor
3419,3419,2025-12-08,97,3,3.09,Warning
3420,3420,2025-12-08,76,6,7.89,Poor
3421,3421,2025-12-09,98,1,1.02,Good
3422,3422,2025-12-09,199,14,7.04,Poor
3423,3423,2025-12-09,195,3,1.54,Good
3424,3424,2025-12-09,85,1,1.18,Good
3425,3425,2025-12-09,65,3,4.62,Warning
3426,3426,2025-12-09,139,11,7.91,Poor
3427,3427,2025-12-09,138,3,2.17,Good
3428,3428,2025-12-09,100,5,5.0,Warning
3429,3429,2025-12-09,76,3,3.95,Warning
3430,3430,2025-12-09,126,9,7.14,Poor
3431,3431,2025-12-10,146,11,7.53,Poor
3432,3432,2025-12-10,125,6,4.8,Warning
3433,3433,2025-12-10,188,9,4.79,Warning
3434,3434,2025-12-10,160,7,4.38,Warning
3435,3435,2025-12-10,76,5,6.58,Poor
3436,3436,2025-12-10,122,7,5.74,Poor
3437,3437,2025-12-10,76,2,2.63,Good
3438,3438,2025-12-10,108,5,4.63,Warning
3439,3439,2025-12-10,73,5,6.85,Poor
3440,3440,2025-12-10,156,1,0.64,Good
3441,3441,2025-12-11,175,2,1.14,Good
3442,3442,2025-12-11,118,0,0.0,Good
3443,3443,2025-12-11,130,3,2.31,Good
3444,3444,2025-12-11,197,8,4.06,Warning
3445,3445,2025-12-11,167,7,4.19,Warning
3446,3446,2025-12-11,87,5,5.75,Poor
3447,3447,2025-12-11,99,1,1.01,Good
3448,3448,2025-12-11,107,3,2.8,Good
3449,3449,2025-12-11,101,6,5.94,Poor
3450,3450,2025-12-11,75,2,2.67,Good
3451,3451,2025-12-12,105,4,3.81,Warning
3452,3452,2025-12-12,131,6,4.58,Warning
3453,3453,2025-12-12,127,8,6.3,Poor
3454,3454,2025-12-12,148,7,4.73,Warning
3455,3455,2025-12-12,69,5,7.25,Poor
3456,3456,2025-12-12,73,2,2.74,Good
3457,3457,2025-12-12,98,5,5.1,Poor
3458,3458,2025-12-12,172,3,1.74,Good
3459,3459,2025-12-12,53,1,1.89,Good
3460,3460,2025-12-12,103,4,3.88,Warning
3461,3461,2025-12-13,66,3,4.55,Warning
3462,3462,2025-12-13,52,2,3.85,Warning
3463,3463,2025-12-13,148,2,1.35,Good
3464,3464,2025-12-13,199,1,0.5,Good
3465,3465,2025-12-13,173,0,0.0,Good
3466,3466,2025-12-13,137,0,0.0,Good
3467,3467,2025-12-13,69,2,2.9,Good
3468,3468,2025-12-13,85,3,3.53,Warning
3469,3469,2025-12-13,130,5,3.85,Warning
3470,3470,2025-12-13,93,6,6.45,Poor
3471,3471,2025-12-14,110,5,4.55,Warning
3472,3472,2025-12-14,116,0,0.0,Good
3473,3473,2025-12-14,135,7,5.19,Poor
3474,3474,2025-12-14,57,0,0.0,Good
3475,3475,2025-12-14,113,6,5.31,Poor
3476,3476,2025-12-14,113,2,1.77,Good
3477,3477,2025-12-14,116,9,7.76,Poor
3478,3478,2025-12-14,107,8,7.48,Poor
3479,3479,2025-12-14,119,5,4.2,Warning
3480,3480,2025-12-14,168,1,0.6,Good
3481,3481,2025-12-15,145,9,6.21,Poor
3482,3482,2025-12-15,158,12,7.59,Poor
3483,3483,2025-12-15,155,11,7.1,Poor
3484,3484,2025-12-15,195,2,1.03,Good
3485,3485,2025-12-15,124,9,7.26,Poor
3486,3486,2025-12-15,190,4,2.11,Good
3487,3487,2025-12-15,137,0,0.0,Good
3488,3488,2025-12-15,116,6,5.17,Poor
3489,3489,2025-12-15,70,3,4.29,Warning
3490,3490,2025-12-15,77,3,3.9,Warning
3491,3491,2025-12-16,69,1,1.45,Good
3492,3492,2025-12-16,96,7,7.29,Poor
3493,3493,2025-12-16,78,2,2.56,Good
3494,3494,2025-12-16,175,1,0.57,Good
3495,3495,2025-12-16,71,4,5.63,Poor
3496,3496,2025-12-16,131,6,4.58,Warning
3497,3497,2025-12-16,111,0,0.0,Good
3498,3498,2025-12-16,157,9,5.73,Poor
3499,3499,2025-12-16,62,3,4.84,Warning
3500,3500,2025-12-16,161,10,6.21,Poor
3501,3501,2025-12-17,71,1,1.41,Good
3502,3502,2025-12-17,74,1,1.35,Good
3503,3503,2025-12-17,79,6,7.59,Poor
3504,3504,2025-12-17,82,6,7.32,Poor
3505,3505,2025-12-17,198,14,7.07,Poor
3506,3506,2025-12-17,115,6,5.22,Poor
3507,3507,2025-12-17,147,8,5.44,Poor
3508,3508,2025-12-17,110,5,4.55,Warning
3509,3509,2025-12-17,76,5,6.58,Poor
3510,3510,2025-12-17,147,1,0.68,Good
3511,3511,2025-12-18,84,5,5.95,Poor
3512,3512,2025-12-18,98,4,4.08,Warning
3513,3513,2025-12-18,159,11,6.92,Poor
3514,3514,2025-12-18,79,0,0.0,Good
3515,3515,2025-12-18,197,4,2.03,Good
3516,3516,2025-12-18,150,3,2.0,Good
3517,3517,2025-12-18,102,3,2.94,Good
3518,3518,2025-12-18,59,4,6.78,Poor
3519,3519,2025-12-18,59,3,5.08,Poor
3520,3520,2025-12-18,138,8,5.8,Poor
3521,3521,2025-12-19,86,1,1.16,Good
3522,3522,2025-12-19,193,7,3.63,Warning
3523,3523,2025-12-19,51,0,0.0,Good
3524,3524,2025-12-19,197,8,4.06,Warning
3525,3525,2025-12-19,148,3,2.03,Good
3526,3526,2025-12-19,127,8,6.3,Poor
3527,3527,2025-12-19,70,4,5.71,Poor
3528,3528,2025-12-19,156,9,5.77,Poor
3529,3529,2025-12-19,141,5,3.55,Warning
3530,3530,2025-12-19,198,13,6.57,Poor
3531,3531,2025-12-20,72,3,4.17,Warning
3532,3532,2025-12-20,191,2,1.05,Good
3533,3533,2025-12-20,118,9,7.63,Poor
3534,3534,2025-12-20,60,4,6.67,Poor
3535,3535,2025-12-20,191,4,2.09,Good
3536,3536,2025-12-20,66,1,1.52,Good
3537,3537,2025-12-20,56,1,1.79,Good
3538,3538,2025-12-20,53,4,7.55,Poor
3539,3539,2025-12-20,94,7,7.45,Poor
3540,3540,2025-12-20,105,6,5.71,Poor
3541,3541,2025-12-21,101,6,5.94,Poor
3542,3542,2025-12-21,136,6,4.41,Warning
3543,3543,2025-12-21,170,10,5.88,Poor
3544,3544,2025-12-21,145,6,4.14,Warning
3545,3545,2025-12-21,200,12,6.0,Poor
3546,3546,2025-12-21,140,4,2.86,Good
3547,3547,2025-12-21,96,0,0.0,Good
3548,3548,2025-12-21,133,8,6.02,Poor
3549,3549,2025-12-21,89,2,2.25,Good
3550,3550,2025-12-21,165,10,6.06,Poor
3551,3551,2025-12-22,131,0,0.0,Good
3552,3552,2025-12-22,127,4,3.15,Warning
3553,3553,2025-12-22,157,5,3.18,Warning
3554,3554,2025-12-22,147,7,4.76,Warning
3555,3555,2025-12-22,58,0,0.0,Good
3556,3556,2025-12-22,156,12,7.69,Poor
3557,3557,2025-12-22,86,5,5.81,Poor
3558,3558,2025-12-22,191,11,5.76,Poor
3559,3559,2025-12-22,189,9,4.76,Warning
3560,3560,2025-12-22,68,3,4.41,Warning
3561,3561,2025-12-23,141,8,5.67,Poor
3562,3562,2025-12-23,126,9,7.14,Poor
3563,3563,2025-12-23,66,2,3.03,Warning
3564,3564,2025-12-23,124,1,0.81,Good
3565,3565,2025-12-23,147,8,5.44,Poor
3566,3566,2025-12-23,147,0,0.0,Good
3567,3567,2025-12-23,138,2,1.45,Good
3568,3568,2025-12-23,140,7,5.0,Warning
3569,3569,2025-12-23,106,4,3.77,Warning
3570,3570,2025-12-23,194,10,5.15,Poor
3571,3571,2025-12-24,53,1,1.89,Good
3572,3572,2025-12-24,60,4,6.67,Poor
3573,3573,2025-12-24,102,8,7.84,Poor
3574,3574,2025-12-24,86,2,2.33,Good
3575,3575,2025-12-24,118,9,7.63,Poor
3576,3576,2025-12-24,65,0,0.0,Good
3577,3577,2025-12-24,66,2,3.03,Warning
3578,3578,2025-12-24,115,2,1.74,Good
3579,3579,2025-12-24,91,1,1.1,Good
3580,3580,2025-12-24,193,9,4.66,Warning
3581,3581,2025-12-25,100,2,2.0,Good
3582,3582,2025-12-25,103,0,0.0,Good
3583,3583,2025-12-25,170,4,2.35,Good
3584,3584,2025-12-25,178,7,3.93,Warning
3585,3585,2025-12-25,123,5,4.07,Warning
3586,3586,2025-12-25,98,4,4.08,Warning
3587,3587,2025-12-25,51,0,0.0,Good
3588,3588,2025-12-25,64,5,7.81,Poor
3589,3589,2025-12-25,169,10,5.92,Poor
3590,3590,2025-12-25,124,9,7.26,Poor
3591,3591,2025-12-26,62,1,1.61,Good
3592,3592,2025-12-26,145,7,4.83,Warning
3593,3593,2025-12-26,98,5,5.1,Poor
3594,3594,2025-12-26,198,14,7.07,Poor
3595,3595,2025-12-26,91,0,0.0,Good
3596,3596,2025-12-26,127,6,4.72,Warning
3597,3597,2025-12-26,154,7,4.55,Warning
3598,3598,2025-12-26,125,6,4.8,Warning
3599,3599,2025-12-26,125,9,7.2,Poor
3600,3600,2025-12-26,113,2,1.77,Good
3601,3601,2025-12-27,141,1,0.71,Good
3602,3602,2025-12-27,146,4,2.74,Good
3603,3603,2025-12-27,180,7,3.89,Warning
3604,3604,2025-12-27,115,2,1.74,Good
3605,3605,2025-12-27,176,10,5.68,Poor
3606,3606,2025-12-27,57,0,0.0,Good
3607,3607,2025-12-27,181,9,4.97,Warning
3608,3608,2025-12-27,169,11,6.51,Poor
3609,3609,2025-12-27,90,3,3.33,Warning
3610,3610,2025-12-27,178,14,7.87,Poor
3611,3611,2025-12-28,134,8,5.97,Poor
3612,3612,2025-12-28,166,9,5.42,Poor
3613,3613,2025-12-28,181,0,0.0,Good
3614,3614,2025-12-28,152,6,3.95,Warning
3615,3615,2025-12-28,154,5,3.25,Warning
3616,3616,2025-12-28,131,2,1.53,Good
3617,3617,2025-12-28,117,8,6.84,Poor
3618,3618,2025-12-28,193,11,5.7,Poor
3619,3619,2025-12-28,107,0,0.0,Good
3620,3620,2025-12-28,113,4,3.54,Warning
3621,3621,2025-12-29,159,8,5.03,Poor
3622,3622,2025-12-29,159,11,6.92,Poor
3623,3623,2025-12-29,165,3,1.82,Good
3624,3624,2025-12-29,56,2,3.57,Warning
3625,3625,2025-12-29,63,5,7.94,Poor
3626,3626,2025-12-29,51,0,0.0,Good
3627,3627,2025-12-29,144,3,2.08,Good
3628,3628,2025-12-29,146,5,3.42,Warning
3629,3629,2025-12-29,161,7,4.35,Warning
3630,3630,2025-12-29,101,7,6.93,Poor
3631,3631,2025-12-30,97,2,2.06,Good
3632,3632,2025-12-30,155,8,5.16,Poor
3633,3633,2025-12-30,175,6,3.43,Warning
3634,3634,2025-12-30,68,5,7.35,Poor
3635,3635,2025-12-30,85,6,7.06,Poor
3636,3636,2025-12-30,181,12,6.63,Poor
3637,3637,2025-12-30,188,8,4.26,Warning
3638,3638,2025-12-30,119,1,0.84,Good
3639,3639,2025-12-30,129,2,1.55,Good
3640,3640,2025-12-30,144,3,2.08,Good
3641,3641,2025-12-31,109,6,5.5,Poor
3642,3642,2025-12-31,54,1,1.85,Good
3643,3643,2025-12-31,191,13,6.81,Poor
3644,3644,2025-12-31,55,4,7.27,Poor
3645,3645,2025-12-31,180,7,3.89,Warning
3646,3646,2025-12-31,172,5,2.91,Good
3647,3647,2025-12-31,176,8,4.55,Warning
3648,3648,2025-12-31,174,3,1.72,Good
3649,3649,2025-12-31,145,9,6.21,Poor
3650,3650,2025-12-31,119,4,3.36,Warning
